PID,O_sum,C_sum,D_sum,O_max,C_max,D_max,total_triplets,OOO,OOC,OOD,OCO,OCC,OCD,ODO,ODC,ODD,COO,COC,COD,CCO,CCC,CCD,CDO,CDC,CDD,DOO,DOC,DOD,DCO,DCC,DCD,DDO,DDC,DDD,LABEL
102395,4,0,0,4,0,0,2,2,0,0,0,0,0,0,0,0,0,0,0,0,0,0,0,0,0,0,0,0,0,0,0,0,0,0,1
102705,1,0,0,1,0,0,0,0,0,0,0,0,0,0,0,0,0,0,0,0,0,0,0,0,0,0,0,0,0,0,0,0,0,0,1
102862,16,0,10,16,0,10,24,9,0,3,0,0,0,2,0,2,0,0,0,0,0,0,0,0,0,2,0,1,0,0,0,1,0,4,1
20546,86,0,9,39,0,6,93,79,0,3,0,0,0,1,0,2,0,0,0,0,0,0,0,0,0,2,0,0,0,0,0,2,0,4,0
553,23,0,0,21,0,0,21,21,0,0,0,0,0,0,0,0,0,0,0,0,0,0,0,0,0,0,0,0,0,0,0,0,0,0,0
102583,17,0,10,17,0,10,25,9,0,3,0,0,0,2,0,2,0,0,0,0,0,0,0,0,0,2,0,1,0,0,0,2,0,4,1
103397,226,0,33,226,0,33,257,207,0,8,0,0,0,6,0,3,0,0,0,0,0,0,0,0,0,8,0,1,0,0,0,3,0,21,1
102710,16,0,10,16,0,10,24,9,0,3,0,0,0,2,0,2,0,0,0,0,0,0,0,0,0,2,0,1,0,0,0,1,0,4,1
102665,16,0,10,16,0,10,24,9,0,3,0,0,0,2,0,2,0,0,0,0,0,0,0,0,0,2,0,1,0,0,0,1,0,4,1
22165,17,0,10,11,0,6,25,10,0,3,0,0,0,2,0,2,0,0,0,0,0,0,0,0,0,2,0,1,0,0,0,1,0,4,0
102820,14,0,7,14,0,7,19,9,0,1,0,0,0,1,0,1,0,0,0,0,0,0,0,0,0,1,0,1,0,0,0,1,0,4,1
17410,9,0,0,7,0,0,7,7,0,0,0,0,0,0,0,0,0,0,0,0,0,0,0,0,0,0,0,0,0,0,0,0,0,0,0
24928,12,0,3,10,0,3,13,8,0,1,0,0,0,0,0,1,0,0,0,0,0,0,0,0,0,1,0,0,0,0,0,1,0,1,0
102509,17,0,10,17,0,10,25,10,0,3,0,0,0,2,0,2,0,0,0,0,0,0,0,0,0,2,0,1,0,0,0,1,0,4,1
103574,17,0,10,17,0,10,25,10,0,3,0,0,0,2,0,2,0,0,0,0,0,0,0,0,0,2,0,1,0,0,0,1,0,4,1
24238,19,0,0,19,0,0,17,17,0,0,0,0,0,0,0,0,0,0,0,0,0,0,0,0,0,0,0,0,0,0,0,0,0,0,0
13652,17,0,10,17,0,10,25,10,0,3,0,0,0,2,0,2,0,0,0,0,0,0,0,0,0,2,0,1,0,0,0,1,0,4,0
103930,43,0,24,43,0,24,65,37,0,3,0,0,0,1,0,2,0,0,0,0,0,0,0,0,0,2,0,0,0,0,0,1,0,19,1
102786,1,0,0,1,0,0,0,0,0,0,0,0,0,0,0,0,0,0,0,0,0,0,0,0,0,0,0,0,0,0,0,0,0,0,1
102357,16,0,10,16,0,10,24,9,0,3,0,0,0,2,0,2,0,0,0,0,0,0,0,0,0,2,0,1,0,0,0,1,0,4,1
103307,70,0,5,70,0,5,73,59,0,4,0,0,0,5,0,0,0,0,0,0,0,0,0,0,0,4,0,1,0,0,0,0,0,0,1
17014,18,0,18,16,0,16,34,16,0,1,0,0,0,0,0,1,0,0,0,0,0,0,0,0,0,0,0,0,0,0,0,0,0,16,0
102679,38,0,31,38,0,31,67,27,0,5,0,0,0,3,0,3,0,0,0,0,0,0,0,0,0,4,0,1,0,0,0,2,0,22,1
103197,16,0,10,16,0,10,24,9,0,3,0,0,0,2,0,2,0,0,0,0,0,0,0,0,0,2,0,1,0,0,0,1,0,4,1
103958,16,0,10,16,0,10,24,9,0,3,0,0,0,2,0,2,0,0,0,0,0,0,0,0,0,2,0,1,0,0,0,1,0,4,1
25324,4,0,22,3,0,20,24,1,0,1,0,0,0,0,0,2,0,0,0,0,0,0,0,0,0,1,0,0,0,0,0,1,0,18,0
20650,2,0,0,2,0,0,0,0,0,0,0,0,0,0,0,0,0,0,0,0,0,0,0,0,0,0,0,0,0,0,0,0,0,0,0
25350,16,0,10,10,0,6,24,9,0,3,0,0,0,2,0,2,0,0,0,0,0,0,0,0,0,2,0,1,0,0,0,1,0,4,0
102680,4,0,22,4,0,22,24,1,0,1,0,0,0,0,0,2,0,0,0,0,0,0,0,0,0,1,0,0,0,0,0,1,0,18,1
1187,1457,0,0,1457,0,0,1455,1455,0,0,0,0,0,0,0,0,0,0,0,0,0,0,0,0,0,0,0,0,0,0,0,0,0,0,0
103025,149,0,2,149,0,2,149,145,0,1,0,0,0,0,0,1,0,0,0,0,0,0,0,0,0,1,0,0,0,0,0,1,0,0,1
102870,334,0,0,334,0,0,332,332,0,0,0,0,0,0,0,0,0,0,0,0,0,0,0,0,0,0,0,0,0,0,0,0,0,0,1
17553,1,0,0,0,0,0,0,0,0,0,0,0,0,0,0,0,0,0,0,0,0,0,0,0,0,0,0,0,0,0,0,0,0,0,0
103755,2,0,0,2,0,0,0,0,0,0,0,0,0,0,0,0,0,0,0,0,0,0,0,0,0,0,0,0,0,0,0,0,0,0,1
103206,2,0,0,2,0,0,0,0,0,0,0,0,0,0,0,0,0,0,0,0,0,0,0,0,0,0,0,0,0,0,0,0,0,0,1
103839,2,0,3,2,0,3,3,0,0,1,0,0,0,0,0,1,0,0,0,0,0,0,0,0,0,0,0,0,0,0,0,0,0,1,1
102879,17,0,10,17,0,10,25,10,0,3,0,0,0,2,0,2,0,0,0,0,0,0,0,0,0,2,0,1,0,0,0,1,0,4,1
25352,17,0,10,11,0,6,25,10,0,3,0,0,0,2,0,2,0,0,0,0,0,0,0,0,0,2,0,1,0,0,0,1,0,4,0
102537,17,0,10,17,0,10,25,10,0,3,0,0,0,2,0,2,0,0,0,0,0,0,0,0,0,2,0,1,0,0,0,1,0,4,1
24563,29,0,9,11,0,6,36,20,0,3,0,0,0,3,0,1,0,0,0,0,0,0,0,0,0,3,0,1,0,0,0,1,0,4,0
22091,38,0,31,11,0,20,67,27,0,5,0,0,0,3,0,3,0,0,0,0,0,0,0,0,0,4,0,1,0,0,0,2,0,22,0
102906,21,0,23,21,0,23,42,15,0,3,0,0,0,1,0,2,0,0,0,0,0,0,0,0,0,2,0,0,0,0,0,1,0,18,1
25471,17,0,10,10,0,6,25,9,0,3,0,0,0,2,0,2,0,0,0,0,0,0,0,0,0,2,0,1,0,0,0,2,0,4,0
102971,5,0,3,5,0,3,6,3,0,1,0,0,0,0,0,1,0,0,0,0,0,0,0,0,0,0,0,0,0,0,0,0,0,1,1
103330,4,0,22,4,0,22,24,1,0,1,0,0,0,0,0,2,0,0,0,0,0,0,0,0,0,1,0,0,0,0,0,1,0,18,1
103975,222,0,25,222,0,25,245,216,0,2,0,0,0,0,0,2,0,0,0,0,0,0,0,0,0,2,0,0,0,0,0,2,0,21,1
102547,8,0,22,8,0,22,28,4,0,2,0,0,0,0,0,2,0,0,0,0,0,0,0,0,0,1,0,0,0,0,0,1,0,18,1
24233,273,0,0,273,0,0,271,271,0,0,0,0,0,0,0,0,0,0,0,0,0,0,0,0,0,0,0,0,0,0,0,0,0,0,0
22194,12,0,6,10,0,6,16,8,0,1,0,0,0,0,0,1,0,0,0,0,0,0,0,0,0,1,0,0,0,0,0,1,0,4,0
102731,17,0,10,17,0,10,25,10,0,3,0,0,0,2,0,2,0,0,0,0,0,0,0,0,0,2,0,1,0,0,0,1,0,4,1
102611,17,0,10,17,0,10,25,10,0,3,0,0,0,2,0,2,0,0,0,0,0,0,0,0,0,2,0,1,0,0,0,1,0,4,1
102453,16,0,10,16,0,10,24,9,0,3,0,0,0,2,0,2,0,0,0,0,0,0,0,0,0,2,0,1,0,0,0,1,0,4,1
24487,139,0,17,60,0,6,154,125,0,7,0,0,0,2,0,5,0,0,0,0,0,0,0,0,0,6,0,0,0,0,0,4,0,5,0
103272,17,0,10,17,0,10,25,10,0,3,0,0,0,2,0,2,0,0,0,0,0,0,0,0,0,2,0,1,0,0,0,1,0,4,1
25474,16,0,10,10,0,6,24,9,0,3,0,0,0,2,0,2,0,0,0,0,0,0,0,0,0,2,0,1,0,0,0,1,0,4,0
103946,17,0,10,17,0,10,25,10,0,3,0,0,0,2,0,2,0,0,0,0,0,0,0,0,0,2,0,1,0,0,0,1,0,4,1
17396,9,0,6,5,0,4,13,5,0,1,0,0,0,0,0,1,0,0,0,0,0,0,0,0,0,1,0,0,0,0,0,1,0,4,0
17316,20,0,7,15,0,4,25,15,0,1,0,0,0,1,0,1,0,0,0,0,0,0,0,0,0,1,0,1,0,0,0,1,0,4,0
102934,17,0,10,17,0,10,25,9,0,3,0,0,0,2,0,2,0,0,0,0,0,0,0,0,0,2,0,1,0,0,0,2,0,4,1
102944,4,0,24,4,0,24,26,1,0,1,0,0,0,0,0,2,0,0,0,0,0,0,0,0,0,1,0,0,0,0,0,1,0,20,1
25415,111,0,5,40,0,2,114,101,0,4,0,0,0,3,0,1,0,0,0,0,0,0,0,0,0,4,0,0,0,0,0,1,0,0,0
102450,17,0,10,17,0,10,25,10,0,3,0,0,0,2,0,2,0,0,0,0,0,0,0,0,0,2,0,1,0,0,0,1,0,4,1
102826,52,0,7,52,0,7,57,48,0,1,0,0,0,0,0,1,0,0,0,0,0,0,0,0,0,1,0,0,0,0,0,1,0,5,1
102406,17,0,10,17,0,10,25,10,0,3,0,0,0,2,0,2,0,0,0,0,0,0,0,0,0,2,0,1,0,0,0,1,0,4,1
20741,160,0,17,60,0,6,175,144,0,7,0,0,0,2,0,5,0,0,0,0,0,0,0,0,0,7,0,0,0,0,0,5,0,5,0
102966,38,0,31,38,0,31,67,27,0,5,0,0,0,3,0,3,0,0,0,0,0,0,0,0,0,4,0,1,0,0,0,2,0,22,1
24266,17,0,10,11,0,6,25,10,0,3,0,0,0,2,0,2,0,0,0,0,0,0,0,0,0,2,0,1,0,0,0,1,0,4,0
102424,3,0,3,3,0,3,4,0,0,1,0,0,0,0,0,1,0,0,0,0,0,0,0,0,0,0,0,0,0,0,0,1,0,1,1
102699,17,0,10,17,0,10,25,10,0,3,0,0,0,2,0,2,0,0,0,0,0,0,0,0,0,2,0,1,0,0,0,1,0,4,1
103211,16,0,10,16,0,10,24,9,0,3,0,0,0,2,0,2,0,0,0,0,0,0,0,0,0,2,0,1,0,0,0,1,0,4,1
102549,12,0,22,12,0,22,32,8,0,2,0,0,0,0,0,2,0,0,0,0,0,0,0,0,0,1,0,0,0,0,0,1,0,18,1
17618,66,0,7,61,0,4,71,61,0,1,0,0,0,1,0,1,0,0,0,0,0,0,0,0,0,1,0,1,0,0,0,1,0,4,0
20392,30,0,0,30,0,0,28,28,0,0,0,0,0,0,0,0,0,0,0,0,0,0,0,0,0,0,0,0,0,0,0,0,0,0,0
102839,4,0,22,4,0,22,24,1,0,1,0,0,0,0,0,2,0,0,0,0,0,0,0,0,0,1,0,0,0,0,0,1,0,18,1
102196,17,0,10,17,0,10,25,10,0,3,0,0,0,2,0,2,0,0,0,0,0,0,0,0,0,2,0,1,0,0,0,1,0,4,1
25427,608,0,0,608,0,0,606,606,0,0,0,0,0,0,0,0,0,0,0,0,0,0,0,0,0,0,0,0,0,0,0,0,0,0,0
24168,739,0,10,668,0,6,747,731,0,3,0,0,0,1,0,2,0,0,0,0,0,0,0,0,0,3,0,0,0,0,0,2,0,5,0
20622,17,0,10,10,0,6,25,9,0,3,0,0,0,2,0,2,0,0,0,0,0,0,0,0,0,2,0,1,0,0,0,2,0,4,0
103079,17,0,10,17,0,10,25,10,0,3,0,0,0,2,0,2,0,0,0,0,0,0,0,0,0,2,0,1,0,0,0,1,0,4,1
102766,17,0,10,17,0,10,25,10,0,3,0,0,0,2,0,2,0,0,0,0,0,0,0,0,0,2,0,1,0,0,0,1,0,4,1
17722,66,0,7,61,0,4,71,61,0,1,0,0,0,1,0,1,0,0,0,0,0,0,0,0,0,1,0,1,0,0,0,1,0,4,0
103287,40,0,33,40,0,33,71,29,0,5,0,0,0,3,0,3,0,0,0,0,0,0,0,0,0,4,0,1,0,0,0,2,0,24,1
103842,9,0,9,9,0,9,16,5,0,1,0,0,0,1,0,1,0,0,0,0,0,0,0,0,0,0,0,1,0,0,0,1,0,6,1
22131,12,0,3,10,0,3,13,8,0,1,0,0,0,0,0,1,0,0,0,0,0,0,0,0,0,1,0,0,0,0,0,1,0,1,0
102727,41,0,35,41,0,35,74,30,0,5,0,0,0,3,0,3,0,0,0,0,0,0,0,0,0,4,0,1,0,0,0,2,0,26,1
13756,17,0,10,17,0,10,25,10,0,3,0,0,0,2,0,2,0,0,0,0,0,0,0,0,0,2,0,1,0,0,0,1,0,4,0
22106,317,0,6,288,0,2,321,306,0,4,0,0,0,4,0,1,0,0,0,0,0,0,0,0,0,4,0,1,0,0,0,1,0,0,0
25112,17,0,10,11,0,6,25,10,0,3,0,0,0,2,0,2,0,0,0,0,0,0,0,0,0,2,0,1,0,0,0,1,0,4,0
102545,6,0,10,6,0,10,14,1,0,2,0,0,0,2,0,1,0,0,0,0,0,0,0,0,0,2,0,1,0,0,0,1,0,4,1
20753,3,0,3,2,0,3,4,0,0,1,0,0,0,0,0,1,0,0,0,0,0,0,0,0,0,0,0,0,0,0,0,1,0,1,0
102666,17,0,10,17,0,10,25,10,0,3,0,0,0,2,0,2,0,0,0,0,0,0,0,0,0,2,0,1,0,0,0,1,0,4,1
17381,19,0,7,14,0,4,24,14,0,1,0,0,0,1,0,1,0,0,0,0,0,0,0,0,0,1,0,1,0,0,0,1,0,4,0
103038,1,0,0,1,0,0,0,0,0,0,0,0,0,0,0,0,0,0,0,0,0,0,0,0,0,0,0,0,0,0,0,0,0,0,1
102621,0,0,1,0,0,1,0,0,0,0,0,0,0,0,0,0,0,0,0,0,0,0,0,0,0,0,0,0,0,0,0,0,0,0,1
102593,1,0,0,1,0,0,0,0,0,0,0,0,0,0,0,0,0,0,0,0,0,0,0,0,0,0,0,0,0,0,0,0,0,0,1
25103,3,0,3,2,0,3,4,0,0,1,0,0,0,0,0,1,0,0,0,0,0,0,0,0,0,0,0,0,0,0,0,1,0,1,0
22139,13,0,7,7,0,7,18,9,0,1,0,0,0,0,0,1,0,0,0,0,0,0,0,0,0,1,0,0,0,0,0,1,0,5,0
13995,976,0,17,976,0,17,991,968,0,2,0,0,0,2,0,2,0,0,0,0,0,0,0,0,0,2,0,2,0,0,0,2,0,11,0
102409,17,0,10,17,0,10,25,10,0,3,0,0,0,2,0,2,0,0,0,0,0,0,0,0,0,2,0,1,0,0,0,1,0,4,1
20611,3,0,3,2,0,3,4,0,0,1,0,0,0,0,0,1,0,0,0,0,0,0,0,0,0,0,0,0,0,0,0,1,0,1,0
103327,38,0,31,38,0,31,67,27,0,5,0,0,0,3,0,3,0,0,0,0,0,0,0,0,0,4,0,1,0,0,0,2,0,22,1
103021,17,0,10,17,0,10,25,10,0,3,0,0,0,2,0,2,0,0,0,0,0,0,0,0,0,2,0,1,0,0,0,1,0,4,1
102774,16,0,10,16,0,10,24,9,0,3,0,0,0,2,0,2,0,0,0,0,0,0,0,0,0,2,0,1,0,0,0,1,0,4,1
102500,17,0,10,17,0,10,25,10,0,3,0,0,0,2,0,2,0,0,0,0,0,0,0,0,0,2,0,1,0,0,0,1,0,4,1
102964,41,0,35,41,0,35,74,30,0,5,0,0,0,3,0,3,0,0,0,0,0,0,0,0,0,4,0,1,0,0,0,2,0,26,1
17590,1,0,0,0,0,0,0,0,0,0,0,0,0,0,0,0,0,0,0,0,0,0,0,0,0,0,0,0,0,0,0,0,0,0,0
24271,3,0,3,2,0,3,4,0,0,1,0,0,0,0,0,1,0,0,0,0,0,0,0,0,0,0,0,0,0,0,0,1,0,1,0
24420,38,0,6,33,0,6,42,34,0,1,0,0,0,0,0,1,0,0,0,0,0,0,0,0,0,1,0,0,0,0,0,1,0,4,0
20638,17,0,10,11,0,6,25,10,0,3,0,0,0,2,0,2,0,0,0,0,0,0,0,0,0,2,0,1,0,0,0,1,0,4,0
102919,17,0,10,17,0,10,25,10,0,3,0,0,0,1,0,2,0,0,0,0,0,0,0,0,0,2,0,1,0,0,0,2,0,4,1
102457,38,0,31,38,0,31,67,27,0,5,0,0,0,3,0,3,0,0,0,0,0,0,0,0,0,4,0,1,0,0,0,2,0,22,1
24535,12,0,6,11,0,6,16,9,0,1,0,0,0,0,0,1,0,0,0,0,0,0,0,0,0,0,0,0,0,0,0,1,0,4,0
102614,9,0,24,9,0,24,31,5,0,2,0,0,0,0,0,2,0,0,0,0,0,0,0,0,0,1,0,0,0,0,0,1,0,20,1
14021,5,0,3,5,0,3,6,3,0,1,0,0,0,0,0,1,0,0,0,0,0,0,0,0,0,0,0,0,0,0,0,0,0,1,0
103016,47,0,3,47,0,3,48,43,0,1,0,0,0,0,0,1,0,0,0,0,0,0,0,0,0,1,0,0,0,0,0,1,0,1,1
25492,17,0,10,10,0,6,25,9,0,3,0,0,0,2,0,2,0,0,0,0,0,0,0,0,0,2,0,1,0,0,0,2,0,4,0
13977,3,0,3,3,0,3,4,0,0,1,0,0,0,0,0,1,0,0,0,0,0,0,0,0,0,0,0,0,0,0,0,1,0,1,0
24984,17,0,10,11,0,6,25,10,0,3,0,0,0,2,0,2,0,0,0,0,0,0,0,0,0,2,0,1,0,0,0,1,0,4,0
102198,38,0,31,38,0,31,67,27,0,5,0,0,0,3,0,3,0,0,0,0,0,0,0,0,0,4,0,1,0,0,0,2,0,22,1
102757,17,0,10,17,0,10,25,10,0,3,0,0,0,2,0,2,0,0,0,0,0,0,0,0,0,2,0,1,0,0,0,1,0,4,1
550,66,0,0,66,0,0,64,64,0,0,0,0,0,0,0,0,0,0,0,0,0,0,0,0,0,0,0,0,0,0,0,0,0,0,0
103076,10,0,0,10,0,0,8,8,0,0,0,0,0,0,0,0,0,0,0,0,0,0,0,0,0,0,0,0,0,0,0,0,0,0,1
12096,81,0,0,81,0,0,79,79,0,0,0,0,0,0,0,0,0,0,0,0,0,0,0,0,0,0,0,0,0,0,0,0,0,0,0
103474,42,0,35,42,0,35,75,31,0,5,0,0,0,3,0,3,0,0,0,0,0,0,0,0,0,4,0,1,0,0,0,2,0,26,1
102543,40,0,33,40,0,33,71,29,0,5,0,0,0,3,0,3,0,0,0,0,0,0,0,0,0,4,0,1,0,0,0,2,0,24,1
102472,119,0,11,119,0,11,128,102,0,7,0,0,0,5,0,3,0,0,0,0,0,0,0,0,0,7,0,1,0,0,0,3,0,0,1
102770,35,0,31,35,0,31,64,24,0,5,0,0,0,3,0,3,0,0,0,0,0,0,0,0,0,4,0,1,0,0,0,2,0,22,1
25065,16,0,10,10,0,6,24,9,0,3,0,0,0,2,0,2,0,0,0,0,0,0,0,0,0,2,0,1,0,0,0,1,0,4,0
102741,17,0,10,17,0,10,25,9,0,3,0,0,0,2,0,2,0,0,0,0,0,0,0,0,0,2,0,1,0,0,0,2,0,4,1
102645,39,0,33,39,0,33,70,28,0,5,0,0,0,3,0,3,0,0,0,0,0,0,0,0,0,4,0,1,0,0,0,2,0,24,1
102710,38,0,31,38,0,31,67,27,0,5,0,0,0,3,0,3,0,0,0,0,0,0,0,0,0,4,0,1,0,0,0,2,0,22,1
102561,1,0,0,1,0,0,0,0,0,0,0,0,0,0,0,0,0,0,0,0,0,0,0,0,0,0,0,0,0,0,0,0,0,0,1
102132,38,0,31,38,0,31,67,27,0,5,0,0,0,3,0,3,0,0,0,0,0,0,0,0,0,4,0,1,0,0,0,2,0,22,1
103059,17,0,10,17,0,10,25,10,0,3,0,0,0,2,0,2,0,0,0,0,0,0,0,0,0,2,0,1,0,0,0,1,0,4,1
103248,17,0,10,17,0,10,25,10,0,3,0,0,0,2,0,2,0,0,0,0,0,0,0,0,0,2,0,1,0,0,0,1,0,4,1
22109,17,0,10,11,0,6,25,10,0,3,0,0,0,2,0,2,0,0,0,0,0,0,0,0,0,2,0,1,0,0,0,1,0,4,0
20792,17,0,10,11,0,6,25,10,0,3,0,0,0,2,0,2,0,0,0,0,0,0,0,0,0,2,0,1,0,0,0,1,0,4,0
25510,73,0,4,39,0,2,75,66,0,3,0,0,0,2,0,1,0,0,0,0,0,0,0,0,0,2,0,0,0,0,0,1,0,0,0
24184,122,0,16,44,0,7,136,103,0,7,0,0,0,9,0,1,0,0,0,0,0,0,0,0,0,7,0,3,0,0,0,1,0,5,0
22198,116,0,14,44,0,7,128,100,0,6,0,0,0,7,0,1,0,0,0,0,0,0,0,0,0,6,0,2,0,0,0,1,0,5,0
23460,2,0,0,2,0,0,0,0,0,0,0,0,0,0,0,0,0,0,0,0,0,0,0,0,0,0,0,0,0,0,0,0,0,0,0
17701,20,0,7,15,0,4,25,15,0,1,0,0,0,1,0,1,0,0,0,0,0,0,0,0,0,1,0,1,0,0,0,1,0,4,0
102673,26,0,4,26,0,4,28,17,0,3,0,0,0,4,0,0,0,0,0,0,0,0,0,0,0,3,0,1,0,0,0,0,0,0,1
103307,11,0,1,11,0,1,10,9,0,1,0,0,0,0,0,0,0,0,0,0,0,0,0,0,0,0,0,0,0,0,0,0,0,0,1
102643,36,0,21,36,0,21,55,27,0,4,0,0,0,3,0,2,0,0,0,0,0,0,0,0,0,3,0,1,0,0,0,1,0,14,1
102743,16,0,10,16,0,10,24,9,0,3,0,0,0,2,0,2,0,0,0,0,0,0,0,0,0,2,0,1,0,0,0,1,0,4,1
102242,16,0,10,16,0,10,24,9,0,3,0,0,0,2,0,2,0,0,0,0,0,0,0,0,0,2,0,1,0,0,0,1,0,4,1
102608,38,0,31,38,0,31,67,26,0,5,0,0,0,3,0,4,0,0,0,0,0,0,0,0,0,5,0,1,0,0,0,3,0,20,1
102859,40,0,33,40,0,33,71,29,0,5,0,0,0,3,0,3,0,0,0,0,0,0,0,0,0,4,0,1,0,0,0,2,0,24,1
17597,1,0,0,0,0,0,0,0,0,0,0,0,0,0,0,0,0,0,0,0,0,0,0,0,0,0,0,0,0,0,0,0,0,0,0
103193,38,0,31,38,0,31,67,27,0,5,0,0,0,3,0,3,0,0,0,0,0,0,0,0,0,4,0,1,0,0,0,2,0,22,1
102999,1,0,0,1,0,0,0,0,0,0,0,0,0,0,0,0,0,0,0,0,0,0,0,0,0,0,0,0,0,0,0,0,0,0,1
102685,38,0,31,38,0,31,67,27,0,5,0,0,0,3,0,3,0,0,0,0,0,0,0,0,0,4,0,1,0,0,0,2,0,22,1
24379,16,0,10,10,0,6,24,9,0,3,0,0,0,2,0,2,0,0,0,0,0,0,0,0,0,2,0,1,0,0,0,1,0,4,0
730,47,0,0,47,0,0,45,45,0,0,0,0,0,0,0,0,0,0,0,0,0,0,0,0,0,0,0,0,0,0,0,0,0,0,0
102954,1,0,0,1,0,0,0,0,0,0,0,0,0,0,0,0,0,0,0,0,0,0,0,0,0,0,0,0,0,0,0,0,0,0,1
103420,2,0,3,2,0,3,3,0,0,1,0,0,0,0,0,1,0,0,0,0,0,0,0,0,0,0,0,0,0,0,0,0,0,1,1
102590,17,0,10,17,0,10,25,10,0,3,0,0,0,2,0,2,0,0,0,0,0,0,0,0,0,2,0,1,0,0,0,1,0,4,1
24249,38,0,6,33,0,6,42,34,0,1,0,0,0,0,0,1,0,0,0,0,0,0,0,0,0,1,0,0,0,0,0,1,0,4,0
102923,1,0,0,1,0,0,0,0,0,0,0,0,0,0,0,0,0,0,0,0,0,0,0,0,0,0,0,0,0,0,0,0,0,0,1
102840,17,0,10,17,0,10,25,10,0,3,0,0,0,2,0,2,0,0,0,0,0,0,0,0,0,2,0,1,0,0,0,1,0,4,1
102368,9,0,5,9,0,5,12,3,0,3,0,0,0,2,0,1,0,0,0,0,0,0,0,0,0,2,0,0,0,0,0,0,0,1,1
102712,1,0,0,1,0,0,0,0,0,0,0,0,0,0,0,0,0,0,0,0,0,0,0,0,0,0,0,0,0,0,0,0,0,0,1
24480,160,0,17,60,0,6,175,144,0,7,0,0,0,2,0,5,0,0,0,0,0,0,0,0,0,7,0,0,0,0,0,5,0,5,0
103020,38,0,31,38,0,31,67,27,0,5,0,0,0,3,0,3,0,0,0,0,0,0,0,0,0,4,0,1,0,0,0,2,0,22,1
103595,16,0,10,16,0,10,24,9,0,3,0,0,0,2,0,2,0,0,0,0,0,0,0,0,0,2,0,1,0,0,0,1,0,4,1
25048,46,0,6,41,0,6,50,42,0,1,0,0,0,0,0,1,0,0,0,0,0,0,0,0,0,1,0,0,0,0,0,1,0,4,0
103062,1,0,0,1,0,0,0,0,0,0,0,0,0,0,0,0,0,0,0,0,0,0,0,0,0,0,0,0,0,0,0,0,0,0,1
17427,65,0,7,60,0,4,70,60,0,1,0,0,0,1,0,1,0,0,0,0,0,0,0,0,0,1,0,1,0,0,0,1,0,4,0
17737,13,0,7,9,0,4,18,9,0,1,0,0,0,1,0,1,0,0,0,0,0,0,0,0,0,0,0,1,0,0,0,1,0,4,0
25406,11,0,3,9,0,3,12,7,0,1,0,0,0,0,0,1,0,0,0,0,0,0,0,0,0,1,0,0,0,0,0,1,0,1,0
102823,13,0,7,13,0,7,18,8,0,1,0,0,0,1,0,1,0,0,0,0,0,0,0,0,0,1,0,1,0,0,0,1,0,4,1
102756,1,0,0,1,0,0,0,0,0,0,0,0,0,0,0,0,0,0,0,0,0,0,0,0,0,0,0,0,0,0,0,0,0,0,1
103282,17,0,10,17,0,10,25,10,0,3,0,0,0,2,0,2,0,0,0,0,0,0,0,0,0,2,0,1,0,0,0,1,0,4,1
102785,141,0,17,141,0,17,156,120,0,8,0,0,0,10,0,1,0,0,0,0,0,0,0,0,0,8,0,3,0,0,0,1,0,5,1
102847,38,0,31,38,0,31,67,27,0,5,0,0,0,3,0,3,0,0,0,0,0,0,0,0,0,4,0,1,0,0,0,2,0,22,1
102607,1,0,0,1,0,0,0,0,0,0,0,0,0,0,0,0,0,0,0,0,0,0,0,0,0,0,0,0,0,0,0,0,0,0,1
102916,16,0,10,16,0,10,24,9,0,3,0,0,0,2,0,2,0,0,0,0,0,0,0,0,0,2,0,1,0,0,0,1,0,4,1
102530,288,0,25,288,0,25,311,277,0,4,0,0,0,4,0,1,0,0,0,0,0,0,0,0,0,4,0,1,0,0,0,1,0,19,1
103039,17,0,10,17,0,10,25,9,0,3,0,0,0,2,0,2,0,0,0,0,0,0,0,0,0,2,0,1,0,0,0,2,0,4,1
24975,141,0,16,60,0,6,155,127,0,6,0,0,0,1,0,5,0,0,0,0,0,0,0,0,0,6,0,0,0,0,0,5,0,5,0
17523,10,0,0,8,0,0,8,8,0,0,0,0,0,0,0,0,0,0,0,0,0,0,0,0,0,0,0,0,0,0,0,0,0,0,0
102456,38,0,31,38,0,31,67,27,0,5,0,0,0,3,0,3,0,0,0,0,0,0,0,0,0,4,0,1,0,0,0,2,0,22,1
25351,38,0,31,11,0,20,67,27,0,5,0,0,0,3,0,3,0,0,0,0,0,0,0,0,0,4,0,1,0,0,0,2,0,22,0
25340,23,0,6,18,0,6,27,19,0,1,0,0,0,0,0,1,0,0,0,0,0,0,0,0,0,1,0,0,0,0,0,1,0,4,0
102531,16,0,10,16,0,10,24,9,0,3,0,0,0,2,0,2,0,0,0,0,0,0,0,0,0,2,0,1,0,0,0,1,0,4,1
102372,17,0,10,17,0,10,25,10,0,3,0,0,0,2,0,2,0,0,0,0,0,0,0,0,0,2,0,1,0,0,0,1,0,4,1
102727,152,0,0,152,0,0,150,150,0,0,0,0,0,0,0,0,0,0,0,0,0,0,0,0,0,0,0,0,0,0,0,0,0,0,1
103026,17,0,10,17,0,10,25,10,0,3,0,0,0,2,0,2,0,0,0,0,0,0,0,0,0,2,0,1,0,0,0,1,0,4,1
102129,37,0,31,37,0,31,66,26,0,5,0,0,0,3,0,3,0,0,0,0,0,0,0,0,0,4,0,1,0,0,0,2,0,22,1
103868,7,0,0,7,0,0,5,5,0,0,0,0,0,0,0,0,0,0,0,0,0,0,0,0,0,0,0,0,0,0,0,0,0,0,1
102469,17,0,10,17,0,10,25,10,0,3,0,0,0,2,0,2,0,0,0,0,0,0,0,0,0,2,0,1,0,0,0,1,0,4,1
103036,273,0,50,273,0,50,321,216,0,24,0,0,0,24,0,8,0,0,0,0,0,0,0,0,0,23,0,8,0,0,0,8,0,10,1
102996,17,0,10,17,0,10,25,10,0,3,0,0,0,2,0,2,0,0,0,0,0,0,0,0,0,2,0,1,0,0,0,1,0,4,1
102526,1,0,0,1,0,0,0,0,0,0,0,0,0,0,0,0,0,0,0,0,0,0,0,0,0,0,0,0,0,0,0,0,0,0,1
102777,4,0,0,4,0,0,2,2,0,0,0,0,0,0,0,0,0,0,0,0,0,0,0,0,0,0,0,0,0,0,0,0,0,0,1
102736,17,0,10,17,0,10,25,10,0,3,0,0,0,2,0,2,0,0,0,0,0,0,0,0,0,2,0,1,0,0,0,1,0,4,1
102155,1,0,0,1,0,0,0,0,0,0,0,0,0,0,0,0,0,0,0,0,0,0,0,0,0,0,0,0,0,0,0,0,0,0,1
102648,17,0,10,17,0,10,25,10,0,3,0,0,0,2,0,2,0,0,0,0,0,0,0,0,0,2,0,1,0,0,0,1,0,4,1
102751,1,0,0,1,0,0,0,0,0,0,0,0,0,0,0,0,0,0,0,0,0,0,0,0,0,0,0,0,0,0,0,0,0,0,1
20732,6,0,0,6,0,0,4,4,0,0,0,0,0,0,0,0,0,0,0,0,0,0,0,0,0,0,0,0,0,0,0,0,0,0,0
20581,260,0,27,231,0,23,285,249,0,4,0,0,0,4,0,1,0,0,0,0,0,0,0,0,0,4,0,1,0,0,0,1,0,21,0
102633,4,0,0,4,0,0,2,2,0,0,0,0,0,0,0,0,0,0,0,0,0,0,0,0,0,0,0,0,0,0,0,0,0,0,1
102679,1,0,0,1,0,0,0,0,0,0,0,0,0,0,0,0,0,0,0,0,0,0,0,0,0,0,0,0,0,0,0,0,0,0,1
20637,17,0,10,11,0,6,25,10,0,3,0,0,0,2,0,2,0,0,0,0,0,0,0,0,0,2,0,1,0,0,0,1,0,4,0
1587,559,0,0,559,0,0,557,557,0,0,0,0,0,0,0,0,0,0,0,0,0,0,0,0,0,0,0,0,0,0,0,0,0,0,0
102442,17,0,10,17,0,10,25,10,0,3,0,0,0,2,0,2,0,0,0,0,0,0,0,0,0,2,0,1,0,0,0,1,0,4,1
20580,297,0,24,289,0,23,319,293,0,1,0,0,0,0,0,1,0,0,0,0,0,0,0,0,0,2,0,0,0,0,0,1,0,21,0
25368,38,0,6,33,0,6,42,34,0,1,0,0,0,0,0,1,0,0,0,0,0,0,0,0,0,1,0,0,0,0,0,1,0,4,0
102491,4,0,22,4,0,22,24,1,0,1,0,0,0,0,0,2,0,0,0,0,0,0,0,0,0,1,0,0,0,0,0,1,0,18,1
550,72,0,0,72,0,0,70,70,0,0,0,0,0,0,0,0,0,0,0,0,0,0,0,0,0,0,0,0,0,0,0,0,0,0,0
22055,17,0,10,11,0,6,25,10,0,3,0,0,0,2,0,2,0,0,0,0,0,0,0,0,0,2,0,1,0,0,0,1,0,4,0
17083,20,0,6,16,0,4,24,16,0,1,0,0,0,0,0,1,0,0,0,0,0,0,0,0,0,1,0,0,0,0,0,1,0,4,0
22105,129,0,12,44,0,7,139,117,0,4,0,0,0,5,0,1,0,0,0,0,0,0,0,0,0,4,0,2,0,0,0,1,0,5,0
20584,10,0,5,4,0,3,13,3,0,3,0,0,0,2,0,1,0,0,0,0,0,0,0,0,0,2,0,0,0,0,0,1,0,1,0
17662,6,0,3,2,0,1,7,2,0,1,0,0,0,0,0,1,0,0,0,0,0,0,0,0,0,1,0,0,0,0,0,1,0,1,0
103241,16,0,10,16,0,10,24,9,0,3,0,0,0,2,0,2,0,0,0,0,0,0,0,0,0,2,0,1,0,0,0,1,0,4,1
103198,17,0,10,17,0,10,25,10,0,3,0,0,0,2,0,2,0,0,0,0,0,0,0,0,0,2,0,1,0,0,0,1,0,4,1
25045,11,0,3,9,0,3,12,7,0,1,0,0,0,0,0,1,0,0,0,0,0,0,0,0,0,1,0,0,0,0,0,1,0,1,0
102545,11,0,1,11,0,1,10,8,0,1,0,0,0,1,0,0,0,0,0,0,0,0,0,0,0,0,0,0,0,0,0,0,0,0,1
102807,1,0,0,1,0,0,0,0,0,0,0,0,0,0,0,0,0,0,0,0,0,0,0,0,0,0,0,0,0,0,0,0,0,0,1
102698,17,0,10,17,0,10,25,10,0,3,0,0,0,2,0,2,0,0,0,0,0,0,0,0,0,2,0,1,0,0,0,1,0,4,1
102371,1,0,0,1,0,0,0,0,0,0,0,0,0,0,0,0,0,0,0,0,0,0,0,0,0,0,0,0,0,0,0,0,0,0,1
102669,17,0,10,17,0,10,25,10,0,3,0,0,0,2,0,2,0,0,0,0,0,0,0,0,0,2,0,1,0,0,0,1,0,4,1
103136,16,0,10,16,0,10,24,9,0,3,0,0,0,2,0,2,0,0,0,0,0,0,0,0,0,2,0,1,0,0,0,1,0,4,1
24548,160,0,17,60,0,6,175,144,0,7,0,0,0,2,0,5,0,0,0,0,0,0,0,0,0,7,0,0,0,0,0,5,0,5,0
102597,1,0,0,1,0,0,0,0,0,0,0,0,0,0,0,0,0,0,0,0,0,0,0,0,0,0,0,0,0,0,0,0,0,0,1
102939,23,0,32,23,0,32,53,14,0,4,0,0,0,2,0,3,0,0,0,0,0,0,0,0,0,3,0,1,0,0,0,2,0,24,1
102627,17,0,10,17,0,10,25,10,0,3,0,0,0,2,0,2,0,0,0,0,0,0,0,0,0,2,0,1,0,0,0,1,0,4,1
103242,1,0,0,1,0,0,0,0,0,0,0,0,0,0,0,0,0,0,0,0,0,0,0,0,0,0,0,0,0,0,0,0,0,0,1
102692,17,0,10,17,0,10,25,10,0,3,0,0,0,2,0,2,0,0,0,0,0,0,0,0,0,2,0,1,0,0,0,1,0,4,1
17016,22,0,10,15,0,6,30,15,0,2,0,0,0,2,0,1,0,0,0,0,0,0,0,0,0,2,0,1,0,0,0,1,0,6,0
25464,36,0,6,34,0,6,40,32,0,1,0,0,0,0,0,1,0,0,0,0,0,0,0,0,0,1,0,0,0,0,0,1,0,4,0
102959,17,0,10,17,0,10,25,10,0,3,0,0,0,2,0,2,0,0,0,0,0,0,0,0,0,2,0,1,0,0,0,1,0,4,1
102505,213,0,39,213,0,39,250,172,0,17,0,0,0,15,0,7,0,0,0,0,0,0,0,0,0,17,0,5,0,0,0,7,0,10,1
102741,17,0,10,17,0,10,25,10,0,3,0,0,0,2,0,2,0,0,0,0,0,0,0,0,0,2,0,1,0,0,0,1,0,4,1
102740,16,0,10,16,0,10,24,9,0,3,0,0,0,2,0,2,0,0,0,0,0,0,0,0,0,2,0,1,0,0,0,1,0,4,1
20706,3,0,2,3,0,2,3,1,0,1,0,0,0,0,0,1,0,0,0,0,0,0,0,0,0,0,0,0,0,0,0,0,0,0,0
102870,17,0,10,17,0,10,25,10,0,3,0,0,0,2,0,2,0,0,0,0,0,0,0,0,0,2,0,1,0,0,0,1,0,4,1
102596,17,0,10,17,0,10,25,10,0,3,0,0,0,2,0,2,0,0,0,0,0,0,0,0,0,2,0,1,0,0,0,1,0,4,1
24503,10,0,5,4,0,3,13,3,0,3,0,0,0,2,0,1,0,0,0,0,0,0,0,0,0,2,0,0,0,0,0,1,0,1,0
22103,38,0,6,33,0,6,42,34,0,1,0,0,0,0,0,1,0,0,0,0,0,0,0,0,0,1,0,0,0,0,0,1,0,4,0
17131,30,0,2,27,0,1,30,27,0,0,0,0,0,0,0,1,0,0,0,0,0,0,0,0,0,1,0,0,0,0,0,1,0,0,0
102773,17,0,10,17,0,10,25,10,0,3,0,0,0,2,0,2,0,0,0,0,0,0,0,0,0,2,0,1,0,0,0,1,0,4,1
24449,6,0,0,6,0,0,4,4,0,0,0,0,0,0,0,0,0,0,0,0,0,0,0,0,0,0,0,0,0,0,0,0,0,0,0
17652,61,0,7,56,0,4,66,56,0,1,0,0,0,1,0,1,0,0,0,0,0,0,0,0,0,1,0,1,0,0,0,1,0,4,0
17616,54,0,0,52,0,0,52,52,0,0,0,0,0,0,0,0,0,0,0,0,0,0,0,0,0,0,0,0,0,0,0,0,0,0,0
102800,42,0,35,42,0,35,75,31,0,5,0,0,0,3,0,3,0,0,0,0,0,0,0,0,0,4,0,1,0,0,0,2,0,26,1
102407,170,0,23,170,0,23,191,165,0,2,0,0,0,0,0,2,0,0,0,0,0,0,0,0,0,1,0,0,0,0,0,2,0,19,1
13990,1,0,0,1,0,0,0,0,0,0,0,0,0,0,0,0,0,0,0,0,0,0,0,0,0,0,0,0,0,0,0,0,0,0,0
102675,11,0,26,11,0,26,35,7,0,2,0,0,0,0,0,2,0,0,0,0,0,0,0,0,0,1,0,0,0,0,0,1,0,22,1
102822,17,0,10,17,0,10,25,10,0,3,0,0,0,2,0,2,0,0,0,0,0,0,0,0,0,2,0,1,0,0,0,1,0,4,1
102807,5,0,3,5,0,3,6,3,0,1,0,0,0,0,0,1,0,0,0,0,0,0,0,0,0,0,0,0,0,0,0,0,0,1,1
13692,22,0,10,22,0,10,30,15,0,2,0,0,0,2,0,1,0,0,0,0,0,0,0,0,0,2,0,1,0,0,0,1,0,6,0
103547,17,0,10,17,0,10,25,10,0,3,0,0,0,2,0,2,0,0,0,0,0,0,0,0,0,2,0,1,0,0,0,1,0,4,1
17080,10,0,0,8,0,0,8,8,0,0,0,0,0,0,0,0,0,0,0,0,0,0,0,0,0,0,0,0,0,0,0,0,0,0,0
103691,12,0,0,12,0,0,10,10,0,0,0,0,0,0,0,0,0,0,0,0,0,0,0,0,0,0,0,0,0,0,0,0,0,0,1
17241,29,0,0,27,0,0,27,27,0,0,0,0,0,0,0,0,0,0,0,0,0,0,0,0,0,0,0,0,0,0,0,0,0,0,0
102674,4,0,2,4,0,2,4,1,0,1,0,0,0,0,0,1,0,0,0,0,0,0,0,0,0,0,0,0,0,0,0,1,0,0,1
20634,17,0,10,11,0,6,25,10,0,3,0,0,0,2,0,2,0,0,0,0,0,0,0,0,0,2,0,1,0,0,0,1,0,4,0
102931,22,0,30,22,0,30,50,12,0,4,0,0,0,2,0,3,0,0,0,0,0,0,0,0,0,3,0,1,0,0,0,3,0,22,1
102838,1,0,0,1,0,0,0,0,0,0,0,0,0,0,0,0,0,0,0,0,0,0,0,0,0,0,0,0,0,0,0,0,0,0,1
17554,20,0,7,15,0,4,25,15,0,1,0,0,0,1,0,1,0,0,0,0,0,0,0,0,0,1,0,1,0,0,0,1,0,4,0
102747,14,0,10,14,0,10,22,6,0,3,0,0,0,2,0,2,0,0,0,0,0,0,0,0,0,2,0,1,0,0,0,2,0,4,1
102765,10,0,4,10,0,4,12,8,0,1,0,0,0,0,0,1,0,0,0,0,0,0,0,0,0,0,0,0,0,0,0,0,0,2,1
25087,1,0,0,1,0,0,0,0,0,0,0,0,0,0,0,0,0,0,0,0,0,0,0,0,0,0,0,0,0,0,0,0,0,0,0
102348,17,0,10,17,0,10,25,10,0,3,0,0,0,2,0,2,0,0,0,0,0,0,0,0,0,2,0,1,0,0,0,1,0,4,1
17637,5,0,1,2,0,0,4,2,0,1,0,0,0,1,0,0,0,0,0,0,0,0,0,0,0,0,0,0,0,0,0,0,0,0,0
22117,38,0,6,33,0,6,42,34,0,1,0,0,0,0,0,1,0,0,0,0,0,0,0,0,0,1,0,0,0,0,0,1,0,4,0
25117,83,0,7,39,0,3,88,73,0,4,0,0,0,2,0,2,0,0,0,0,0,0,0,0,0,4,0,0,0,0,0,2,0,1,0
102930,6,0,2,6,0,2,6,2,0,2,0,0,0,1,0,0,0,0,0,0,0,0,0,0,0,1,0,0,0,0,0,0,0,0,1
102693,16,0,10,16,0,10,24,9,0,3,0,0,0,2,0,2,0,0,0,0,0,0,0,0,0,2,0,1,0,0,0,1,0,4,1
102635,356,0,27,356,0,27,381,343,0,5,0,0,0,4,0,2,0,0,0,0,0,0,0,0,0,5,0,1,0,0,0,2,0,19,1
13688,21,0,19,21,0,19,38,17,0,1,0,0,0,0,0,1,0,0,0,0,0,0,0,0,0,1,0,0,0,0,0,1,0,17,0
103103,17,0,9,17,0,9,24,10,0,3,0,0,0,2,0,1,0,0,0,0,0,0,0,0,0,2,0,1,0,0,0,1,0,4,1
102750,2,0,0,2,0,0,0,0,0,0,0,0,0,0,0,0,0,0,0,0,0,0,0,0,0,0,0,0,0,0,0,0,0,0,1
17529,20,0,7,15,0,4,25,15,0,1,0,0,0,1,0,1,0,0,0,0,0,0,0,0,0,1,0,1,0,0,0,1,0,4,0
102920,278,0,46,278,0,46,322,220,0,24,0,0,0,24,0,8,0,0,0,0,0,0,0,0,0,24,0,8,0,0,0,8,0,6,1
20725,6,0,0,6,0,0,4,4,0,0,0,0,0,0,0,0,0,0,0,0,0,0,0,0,0,0,0,0,0,0,0,0,0,0,0
103077,40,0,25,40,0,25,63,29,0,4,0,0,0,3,0,2,0,0,0,0,0,0,0,0,0,4,0,1,0,0,0,2,0,18,1
17580,5,0,3,1,0,1,6,1,0,1,0,0,0,0,0,1,0,0,0,0,0,0,0,0,0,1,0,0,0,0,0,1,0,1,0
13965,4,0,1,4,0,1,3,0,0,1,0,0,0,1,0,0,0,0,0,0,0,0,0,0,0,1,0,0,0,0,0,0,0,0,0
25327,5,0,0,5,0,0,3,3,0,0,0,0,0,0,0,0,0,0,0,0,0,0,0,0,0,0,0,0,0,0,0,0,0,0,0
102663,3,0,0,3,0,0,1,1,0,0,0,0,0,0,0,0,0,0,0,0,0,0,0,0,0,0,0,0,0,0,0,0,0,0,1
102941,14,0,8,14,0,8,20,9,0,2,0,0,0,1,0,1,0,0,0,0,0,0,0,0,0,1,0,1,0,0,0,1,0,4,1
25083,86,0,7,40,0,3,91,78,0,4,0,0,0,1,0,2,0,0,0,0,0,0,0,0,0,3,0,0,0,0,0,2,0,1,0
17443,712,0,3,708,0,1,713,708,0,1,0,0,0,0,0,1,0,0,0,0,0,0,0,0,0,1,0,0,0,0,0,1,0,1,0
102640,17,0,10,17,0,10,25,10,0,3,0,0,0,2,0,2,0,0,0,0,0,0,0,0,0,2,0,1,0,0,0,1,0,4,1
102542,17,0,10,17,0,10,25,10,0,3,0,0,0,2,0,2,0,0,0,0,0,0,0,0,0,2,0,1,0,0,0,1,0,4,1
24422,17,0,10,11,0,6,25,10,0,3,0,0,0,2,0,2,0,0,0,0,0,0,0,0,0,2,0,1,0,0,0,1,0,4,0
103044,17,0,10,17,0,10,25,10,0,3,0,0,0,2,0,2,0,0,0,0,0,0,0,0,0,2,0,1,0,0,0,1,0,4,1
102589,16,0,10,16,0,10,24,9,0,3,0,0,0,2,0,2,0,0,0,0,0,0,0,0,0,2,0,1,0,0,0,1,0,4,1
102826,24,0,23,24,0,23,45,18,0,3,0,0,0,1,0,2,0,0,0,0,0,0,0,0,0,2,0,0,0,0,0,1,0,18,1
102543,1,0,0,1,0,0,0,0,0,0,0,0,0,0,0,0,0,0,0,0,0,0,0,0,0,0,0,0,0,0,0,0,0,0,1
22062,10,0,3,8,0,3,11,6,0,1,0,0,0,0,0,1,0,0,0,0,0,0,0,0,0,1,0,0,0,0,0,1,0,1,0
102179,17,0,10,17,0,10,25,10,0,3,0,0,0,2,0,2,0,0,0,0,0,0,0,0,0,2,0,1,0,0,0,1,0,4,1
102122,16,0,10,16,0,10,24,9,0,3,0,0,0,2,0,2,0,0,0,0,0,0,0,0,0,2,0,1,0,0,0,1,0,4,1
22115,16,0,10,10,0,6,24,9,0,3,0,0,0,2,0,2,0,0,0,0,0,0,0,0,0,2,0,1,0,0,0,1,0,4,0
102606,4,0,3,4,0,3,5,1,0,1,0,0,0,1,0,1,0,0,0,0,0,0,0,0,0,1,0,0,0,0,0,0,0,0,1
102710,17,0,10,17,0,10,25,10,0,3,0,0,0,2,0,2,0,0,0,0,0,0,0,0,0,2,0,1,0,0,0,1,0,4,1
24518,38,0,6,33,0,6,42,34,0,1,0,0,0,0,0,1,0,0,0,0,0,0,0,0,0,1,0,0,0,0,0,1,0,4,0
103002,19852,101,3,19852,101,3,19954,19846,1,1,0,1,0,0,0,1,1,0,0,1,99,0,0,0,0,1,0,0,0,0,0,1,0,1,1
102372,1,0,0,1,0,0,0,0,0,0,0,0,0,0,0,0,0,0,0,0,0,0,0,0,0,0,0,0,0,0,0,0,0,0,1
25072,38,0,6,33,0,6,42,34,0,1,0,0,0,0,0,1,0,0,0,0,0,0,0,0,0,1,0,0,0,0,0,1,0,4,0
25044,38,0,31,11,0,20,67,27,0,5,0,0,0,3,0,3,0,0,0,0,0,0,0,0,0,4,0,1,0,0,0,2,0,22,0
103468,1,0,0,1,0,0,0,0,0,0,0,0,0,0,0,0,0,0,0,0,0,0,0,0,0,0,0,0,0,0,0,0,0,0,1
103396,100,0,54,100,0,54,152,80,0,8,0,0,0,5,0,7,0,0,0,0,0,0,0,0,0,8,0,4,0,0,0,7,0,33,1
102617,17,0,10,17,0,10,25,10,0,3,0,0,0,2,0,2,0,0,0,0,0,0,0,0,0,2,0,1,0,0,0,1,0,4,1
24457,5,0,24,3,0,22,27,1,0,2,0,0,0,0,0,2,0,0,0,0,0,0,0,0,0,1,0,0,0,0,0,1,0,20,0
20636,11,0,2,10,0,2,11,8,0,1,0,0,0,0,0,1,0,0,0,0,0,0,0,0,0,0,0,0,0,0,0,1,0,0,0
102897,17,0,10,17,0,10,25,10,0,3,0,0,0,2,0,2,0,0,0,0,0,0,0,0,0,2,0,1,0,0,0,1,0,4,1
102655,38,0,31,38,0,31,67,27,0,5,0,0,0,3,0,3,0,0,0,0,0,0,0,0,0,4,0,1,0,0,0,2,0,22,1
103006,17,0,10,17,0,10,25,10,0,3,0,0,0,2,0,2,0,0,0,0,0,0,0,0,0,2,0,1,0,0,0,1,0,4,1
24989,12,0,3,10,0,3,13,8,0,1,0,0,0,0,0,1,0,0,0,0,0,0,0,0,0,1,0,0,0,0,0,1,0,1,0
102782,17,0,10,17,0,10,25,10,0,3,0,0,0,2,0,2,0,0,0,0,0,0,0,0,0,2,0,1,0,0,0,1,0,4,1
1187,3877,0,0,3875,0,0,3875,3875,0,0,0,0,0,0,0,0,0,0,0,0,0,0,0,0,0,0,0,0,0,0,0,0,0,0,0
103251,38,0,31,38,0,31,67,27,0,5,0,0,0,3,0,3,0,0,0,0,0,0,0,0,0,4,0,1,0,0,0,2,0,22,1
102839,1,0,0,1,0,0,0,0,0,0,0,0,0,0,0,0,0,0,0,0,0,0,0,0,0,0,0,0,0,0,0,0,0,0,1
24254,16,0,10,10,0,6,24,9,0,3,0,0,0,2,0,2,0,0,0,0,0,0,0,0,0,2,0,1,0,0,0,1,0,4,0
103573,1,0,0,1,0,0,0,0,0,0,0,0,0,0,0,0,0,0,0,0,0,0,0,0,0,0,0,0,0,0,0,0,0,0,1
25359,17,0,10,11,0,6,25,10,0,3,0,0,0,2,0,2,0,0,0,0,0,0,0,0,0,2,0,1,0,0,0,1,0,4,0
102506,263,0,27,263,0,27,288,251,0,4,0,0,0,4,0,2,0,0,0,0,0,0,0,0,0,4,0,2,0,0,0,2,0,19,1
22124,17,0,10,11,0,6,25,10,0,3,0,0,0,2,0,2,0,0,0,0,0,0,0,0,0,2,0,1,0,0,0,1,0,4,0
13978,10,0,3,10,0,3,11,6,0,1,0,0,0,0,0,1,0,0,0,0,0,0,0,0,0,1,0,0,0,0,0,1,0,1,0
102694,17,0,10,17,0,10,25,10,0,3,0,0,0,2,0,2,0,0,0,0,0,0,0,0,0,2,0,1,0,0,0,1,0,4,1
102575,1,0,0,1,0,0,0,0,0,0,0,0,0,0,0,0,0,0,0,0,0,0,0,0,0,0,0,0,0,0,0,0,0,0,1
102837,17,0,10,17,0,10,25,10,0,3,0,0,0,2,0,2,0,0,0,0,0,0,0,0,0,2,0,1,0,0,0,1,0,4,1
24283,1,0,0,1,0,0,0,0,0,0,0,0,0,0,0,0,0,0,0,0,0,0,0,0,0,0,0,0,0,0,0,0,0,0,0
102272,281,0,27,281,0,27,306,271,0,3,0,0,0,4,0,1,0,0,0,0,0,0,0,0,0,4,0,1,0,0,0,1,0,21,1
22114,16,0,10,10,0,6,24,9,0,3,0,0,0,2,0,2,0,0,0,0,0,0,0,0,0,2,0,1,0,0,0,1,0,4,0
102806,17,0,10,17,0,10,25,10,0,3,0,0,0,2,0,2,0,0,0,0,0,0,0,0,0,2,0,1,0,0,0,1,0,4,1
22066,1,0,0,1,0,0,0,0,0,0,0,0,0,0,0,0,0,0,0,0,0,0,0,0,0,0,0,0,0,0,0,0,0,0,0
102127,11,0,0,11,0,0,9,9,0,0,0,0,0,0,0,0,0,0,0,0,0,0,0,0,0,0,0,0,0,0,0,0,0,0,1
103192,4,0,26,4,0,26,28,1,0,1,0,0,0,0,0,2,0,0,0,0,0,0,0,0,0,1,0,0,0,0,0,1,0,22,1
102595,16,0,10,16,0,10,24,9,0,3,0,0,0,2,0,2,0,0,0,0,0,0,0,0,0,2,0,1,0,0,0,1,0,4,1
102570,38,0,31,38,0,31,67,27,0,5,0,0,0,3,0,3,0,0,0,0,0,0,0,0,0,4,0,1,0,0,0,2,0,22,1
13958,1,0,0,1,0,0,0,0,0,0,0,0,0,0,0,0,0,0,0,0,0,0,0,0,0,0,0,0,0,0,0,0,0,0,0
20572,5,0,3,4,0,3,6,2,0,1,0,0,0,0,0,1,0,0,0,0,0,0,0,0,0,0,0,0,0,0,0,1,0,1,0
102637,17,0,10,17,0,10,25,10,0,3,0,0,0,2,0,2,0,0,0,0,0,0,0,0,0,2,0,1,0,0,0,1,0,4,1
25520,95,0,12,44,0,7,105,85,0,4,0,0,0,4,0,1,0,0,0,0,0,0,0,0,0,3,0,2,0,0,0,1,0,5,0
102470,40,0,33,40,0,33,71,29,0,5,0,0,0,3,0,3,0,0,0,0,0,0,0,0,0,4,0,1,0,0,0,2,0,24,1
102907,16,0,10,16,0,10,24,9,0,3,0,0,0,2,0,2,0,0,0,0,0,0,0,0,0,2,0,1,0,0,0,1,0,4,1
103575,37,0,31,37,0,31,66,26,0,5,0,0,0,3,0,3,0,0,0,0,0,0,0,0,0,4,0,1,0,0,0,2,0,22,1
102355,6,0,3,6,0,3,7,2,0,2,0,0,0,1,0,1,0,0,0,0,0,0,0,0,0,1,0,0,0,0,0,0,0,0,1
102351,13,0,3,13,0,3,14,8,0,1,0,0,0,1,0,1,0,0,0,0,0,0,0,0,0,1,0,1,0,0,0,1,0,0,1
20541,37,0,31,11,0,20,66,26,0,5,0,0,0,3,0,3,0,0,0,0,0,0,0,0,0,4,0,1,0,0,0,2,0,22,0
103069,21,0,7,21,0,7,26,17,0,1,0,0,0,0,0,1,0,0,0,0,0,0,0,0,0,1,0,0,0,0,0,1,0,5,1
103101,17,0,10,17,0,10,25,10,0,3,0,0,0,2,0,2,0,0,0,0,0,0,0,0,0,2,0,1,0,0,0,1,0,4,1
20751,148,0,11,58,0,3,157,135,0,6,0,0,0,2,0,4,0,0,0,0,0,0,0,0,0,5,0,0,0,0,0,4,0,1,0
103557,15,0,1,15,0,1,14,11,0,1,0,0,0,1,0,0,0,0,0,0,0,0,0,0,0,1,0,0,0,0,0,0,0,0,1
17216,10,0,1,8,0,0,9,8,0,1,0,0,0,0,0,0,0,0,0,0,0,0,0,0,0,0,0,0,0,0,0,0,0,0,0
25401,38,0,6,33,0,6,42,34,0,1,0,0,0,0,0,1,0,0,0,0,0,0,0,0,0,1,0,0,0,0,0,1,0,4,0
24335,17,0,10,11,0,6,25,10,0,3,0,0,0,2,0,2,0,0,0,0,0,0,0,0,0,2,0,1,0,0,0,1,0,4,0
102331,5,0,25,5,0,25,28,1,0,1,0,0,0,1,0,2,0,0,0,0,0,0,0,0,0,1,0,1,0,0,0,1,0,20,1
22164,17,0,10,9,0,6,25,8,0,3,0,0,0,2,0,2,0,0,0,0,0,0,0,0,0,3,0,1,0,0,0,2,0,4,0
17114,20,0,7,15,0,4,25,15,0,1,0,0,0,1,0,1,0,0,0,0,0,0,0,0,0,1,0,1,0,0,0,1,0,4,0
13696,18,0,18,18,0,18,34,16,0,1,0,0,0,0,0,1,0,0,0,0,0,0,0,0,0,0,0,0,0,0,0,0,0,16,0
102664,1,0,0,1,0,0,0,0,0,0,0,0,0,0,0,0,0,0,0,0,0,0,0,0,0,0,0,0,0,0,0,0,0,0,1
102739,17,0,10,17,0,10,25,10,0,3,0,0,0,2,0,2,0,0,0,0,0,0,0,0,0,2,0,1,0,0,0,1,0,4,1
102327,4,0,3,4,0,3,5,2,0,1,0,0,0,0,0,1,0,0,0,0,0,0,0,0,0,0,0,0,0,0,0,0,0,1,1
103606,4,0,22,4,0,22,24,1,0,1,0,0,0,0,0,2,0,0,0,0,0,0,0,0,0,1,0,0,0,0,0,1,0,18,1
102958,5,0,1,5,0,1,4,1,0,1,0,0,0,1,0,0,0,0,0,0,0,0,0,0,0,1,0,0,0,0,0,0,0,0,1
103288,38,0,31,38,0,31,67,27,0,5,0,0,0,3,0,3,0,0,0,0,0,0,0,0,0,4,0,1,0,0,0,2,0,22,1
102100,0,0,1,0,0,1,0,0,0,0,0,0,0,0,0,0,0,0,0,0,0,0,0,0,0,0,0,0,0,0,0,0,0,0,1
17585,70,0,7,65,0,4,75,65,0,1,0,0,0,1,0,1,0,0,0,0,0,0,0,0,0,1,0,1,0,0,0,1,0,4,0
14010,4,0,3,4,0,3,5,0,0,1,0,0,0,0,0,1,0,0,0,0,0,0,0,0,0,1,0,0,0,0,0,1,0,1,0
103882,12,0,8,12,0,8,18,8,0,1,0,0,0,0,0,1,0,0,0,0,0,0,0,0,0,1,0,0,0,0,0,1,0,6,1
102397,17,0,10,17,0,10,25,10,0,3,0,0,0,2,0,2,0,0,0,0,0,0,0,0,0,2,0,1,0,0,0,1,0,4,1
17548,2,0,3,1,0,1,3,0,0,1,0,0,0,0,0,1,0,0,0,0,0,0,0,0,0,0,0,0,0,0,0,0,0,1,0
24416,58,0,8,21,0,3,64,48,0,4,0,0,0,1,0,3,0,0,0,0,0,0,0,0,0,4,0,0,0,0,0,3,0,1,0
102701,10,0,6,10,0,6,14,8,0,1,0,0,0,0,0,1,0,0,0,0,0,0,0,0,0,0,0,0,0,0,0,0,0,4,1
102734,38,0,31,38,0,31,67,26,0,5,0,0,0,3,0,4,0,0,0,0,0,0,0,0,0,4,0,2,0,0,0,3,0,20,1
102854,17,0,10,17,0,10,25,9,0,2,0,0,0,2,0,2,0,0,0,0,0,0,0,0,0,3,0,1,0,0,0,2,0,4,1
22054,17,0,10,11,0,6,25,10,0,3,0,0,0,2,0,2,0,0,0,0,0,0,0,0,0,2,0,1,0,0,0,1,0,4,0
17404,7,0,2,4,0,1,7,4,0,1,0,0,0,0,0,1,0,0,0,0,0,0,0,0,0,0,0,0,0,0,0,1,0,0,0
22120,17,0,10,11,0,6,25,10,0,3,0,0,0,2,0,2,0,0,0,0,0,0,0,0,0,2,0,1,0,0,0,1,0,4,0
102665,168,0,112,168,0,112,278,139,0,12,0,0,0,9,0,8,0,0,0,0,0,0,0,0,0,11,0,5,0,0,0,7,0,87,1
102956,5,0,22,5,0,22,25,1,0,1,0,0,0,0,0,2,0,0,0,0,0,0,0,0,0,1,0,0,0,0,0,2,0,18,1
13338,3,0,0,3,0,0,1,1,0,0,0,0,0,0,0,0,0,0,0,0,0,0,0,0,0,0,0,0,0,0,0,0,0,0,0
24997,13,0,7,7,0,7,18,9,0,1,0,0,0,0,0,1,0,0,0,0,0,0,0,0,0,1,0,0,0,0,0,1,0,5,0
103643,17,0,10,17,0,10,25,10,0,3,0,0,0,2,0,2,0,0,0,0,0,0,0,0,0,2,0,1,0,0,0,1,0,4,1
14072,1,0,0,1,0,0,0,0,0,0,0,0,0,0,0,0,0,0,0,0,0,0,0,0,0,0,0,0,0,0,0,0,0,0,0
25355,148,0,11,58,0,3,157,135,0,6,0,0,0,2,0,4,0,0,0,0,0,0,0,0,0,5,0,0,0,0,0,4,0,1,0
102751,17,0,10,17,0,10,25,10,0,3,0,0,0,2,0,2,0,0,0,0,0,0,0,0,0,2,0,1,0,0,0,1,0,4,1
6037,4,0,0,4,0,0,2,2,0,0,0,0,0,0,0,0,0,0,0,0,0,0,0,0,0,0,0,0,0,0,0,0,0,0,0
102715,17,0,10,17,0,10,25,10,0,3,0,0,0,2,0,2,0,0,0,0,0,0,0,0,0,2,0,1,0,0,0,1,0,4,1
103884,3,0,3,3,0,3,4,0,0,1,0,0,0,0,0,1,0,0,0,0,0,0,0,0,0,0,0,0,0,0,0,1,0,1,1
102719,16,0,10,16,0,10,24,9,0,3,0,0,0,2,0,2,0,0,0,0,0,0,0,0,0,2,0,1,0,0,0,1,0,4,1
102241,38,0,31,38,0,31,67,27,0,5,0,0,0,3,0,3,0,0,0,0,0,0,0,0,0,4,0,1,0,0,0,2,0,22,1
17089,23,0,6,19,0,4,27,19,0,1,0,0,0,0,0,1,0,0,0,0,0,0,0,0,0,1,0,0,0,0,0,1,0,4,0
13821,274,0,27,274,0,27,299,263,0,4,0,0,0,4,0,1,0,0,0,0,0,0,0,0,0,4,0,1,0,0,0,1,0,21,0
102635,37,0,31,37,0,31,66,26,0,5,0,0,0,3,0,3,0,0,0,0,0,0,0,0,0,4,0,1,0,0,0,2,0,22,1
103239,1,0,0,1,0,0,0,0,0,0,0,0,0,0,0,0,0,0,0,0,0,0,0,0,0,0,0,0,0,0,0,0,0,0,1
102585,17,0,10,17,0,10,25,10,0,3,0,0,0,2,0,2,0,0,0,0,0,0,0,0,0,2,0,1,0,0,0,1,0,4,1
102479,16,0,10,16,0,10,24,9,0,3,0,0,0,2,0,2,0,0,0,0,0,0,0,0,0,2,0,1,0,0,0,1,0,4,1
22121,34,0,9,11,0,6,41,25,0,3,0,0,0,3,0,1,0,0,0,0,0,0,0,0,0,3,0,1,0,0,0,1,0,4,0
1611,222,0,0,222,0,0,220,220,0,0,0,0,0,0,0,0,0,0,0,0,0,0,0,0,0,0,0,0,0,0,0,0,0,0,0
102622,11,0,5,11,0,5,14,9,0,1,0,0,0,0,0,1,0,0,0,0,0,0,0,0,0,0,0,0,0,0,0,0,0,3,1
730,95,0,0,95,0,0,93,93,0,0,0,0,0,0,0,0,0,0,0,0,0,0,0,0,0,0,0,0,0,0,0,0,0,0,0
102755,17,0,10,17,0,10,25,9,0,3,0,0,0,2,0,2,0,0,0,0,0,0,0,0,0,2,0,1,0,0,0,2,0,4,1
103749,12,0,8,12,0,8,18,8,0,1,0,0,0,0,0,1,0,0,0,0,0,0,0,0,0,1,0,0,0,0,0,1,0,6,1
17400,20,0,7,15,0,4,25,15,0,1,0,0,0,1,0,1,0,0,0,0,0,0,0,0,0,1,0,1,0,0,0,1,0,4,0
102367,12,0,8,12,0,8,18,8,0,1,0,0,0,0,0,1,0,0,0,0,0,0,0,0,0,1,0,0,0,0,0,1,0,6,1
102394,16,0,10,16,0,10,24,9,0,3,0,0,0,2,0,2,0,0,0,0,0,0,0,0,0,2,0,1,0,0,0,1,0,4,1
102537,2,0,1,2,0,1,1,0,0,1,0,0,0,0,0,0,0,0,0,0,0,0,0,0,0,0,0,0,0,0,0,0,0,0,1
103223,1,0,0,1,0,0,0,0,0,0,0,0,0,0,0,0,0,0,0,0,0,0,0,0,0,0,0,0,0,0,0,0,0,0,1
102682,1,0,0,1,0,0,0,0,0,0,0,0,0,0,0,0,0,0,0,0,0,0,0,0,0,0,0,0,0,0,0,0,0,0,1
24440,16,0,10,10,0,6,24,9,0,3,0,0,0,2,0,2,0,0,0,0,0,0,0,0,0,2,0,1,0,0,0,1,0,4,0
13693,17,0,10,17,0,10,25,10,0,3,0,0,0,2,0,2,0,0,0,0,0,0,0,0,0,2,0,1,0,0,0,1,0,4,0
102869,185,0,38,185,0,38,221,137,0,19,0,0,0,21,0,6,0,0,0,0,0,0,0,0,0,19,0,8,0,0,0,6,0,5,1
103016,16,0,10,16,0,10,24,9,0,3,0,0,0,2,0,2,0,0,0,0,0,0,0,0,0,2,0,1,0,0,0,1,0,4,1
103937,10,0,0,10,0,0,8,8,0,0,0,0,0,0,0,0,0,0,0,0,0,0,0,0,0,0,0,0,0,0,0,0,0,0,1
24473,3,0,11,2,0,11,12,0,0,0,0,0,0,0,0,1,0,0,0,0,0,0,0,0,0,1,0,0,0,0,0,1,0,9,0
102632,17,0,10,17,0,10,25,10,0,3,0,0,0,2,0,2,0,0,0,0,0,0,0,0,0,2,0,1,0,0,0,1,0,4,1
102201,17,0,10,17,0,10,25,10,0,3,0,0,0,2,0,2,0,0,0,0,0,0,0,0,0,2,0,1,0,0,0,1,0,4,1
24482,25,0,6,20,0,6,29,21,0,1,0,0,0,0,0,1,0,0,0,0,0,0,0,0,0,1,0,0,0,0,0,1,0,4,0
22162,17,0,10,11,0,6,25,10,0,3,0,0,0,2,0,2,0,0,0,0,0,0,0,0,0,2,0,1,0,0,0,1,0,4,0
102394,17,0,10,17,0,10,25,10,0,3,0,0,0,2,0,2,0,0,0,0,0,0,0,0,0,2,0,1,0,0,0,1,0,4,1
102155,4,0,0,4,0,0,2,2,0,0,0,0,0,0,0,0,0,0,0,0,0,0,0,0,0,0,0,0,0,0,0,0,0,0,1
20522,9,0,2,9,0,2,9,7,0,1,0,0,0,0,0,1,0,0,0,0,0,0,0,0,0,0,0,0,0,0,0,0,0,0,0
103422,2,0,3,2,0,3,3,0,0,1,0,0,0,0,0,1,0,0,0,0,0,0,0,0,0,0,0,0,0,0,0,0,0,1,1
103707,35,0,9,35,0,9,42,26,0,3,0,0,0,3,0,1,0,0,0,0,0,0,0,0,0,3,0,1,0,0,0,1,0,4,1
102914,4,0,26,4,0,26,28,1,0,1,0,0,0,0,0,2,0,0,0,0,0,0,0,0,0,1,0,0,0,0,0,1,0,22,1
102830,17,0,10,17,0,10,25,9,0,3,0,0,0,2,0,2,0,0,0,0,0,0,0,0,0,2,0,1,0,0,0,2,0,4,1
103016,17,0,10,17,0,10,25,10,0,3,0,0,0,2,0,2,0,0,0,0,0,0,0,0,0,2,0,1,0,0,0,1,0,4,1
25102,160,0,17,45,0,6,175,144,0,7,0,0,0,2,0,5,0,0,0,0,0,0,0,0,0,7,0,0,0,0,0,5,0,5,0
102732,17,0,10,17,0,10,25,10,0,3,0,0,0,2,0,2,0,0,0,0,0,0,0,0,0,2,0,1,0,0,0,1,0,4,1
102667,17,0,10,17,0,10,25,10,0,3,0,0,0,2,0,2,0,0,0,0,0,0,0,0,0,2,0,1,0,0,0,1,0,4,1
17408,20,0,7,15,0,4,25,15,0,1,0,0,0,1,0,1,0,0,0,0,0,0,0,0,0,1,0,1,0,0,0,1,0,4,0
24956,3,0,3,2,0,3,4,0,0,1,0,0,0,0,0,1,0,0,0,0,0,0,0,0,0,0,0,0,0,0,0,1,0,1,0
17728,8,0,6,4,0,4,12,4,0,1,0,0,0,0,0,1,0,0,0,0,0,0,0,0,0,1,0,0,0,0,0,1,0,4,0
102562,17,0,10,17,0,10,25,10,0,3,0,0,0,2,0,2,0,0,0,0,0,0,0,0,0,2,0,1,0,0,0,1,0,4,1
102696,4,0,26,4,0,26,28,1,0,1,0,0,0,0,0,2,0,0,0,0,0,0,0,0,0,1,0,0,0,0,0,1,0,22,1
922,1612,0,57,112,0,1,1667,1502,0,51,0,0,0,57,0,0,0,0,0,0,0,0,0,0,0,52,0,5,0,0,0,0,0,0,0
25414,15,0,6,10,0,6,19,11,0,1,0,0,0,0,0,1,0,0,0,0,0,0,0,0,0,1,0,0,0,0,0,1,0,4,0
102702,17,0,10,17,0,10,25,10,0,3,0,0,0,2,0,2,0,0,0,0,0,0,0,0,0,2,0,1,0,0,0,1,0,4,1
103204,17,0,10,17,0,10,25,10,0,3,0,0,0,2,0,2,0,0,0,0,0,0,0,0,0,2,0,1,0,0,0,1,0,4,1
102747,38,0,31,38,0,31,67,27,0,5,0,0,0,3,0,3,0,0,0,0,0,0,0,0,0,4,0,1,0,0,0,2,0,22,1
17115,20,0,7,15,0,4,25,15,0,1,0,0,0,1,0,1,0,0,0,0,0,0,0,0,0,1,0,1,0,0,0,1,0,4,0
24338,17,0,10,11,0,6,25,10,0,3,0,0,0,2,0,2,0,0,0,0,0,0,0,0,0,2,0,1,0,0,0,1,0,4,0
24233,700,0,9,298,0,6,707,690,0,4,0,0,0,3,0,1,0,0,0,0,0,0,0,0,0,4,0,0,0,0,0,1,0,4,0
102800,0,0,2,0,0,2,0,0,0,0,0,0,0,0,0,0,0,0,0,0,0,0,0,0,0,0,0,0,0,0,0,0,0,0,1
102776,17,0,10,17,0,10,25,10,0,3,0,0,0,2,0,2,0,0,0,0,0,0,0,0,0,2,0,1,0,0,0,1,0,4,1
102858,7,0,0,7,0,0,5,5,0,0,0,0,0,0,0,0,0,0,0,0,0,0,0,0,0,0,0,0,0,0,0,0,0,0,1
24517,156,0,9,123,0,7,163,148,0,3,0,0,0,2,0,1,0,0,0,0,0,0,0,0,0,3,0,0,0,0,0,1,0,5,0
102723,17,0,10,17,0,10,25,10,0,3,0,0,0,2,0,2,0,0,0,0,0,0,0,0,0,2,0,1,0,0,0,1,0,4,1
25511,8,0,6,5,0,6,12,4,0,1,0,0,0,0,0,1,0,0,0,0,0,0,0,0,0,1,0,0,0,0,0,1,0,4,0
17280,44,0,0,42,0,0,42,42,0,0,0,0,0,0,0,0,0,0,0,0,0,0,0,0,0,0,0,0,0,0,0,0,0,0,0
102335,17,0,10,17,0,10,25,10,0,3,0,0,0,2,0,2,0,0,0,0,0,0,0,0,0,2,0,1,0,0,0,1,0,4,1
102346,2,0,4,2,0,4,4,0,0,0,0,0,0,0,0,1,0,0,0,0,0,0,0,0,0,0,0,0,0,0,0,1,0,2,1
102711,17,0,8,17,0,8,23,10,0,2,0,0,0,2,0,1,0,0,0,0,0,0,0,0,0,2,0,1,0,0,0,1,0,4,1
102320,38,0,31,38,0,31,67,27,0,5,0,0,0,3,0,3,0,0,0,0,0,0,0,0,0,4,0,1,0,0,0,2,0,22,1
102758,17,0,10,17,0,10,25,10,0,3,0,0,0,2,0,2,0,0,0,0,0,0,0,0,0,2,0,1,0,0,0,1,0,4,1
102622,6,0,10,6,0,10,14,1,0,2,0,0,0,2,0,1,0,0,0,0,0,0,0,0,0,2,0,1,0,0,0,1,0,4,1
102630,17,0,10,17,0,10,25,9,0,3,0,0,0,2,0,2,0,0,0,0,0,0,0,0,0,2,0,1,0,0,0,2,0,4,1
13856,274,0,279,274,0,279,551,233,0,14,0,0,0,7,0,18,0,0,0,0,0,0,0,0,0,15,0,10,0,0,0,18,0,236,0
103357,16,0,10,16,0,10,24,9,0,3,0,0,0,2,0,2,0,0,0,0,0,0,0,0,0,2,0,1,0,0,0,1,0,4,1
102719,254,0,27,254,0,27,279,243,0,4,0,0,0,4,0,1,0,0,0,0,0,0,0,0,0,4,0,1,0,0,0,1,0,21,1
24908,1,0,0,1,0,0,0,0,0,0,0,0,0,0,0,0,0,0,0,0,0,0,0,0,0,0,0,0,0,0,0,0,0,0,0
13952,20,0,6,20,0,6,24,16,0,1,0,0,0,0,0,1,0,0,0,0,0,0,0,0,0,1,0,0,0,0,0,1,0,4,0
103231,1,0,0,1,0,0,0,0,0,0,0,0,0,0,0,0,0,0,0,0,0,0,0,0,0,0,0,0,0,0,0,0,0,0,1
17609,20,0,7,15,0,4,25,15,0,1,0,0,0,1,0,1,0,0,0,0,0,0,0,0,0,1,0,1,0,0,0,1,0,4,0
24519,12,0,3,10,0,3,13,8,0,1,0,0,0,0,0,1,0,0,0,0,0,0,0,0,0,1,0,0,0,0,0,1,0,1,0
102686,159,0,24,159,0,24,181,131,0,11,0,0,0,12,0,3,0,0,0,0,0,0,0,0,0,11,0,4,0,0,0,3,0,6,1
22090,5,0,0,5,0,0,3,3,0,0,0,0,0,0,0,0,0,0,0,0,0,0,0,0,0,0,0,0,0,0,0,0,0,0,0
102546,17,0,10,17,0,10,25,10,0,3,0,0,0,2,0,2,0,0,0,0,0,0,0,0,0,2,0,1,0,0,0,1,0,4,1
17303,20,0,7,15,0,4,25,15,0,1,0,0,0,1,0,1,0,0,0,0,0,0,0,0,0,1,0,1,0,0,0,1,0,4,0
103528,38,0,31,38,0,31,67,27,0,5,0,0,0,3,0,3,0,0,0,0,0,0,0,0,0,4,0,1,0,0,0,2,0,22,1
24965,78,0,10,60,0,6,86,70,0,3,0,0,0,0,0,3,0,0,0,0,0,0,0,0,0,3,0,0,0,0,0,3,0,4,0
103075,16,0,10,16,0,10,24,9,0,3,0,0,0,2,0,2,0,0,0,0,0,0,0,0,0,2,0,1,0,0,0,1,0,4,1
24938,37,0,37,14,0,26,72,25,0,4,0,0,0,3,0,3,0,0,0,0,0,0,0,0,0,5,0,1,0,0,0,3,0,28,0
22166,16,0,10,10,0,6,24,9,0,3,0,0,0,2,0,2,0,0,0,0,0,0,0,0,0,2,0,1,0,0,0,1,0,4,0
17717,5,0,4,1,0,2,7,1,0,1,0,0,0,0,0,1,0,0,0,0,0,0,0,0,0,1,0,0,0,0,0,1,0,2,0
1433,0,0,4,0,0,2,2,0,0,0,0,0,0,0,0,0,0,0,0,0,0,0,0,0,0,0,0,0,0,0,0,0,0,2,0
102248,61,0,0,61,0,0,59,59,0,0,0,0,0,0,0,0,0,0,0,0,0,0,0,0,0,0,0,0,0,0,0,0,0,0,1
17013,1,0,0,0,0,0,0,0,0,0,0,0,0,0,0,0,0,0,0,0,0,0,0,0,0,0,0,0,0,0,0,0,0,0,0
6025,20,0,0,20,0,0,18,18,0,0,0,0,0,0,0,0,0,0,0,0,0,0,0,0,0,0,0,0,0,0,0,0,0,0,0
102909,11,0,6,11,0,6,15,8,0,1,0,0,0,0,0,1,0,0,0,0,0,0,0,0,0,0,0,0,0,0,0,1,0,4,1
102410,3,0,3,3,0,3,4,0,0,1,0,0,0,0,0,1,0,0,0,0,0,0,0,0,0,0,0,0,0,0,0,1,0,1,1
102544,2,0,4,2,0,4,4,0,0,0,0,0,0,0,0,1,0,0,0,0,0,0,0,0,0,0,0,0,0,0,0,1,0,2,1
102468,17,0,10,17,0,10,25,10,0,3,0,0,0,2,0,2,0,0,0,0,0,0,0,0,0,2,0,1,0,0,0,1,0,4,1
24958,17,0,10,10,0,6,25,9,0,3,0,0,0,2,0,2,0,0,0,0,0,0,0,0,0,2,0,1,0,0,0,2,0,4,0
17501,1,0,0,0,0,0,0,0,0,0,0,0,0,0,0,0,0,0,0,0,0,0,0,0,0,0,0,0,0,0,0,0,0,0,0
102813,4,0,3,4,0,3,5,1,0,1,0,0,0,1,0,1,0,0,0,0,0,0,0,0,0,1,0,0,0,0,0,0,0,0,1
24194,17,0,10,11,0,6,25,10,0,3,0,0,0,2,0,2,0,0,0,0,0,0,0,0,0,2,0,1,0,0,0,1,0,4,0
103128,38,0,31,38,0,31,67,27,0,5,0,0,0,3,0,3,0,0,0,0,0,0,0,0,0,4,0,1,0,0,0,2,0,22,1
24432,17,0,10,11,0,6,25,10,0,3,0,0,0,2,0,2,0,0,0,0,0,0,0,0,0,2,0,1,0,0,0,1,0,4,0
102401,1008877,0,0,1008877,0,0,1008875,1008875,0,0,0,0,0,0,0,0,0,0,0,0,0,0,0,0,0,0,0,0,0,0,0,0,0,0,1
102269,17,0,10,17,0,10,25,10,0,3,0,0,0,2,0,2,0,0,0,0,0,0,0,0,0,2,0,1,0,0,0,1,0,4,1
22202,13,0,7,7,0,7,18,9,0,1,0,0,0,0,0,1,0,0,0,0,0,0,0,0,0,1,0,0,0,0,0,1,0,5,0
20705,16,0,10,10,0,6,24,9,0,3,0,0,0,2,0,2,0,0,0,0,0,0,0,0,0,2,0,1,0,0,0,1,0,4,0
24941,17,0,10,11,0,6,25,10,0,3,0,0,0,2,0,2,0,0,0,0,0,0,0,0,0,2,0,1,0,0,0,1,0,4,0
13827,17,0,10,17,0,10,25,10,0,3,0,0,0,2,0,2,0,0,0,0,0,0,0,0,0,2,0,1,0,0,0,1,0,4,0
102670,1,0,0,1,0,0,0,0,0,0,0,0,0,0,0,0,0,0,0,0,0,0,0,0,0,0,0,0,0,0,0,0,0,0,1
102716,17,0,10,17,0,10,25,10,0,3,0,0,0,2,0,2,0,0,0,0,0,0,0,0,0,2,0,1,0,0,0,1,0,4,1
103608,17,0,10,17,0,10,25,10,0,3,0,0,0,2,0,2,0,0,0,0,0,0,0,0,0,2,0,1,0,0,0,1,0,4,1
102761,1,0,0,1,0,0,0,0,0,0,0,0,0,0,0,0,0,0,0,0,0,0,0,0,0,0,0,0,0,0,0,0,0,0,1
103880,150,0,26,150,0,26,174,139,0,4,0,0,0,4,0,1,0,0,0,0,0,0,0,0,0,4,0,1,0,0,0,1,0,20,1
25109,11,0,3,9,0,3,12,7,0,1,0,0,0,0,0,1,0,0,0,0,0,0,0,0,0,1,0,0,0,0,0,1,0,1,0
24439,38,0,6,33,0,6,42,34,0,1,0,0,0,0,0,1,0,0,0,0,0,0,0,0,0,1,0,0,0,0,0,1,0,4,0
20731,1,0,0,1,0,0,0,0,0,0,0,0,0,0,0,0,0,0,0,0,0,0,0,0,0,0,0,0,0,0,0,0,0,0,0
102730,17,0,10,17,0,10,25,10,0,3,0,0,0,2,0,2,0,0,0,0,0,0,0,0,0,2,0,1,0,0,0,1,0,4,1
17709,11,0,6,9,0,4,15,9,0,1,0,0,0,0,0,1,0,0,0,0,0,0,0,0,0,0,0,0,0,0,0,0,0,4,0
13655,17,0,10,17,0,10,25,10,0,3,0,0,0,2,0,2,0,0,0,0,0,0,0,0,0,2,0,1,0,0,0,1,0,4,0
102742,14,0,7,14,0,7,19,9,0,1,0,0,0,1,0,1,0,0,0,0,0,0,0,0,0,1,0,1,0,0,0,1,0,4,1
103383,11,0,7,11,0,7,16,8,0,1,0,0,0,0,0,1,0,0,0,0,0,0,0,0,0,0,0,1,0,0,0,1,0,4,1
102856,16,0,10,16,0,10,24,9,0,3,0,0,0,2,0,2,0,0,0,0,0,0,0,0,0,2,0,1,0,0,0,1,0,4,1
22137,38,0,6,33,0,6,42,34,0,1,0,0,0,0,0,1,0,0,0,0,0,0,0,0,0,1,0,0,0,0,0,1,0,4,0
102560,1,0,0,1,0,0,0,0,0,0,0,0,0,0,0,0,0,0,0,0,0,0,0,0,0,0,0,0,0,0,0,0,0,0,1
102759,16,0,10,16,0,10,24,9,0,3,0,0,0,2,0,2,0,0,0,0,0,0,0,0,0,2,0,1,0,0,0,1,0,4,1
24547,13,0,7,7,0,7,18,9,0,1,0,0,0,0,0,1,0,0,0,0,0,0,0,0,0,1,0,0,0,0,0,1,0,5,0
103908,4,0,24,4,0,24,26,1,0,1,0,0,0,0,0,2,0,0,0,0,0,0,0,0,0,1,0,0,0,0,0,1,0,20,1
22087,29,0,27,9,0,23,54,20,0,4,0,0,0,4,0,1,0,0,0,0,0,0,0,0,0,3,0,1,0,0,0,0,0,21,0
103954,17,0,10,17,0,10,25,10,0,3,0,0,0,2,0,2,0,0,0,0,0,0,0,0,0,2,0,1,0,0,0,1,0,4,1
25379,3,0,0,3,0,0,1,1,0,0,0,0,0,0,0,0,0,0,0,0,0,0,0,0,0,0,0,0,0,0,0,0,0,0,0
102593,17,0,10,17,0,10,25,10,0,3,0,0,0,2,0,2,0,0,0,0,0,0,0,0,0,2,0,1,0,0,0,1,0,4,1
103818,15,0,1,15,0,1,14,12,0,1,0,0,0,1,0,0,0,0,0,0,0,0,0,0,0,0,0,0,0,0,0,0,0,0,1
102333,17,0,10,17,0,10,25,9,0,3,0,0,0,2,0,2,0,0,0,0,0,0,0,0,0,2,0,1,0,0,0,2,0,4,1
14039,38,0,31,38,0,31,67,27,0,5,0,0,0,3,0,3,0,0,0,0,0,0,0,0,0,4,0,1,0,0,0,2,0,22,0
20524,73,0,9,43,0,6,80,66,0,3,0,0,0,1,0,2,0,0,0,0,0,0,0,0,0,2,0,0,0,0,0,2,0,4,0
103584,150,0,27,150,0,27,175,139,0,4,0,0,0,4,0,1,0,0,0,0,0,0,0,0,0,4,0,1,0,0,0,1,0,21,1
13673,17,0,10,17,0,10,25,10,0,3,0,0,0,2,0,2,0,0,0,0,0,0,0,0,0,2,0,1,0,0,0,1,0,4,0
25107,151,0,17,60,0,6,166,137,0,6,0,0,0,2,0,5,0,0,0,0,0,0,0,0,0,6,0,0,0,0,0,5,0,5,0
102961,17,0,10,17,0,10,25,10,0,3,0,0,0,2,0,2,0,0,0,0,0,0,0,0,0,2,0,1,0,0,0,1,0,4,1
102923,5,0,2,5,0,2,5,0,0,2,0,0,0,2,0,0,0,0,0,0,0,0,0,0,0,1,0,0,0,0,0,0,0,0,1
103002,17,0,8,17,0,8,23,10,0,2,0,0,0,2,0,1,0,0,0,0,0,0,0,0,0,2,0,1,0,0,0,1,0,4,1
922,2171,0,75,133,0,1,2244,2021,0,73,0,0,0,75,0,0,0,0,0,0,0,0,0,0,0,73,0,2,0,0,0,0,0,0,0
17639,3,0,3,1,0,1,4,0,0,1,0,0,0,0,0,1,0,0,0,0,0,0,0,0,0,0,0,0,0,0,0,1,0,1,0
102524,16,0,10,16,0,10,24,9,0,3,0,0,0,2,0,2,0,0,0,0,0,0,0,0,0,2,0,1,0,0,0,1,0,4,1
102537,1,0,0,1,0,0,0,0,0,0,0,0,0,0,0,0,0,0,0,0,0,0,0,0,0,0,0,0,0,0,0,0,0,0,1
24895,11,0,2,11,0,2,11,9,0,1,0,0,0,0,0,1,0,0,0,0,0,0,0,0,0,0,0,0,0,0,0,0,0,0,0
102737,38,0,31,38,0,31,67,27,0,5,0,0,0,3,0,3,0,0,0,0,0,0,0,0,0,4,0,1,0,0,0,2,0,22,1
102704,38,0,9,38,0,9,45,29,0,3,0,0,0,3,0,1,0,0,0,0,0,0,0,0,0,3,0,1,0,0,0,1,0,4,1
103778,39,0,22,39,0,22,59,25,0,5,0,0,0,5,0,2,0,0,0,0,0,0,0,0,0,6,0,2,0,0,0,2,0,12,1
923,85,0,0,85,0,0,83,83,0,0,0,0,0,0,0,0,0,0,0,0,0,0,0,0,0,0,0,0,0,0,0,0,0,0,0
103388,39,0,33,39,0,33,70,28,0,5,0,0,0,3,0,3,0,0,0,0,0,0,0,0,0,4,0,1,0,0,0,2,0,24,1
102924,3,0,3,3,0,3,4,0,0,1,0,0,0,0,0,1,0,0,0,0,0,0,0,0,0,0,0,0,0,0,0,1,0,1,1
102681,17,0,10,17,0,10,25,10,0,3,0,0,0,2,0,2,0,0,0,0,0,0,0,0,0,2,0,1,0,0,0,1,0,4,1
102957,17,0,10,17,0,10,25,9,0,3,0,0,0,2,0,2,0,0,0,0,0,0,0,0,0,2,0,1,0,0,0,2,0,4,1
102758,14,0,29,14,0,29,41,6,0,3,0,0,0,1,0,3,0,0,0,0,0,0,0,0,0,2,0,1,0,0,0,3,0,22,1
103456,38,0,31,38,0,31,67,27,0,5,0,0,0,3,0,3,0,0,0,0,0,0,0,0,0,4,0,1,0,0,0,2,0,22,1
22059,38,0,6,25,0,6,42,34,0,1,0,0,0,0,0,1,0,0,0,0,0,0,0,0,0,1,0,0,0,0,0,1,0,4,0
17715,19,0,7,14,0,4,24,14,0,1,0,0,0,1,0,1,0,0,0,0,0,0,0,0,0,1,0,1,0,0,0,1,0,4,0
17549,20,0,6,16,0,4,24,16,0,1,0,0,0,0,0,1,0,0,0,0,0,0,0,0,0,1,0,0,0,0,0,1,0,4,0
102862,17,0,10,17,0,10,25,10,0,3,0,0,0,2,0,2,0,0,0,0,0,0,0,0,0,2,0,1,0,0,0,1,0,4,1
102696,40,0,33,40,0,33,71,29,0,5,0,0,0,3,0,3,0,0,0,0,0,0,0,0,0,4,0,1,0,0,0,2,0,24,1
103039,1470,0,44,1470,0,44,1512,1442,0,10,0,0,0,12,0,4,0,0,0,0,0,0,0,0,0,11,0,6,0,0,0,5,0,22,1
102668,88,0,11,88,0,11,97,81,0,2,0,0,0,2,0,1,0,0,0,0,0,0,0,0,0,3,0,0,0,0,0,1,0,7,1
103769,24,0,7,24,0,7,29,20,0,1,0,0,0,0,0,1,0,0,0,0,0,0,0,0,0,1,0,0,0,0,0,1,0,5,1
17143,1,0,0,0,0,0,0,0,0,0,0,0,0,0,0,0,0,0,0,0,0,0,0,0,0,0,0,0,0,0,0,0,0,0,0
24520,128,0,16,60,0,6,142,114,0,6,0,0,0,1,0,5,0,0,0,0,0,0,0,0,0,6,0,0,0,0,0,5,0,5,0
922,2471,0,102,2471,0,102,2571,2272,0,97,0,0,0,98,0,2,0,0,0,0,0,0,0,0,0,97,0,3,0,0,0,2,0,0,0
25349,16,0,10,10,0,6,24,9,0,3,0,0,0,2,0,2,0,0,0,0,0,0,0,0,0,2,0,1,0,0,0,1,0,4,0
103042,16,0,10,16,0,10,24,9,0,3,0,0,0,2,0,2,0,0,0,0,0,0,0,0,0,2,0,1,0,0,0,1,0,4,1
103909,2,0,2,2,0,2,2,0,0,1,0,0,0,0,0,1,0,0,0,0,0,0,0,0,0,0,0,0,0,0,0,0,0,0,1
103138,60,0,21,60,0,21,79,38,0,8,0,0,0,7,0,5,0,0,0,0,0,0,0,0,0,8,0,4,0,0,0,5,0,4,1
103627,38,0,31,38,0,31,67,27,0,5,0,0,0,3,0,3,0,0,0,0,0,0,0,0,0,4,0,1,0,0,0,2,0,22,1
102467,17,0,10,17,0,10,25,10,0,3,0,0,0,2,0,2,0,0,0,0,0,0,0,0,0,2,0,1,0,0,0,1,0,4,1
103496,4,0,22,4,0,22,24,1,0,1,0,0,0,0,0,2,0,0,0,0,0,0,0,0,0,1,0,0,0,0,0,1,0,18,1
102432,17,0,10,17,0,10,25,10,0,3,0,0,0,2,0,2,0,0,0,0,0,0,0,0,0,2,0,1,0,0,0,1,0,4,1
103913,10,0,1,10,0,1,9,8,0,1,0,0,0,0,0,0,0,0,0,0,0,0,0,0,0,0,0,0,0,0,0,0,0,0,1
102756,16,0,10,16,0,10,24,9,0,3,0,0,0,2,0,2,0,0,0,0,0,0,0,0,0,2,0,1,0,0,0,1,0,4,1
20608,40,0,33,12,0,22,71,29,0,5,0,0,0,3,0,3,0,0,0,0,0,0,0,0,0,4,0,1,0,0,0,2,0,24,0
102029,14,0,9,14,0,9,21,9,0,2,0,0,0,1,0,2,0,0,0,0,0,0,0,0,0,1,0,1,0,0,0,1,0,4,1
1581,2,0,0,2,0,0,0,0,0,0,0,0,0,0,0,0,0,0,0,0,0,0,0,0,0,0,0,0,0,0,0,0,0,0,0
102323,17,0,10,17,0,10,25,10,0,3,0,0,0,2,0,2,0,0,0,0,0,0,0,0,0,2,0,1,0,0,0,1,0,4,1
22175,11,0,3,9,0,3,12,7,0,1,0,0,0,0,0,1,0,0,0,0,0,0,0,0,0,1,0,0,0,0,0,1,0,1,0
102825,1,0,0,1,0,0,0,0,0,0,0,0,0,0,0,0,0,0,0,0,0,0,0,0,0,0,0,0,0,0,0,0,0,0,1
103326,17,0,10,17,0,10,25,10,0,3,0,0,0,2,0,2,0,0,0,0,0,0,0,0,0,2,0,1,0,0,0,1,0,4,1
103743,129,0,41,129,0,41,168,119,0,4,0,0,0,2,0,2,0,0,0,0,0,0,0,0,0,4,0,0,0,0,0,2,0,35,1
25453,3,0,3,2,0,3,4,0,0,1,0,0,0,0,0,1,0,0,0,0,0,0,0,0,0,0,0,0,0,0,0,1,0,1,0
17653,20,0,7,15,0,4,25,15,0,1,0,0,0,1,0,1,0,0,0,0,0,0,0,0,0,1,0,1,0,0,0,1,0,4,0
103907,57,0,19,57,0,19,74,53,0,1,0,0,0,0,0,1,0,0,0,0,0,0,0,0,0,1,0,0,0,0,0,1,0,17,1
102689,11,0,3,11,0,3,12,9,0,1,0,0,0,0,0,1,0,0,0,0,0,0,0,0,0,0,0,0,0,0,0,0,0,1,1
102929,17,0,10,17,0,10,25,10,0,3,0,0,0,2,0,2,0,0,0,0,0,0,0,0,0,2,0,1,0,0,0,1,0,4,1
102948,16,0,10,16,0,10,24,9,0,3,0,0,0,2,0,2,0,0,0,0,0,0,0,0,0,2,0,1,0,0,0,1,0,4,1
103523,38,0,31,38,0,31,67,27,0,5,0,0,0,3,0,3,0,0,0,0,0,0,0,0,0,4,0,1,0,0,0,2,0,22,1
20544,3,0,3,2,0,3,4,0,0,1,0,0,0,0,0,1,0,0,0,0,0,0,0,0,0,0,0,0,0,0,0,1,0,1,0
102532,1,0,0,1,0,0,0,0,0,0,0,0,0,0,0,0,0,0,0,0,0,0,0,0,0,0,0,0,0,0,0,0,0,0,1
103005,16,0,10,16,0,10,24,9,0,3,0,0,0,2,0,2,0,0,0,0,0,0,0,0,0,2,0,1,0,0,0,1,0,4,1
102011,1197858,0,0,1197858,0,0,1197856,1197856,0,0,0,0,0,0,0,0,0,0,0,0,0,0,0,0,0,0,0,0,0,0,0,0,0,0,1
22095,17,0,10,11,0,6,25,10,0,3,0,0,0,2,0,2,0,0,0,0,0,0,0,0,0,2,0,1,0,0,0,1,0,4,0
103139,12,0,8,12,0,8,18,8,0,1,0,0,0,0,0,1,0,0,0,0,0,0,0,0,0,1,0,0,0,0,0,1,0,6,1
103614,5,0,0,5,0,0,3,3,0,0,0,0,0,0,0,0,0,0,0,0,0,0,0,0,0,0,0,0,0,0,0,0,0,0,1
102437,37,0,31,37,0,31,66,26,0,5,0,0,0,3,0,3,0,0,0,0,0,0,0,0,0,4,0,1,0,0,0,2,0,22,1
24587,3,0,0,3,0,0,1,1,0,0,0,0,0,0,0,0,0,0,0,0,0,0,0,0,0,0,0,0,0,0,0,0,0,0,0
102837,17,0,10,17,0,10,25,10,0,3,0,0,0,2,0,2,0,0,0,0,0,0,0,0,0,2,0,1,0,0,0,1,0,4,1
22176,38,0,6,33,0,6,42,34,0,1,0,0,0,0,0,1,0,0,0,0,0,0,0,0,0,1,0,0,0,0,0,1,0,4,0
102738,17,0,10,17,0,10,25,10,0,3,0,0,0,2,0,2,0,0,0,0,0,0,0,0,0,2,0,1,0,0,0,1,0,4,1
102475,16,0,10,16,0,10,24,9,0,3,0,0,0,2,0,2,0,0,0,0,0,0,0,0,0,2,0,1,0,0,0,1,0,4,1
103952,34,0,20,34,0,20,52,25,0,4,0,0,0,3,0,2,0,0,0,0,0,0,0,0,0,3,0,1,0,0,0,1,0,13,1
104019,1,0,0,1,0,0,0,0,0,0,0,0,0,0,0,0,0,0,0,0,0,0,0,0,0,0,0,0,0,0,0,0,0,0,1
102849,17,0,10,17,0,10,25,9,0,3,0,0,0,2,0,2,0,0,0,0,0,0,0,0,0,2,0,1,0,0,0,2,0,4,1
25066,16,0,10,10,0,6,24,9,0,3,0,0,0,2,0,2,0,0,0,0,0,0,0,0,0,2,0,1,0,0,0,1,0,4,0
102335,17,0,10,17,0,10,25,10,0,3,0,0,0,2,0,2,0,0,0,0,0,0,0,0,0,2,0,1,0,0,0,1,0,4,1
103693,37,0,0,37,0,0,35,35,0,0,0,0,0,0,0,0,0,0,0,0,0,0,0,0,0,0,0,0,0,0,0,0,0,0,1
25462,17,0,10,11,0,6,25,10,0,3,0,0,0,2,0,2,0,0,0,0,0,0,0,0,0,2,0,1,0,0,0,1,0,4,0
1356,2,0,0,2,0,0,0,0,0,0,0,0,0,0,0,0,0,0,0,0,0,0,0,0,0,0,0,0,0,0,0,0,0,0,0
14013,4010,0,23,4010,0,23,4031,3978,0,15,0,0,0,14,0,1,0,0,0,0,0,0,0,0,0,15,0,0,0,0,0,1,0,7,0
102133,16,0,10,16,0,10,24,9,0,3,0,0,0,2,0,2,0,0,0,0,0,0,0,0,0,2,0,1,0,0,0,1,0,4,1
22080,17,0,10,10,0,6,25,9,0,3,0,0,0,2,0,2,0,0,0,0,0,0,0,0,0,2,0,1,0,0,0,2,0,4,0
22192,7,0,3,6,0,3,8,4,0,1,0,0,0,0,0,1,0,0,0,0,0,0,0,0,0,0,0,0,0,0,0,1,0,1,0
102988,3,0,3,3,0,3,4,0,0,1,0,0,0,0,0,1,0,0,0,0,0,0,0,0,0,0,0,0,0,0,0,1,0,1,1
25085,38,0,6,33,0,6,42,34,0,1,0,0,0,0,0,1,0,0,0,0,0,0,0,0,0,1,0,0,0,0,0,1,0,4,0
103168,17,0,10,17,0,10,25,10,0,3,0,0,0,2,0,2,0,0,0,0,0,0,0,0,0,2,0,1,0,0,0,1,0,4,1
102591,16,0,10,16,0,10,24,9,0,3,0,0,0,2,0,2,0,0,0,0,0,0,0,0,0,2,0,1,0,0,0,1,0,4,1
102720,16,0,10,16,0,10,24,9,0,3,0,0,0,2,0,2,0,0,0,0,0,0,0,0,0,2,0,1,0,0,0,1,0,4,1
20604,3,0,3,2,0,3,4,0,0,1,0,0,0,0,0,1,0,0,0,0,0,0,0,0,0,0,0,0,0,0,0,1,0,1,0
13695,38,0,31,38,0,31,67,27,0,5,0,0,0,3,0,3,0,0,0,0,0,0,0,0,0,4,0,1,0,0,0,2,0,22,0
102791,16,0,10,16,0,10,24,9,0,3,0,0,0,2,0,2,0,0,0,0,0,0,0,0,0,2,0,1,0,0,0,1,0,4,1
13828,5,0,3,5,0,3,6,1,0,1,0,0,0,0,0,1,0,0,0,0,0,0,0,0,0,1,0,0,0,0,0,1,0,1,0
20573,244,0,44,37,0,5,286,188,0,23,0,0,0,24,0,7,0,0,0,0,0,0,0,0,0,23,0,8,0,0,0,7,0,6,0
103242,17,0,10,17,0,10,25,10,0,3,0,0,0,2,0,2,0,0,0,0,0,0,0,0,0,2,0,1,0,0,0,1,0,4,1
103751,3,0,0,3,0,0,1,1,0,0,0,0,0,0,0,0,0,0,0,0,0,0,0,0,0,0,0,0,0,0,0,0,0,0,1
102732,16,0,10,16,0,10,24,9,0,3,0,0,0,2,0,2,0,0,0,0,0,0,0,0,0,2,0,1,0,0,0,1,0,4,1
22092,38,0,6,33,0,6,42,34,0,1,0,0,0,0,0,1,0,0,0,0,0,0,0,0,0,1,0,0,0,0,0,1,0,4,0
24950,1,0,0,1,0,0,0,0,0,0,0,0,0,0,0,0,0,0,0,0,0,0,0,0,0,0,0,0,0,0,0,0,0,0,0
25473,16,0,10,10,0,6,24,9,0,3,0,0,0,2,0,2,0,0,0,0,0,0,0,0,0,2,0,1,0,0,0,1,0,4,0
102310,1054464,0,0,1054464,0,0,1054462,1054462,0,0,0,0,0,0,0,0,0,0,0,0,0,0,0,0,0,0,0,0,0,0,0,0,0,0,1
24500,195,0,27,166,0,23,220,184,0,4,0,0,0,4,0,1,0,0,0,0,0,0,0,0,0,4,0,1,0,0,0,1,0,21,0
13947,3,0,3,3,0,3,4,0,0,1,0,0,0,0,0,1,0,0,0,0,0,0,0,0,0,0,0,0,0,0,0,1,0,1,0
102571,40,0,33,40,0,33,71,29,0,5,0,0,0,3,0,3,0,0,0,0,0,0,0,0,0,4,0,1,0,0,0,2,0,24,1
103029,25,0,1,25,0,1,24,21,0,1,0,0,0,1,0,0,0,0,0,0,0,0,0,0,0,1,0,0,0,0,0,0,0,0,1
102711,1,0,0,1,0,0,0,0,0,0,0,0,0,0,0,0,0,0,0,0,0,0,0,0,0,0,0,0,0,0,0,0,0,0,1
24921,3,0,0,3,0,0,1,1,0,0,0,0,0,0,0,0,0,0,0,0,0,0,0,0,0,0,0,0,0,0,0,0,0,0,0
25516,25,0,6,20,0,6,29,21,0,1,0,0,0,0,0,1,0,0,0,0,0,0,0,0,0,1,0,0,0,0,0,1,0,4,0
24406,5,0,0,5,0,0,3,3,0,0,0,0,0,0,0,0,0,0,0,0,0,0,0,0,0,0,0,0,0,0,0,0,0,0,0
102816,6,0,1,6,0,1,5,4,0,1,0,0,0,0,0,0,0,0,0,0,0,0,0,0,0,0,0,0,0,0,0,0,0,0,1
17087,3,0,3,1,0,1,4,0,0,1,0,0,0,0,0,1,0,0,0,0,0,0,0,0,0,0,0,0,0,0,0,1,0,1,0
102483,38,0,31,38,0,31,67,27,0,5,0,0,0,3,0,3,0,0,0,0,0,0,0,0,0,4,0,1,0,0,0,2,0,22,1
103194,74,0,1,74,0,1,73,72,0,1,0,0,0,0,0,0,0,0,0,0,0,0,0,0,0,0,0,0,0,0,0,0,0,0,1
102942,2,0,0,2,0,0,0,0,0,0,0,0,0,0,0,0,0,0,0,0,0,0,0,0,0,0,0,0,0,0,0,0,0,0,1
103042,22,0,29,22,0,29,49,15,0,3,0,0,0,1,0,3,0,0,0,0,0,0,0,0,0,2,0,1,0,0,0,2,0,22,1
103423,2,0,3,2,0,3,3,0,0,1,0,0,0,0,0,1,0,0,0,0,0,0,0,0,0,0,0,0,0,0,0,0,0,1,1
22152,7,0,0,7,0,0,5,5,0,0,0,0,0,0,0,0,0,0,0,0,0,0,0,0,0,0,0,0,0,0,0,0,0,0,0
102925,16,0,10,16,0,10,24,9,0,3,0,0,0,2,0,2,0,0,0,0,0,0,0,0,0,2,0,1,0,0,0,1,0,4,1
24199,38,0,6,33,0,6,42,34,0,1,0,0,0,0,0,1,0,0,0,0,0,0,0,0,0,1,0,0,0,0,0,1,0,4,0
102707,23,0,25,23,0,25,46,17,0,3,0,0,0,1,0,2,0,0,0,0,0,0,0,0,0,2,0,0,0,0,0,1,0,20,1
102688,11,0,4,11,0,4,13,9,0,1,0,0,0,0,0,1,0,0,0,0,0,0,0,0,0,0,0,0,0,0,0,0,0,2,1
102337,17,0,10,17,0,10,25,10,0,3,0,0,0,2,0,2,0,0,0,0,0,0,0,0,0,2,0,1,0,0,0,1,0,4,1
103004,18,0,0,18,0,0,16,16,0,0,0,0,0,0,0,0,0,0,0,0,0,0,0,0,0,0,0,0,0,0,0,0,0,0,1
17401,20,0,7,15,0,4,25,15,0,1,0,0,0,1,0,1,0,0,0,0,0,0,0,0,0,1,0,1,0,0,0,1,0,4,0
102582,5,0,22,5,0,22,25,1,0,1,0,0,0,0,0,2,0,0,0,0,0,0,0,0,0,1,0,0,0,0,0,2,0,18,1
102238,4,0,25,4,0,25,27,1,0,1,0,0,0,0,0,2,0,0,0,0,0,0,0,0,0,1,0,1,0,0,0,1,0,20,1
25405,11,0,6,6,0,6,15,7,0,1,0,0,0,0,0,1,0,0,0,0,0,0,0,0,0,1,0,0,0,0,0,1,0,4,0
102813,4,0,0,4,0,0,2,2,0,0,0,0,0,0,0,0,0,0,0,0,0,0,0,0,0,0,0,0,0,0,0,0,0,0,1
13892,3,0,3,3,0,3,4,0,0,1,0,0,0,0,0,1,0,0,0,0,0,0,0,0,0,0,0,0,0,0,0,1,0,1,0
102616,37,0,33,37,0,33,68,26,0,5,0,0,0,3,0,3,0,0,0,0,0,0,0,0,0,4,0,1,0,0,0,2,0,24,1
102774,1,0,0,1,0,0,0,0,0,0,0,0,0,0,0,0,0,0,0,0,0,0,0,0,0,0,0,0,0,0,0,0,0,0,1
102629,17,0,10,17,0,10,25,10,0,3,0,0,0,2,0,2,0,0,0,0,0,0,0,0,0,2,0,1,0,0,0,1,0,4,1
17674,311,0,27,300,0,21,336,300,0,4,0,0,0,4,0,1,0,0,0,0,0,0,0,0,0,4,0,1,0,0,0,1,0,21,0
24514,4,0,0,4,0,0,2,2,0,0,0,0,0,0,0,0,0,0,0,0,0,0,0,0,0,0,0,0,0,0,0,0,0,0,0
102731,17,0,10,17,0,10,25,10,0,3,0,0,0,2,0,2,0,0,0,0,0,0,0,0,0,2,0,1,0,0,0,1,0,4,1
102344,17,0,10,17,0,10,25,10,0,3,0,0,0,2,0,2,0,0,0,0,0,0,0,0,0,2,0,1,0,0,0,1,0,4,1
20716,3,0,3,2,0,3,4,0,0,1,0,0,0,0,0,1,0,0,0,0,0,0,0,0,0,0,0,0,0,0,0,1,0,1,0
20576,1,0,0,1,0,0,0,0,0,0,0,0,0,0,0,0,0,0,0,0,0,0,0,0,0,0,0,0,0,0,0,0,0,0,0
103966,17,0,10,17,0,10,25,10,0,3,0,0,0,2,0,2,0,0,0,0,0,0,0,0,0,2,0,1,0,0,0,1,0,4,1
24914,3,0,3,2,0,3,4,0,0,1,0,0,0,0,0,1,0,0,0,0,0,0,0,0,0,0,0,0,0,0,0,1,0,1,0
103194,4,0,28,4,0,28,30,1,0,1,0,0,0,0,0,2,0,0,0,0,0,0,0,0,0,1,0,0,0,0,0,1,0,24,1
25305,174693,0,0,174693,0,0,174691,174691,0,0,0,0,0,0,0,0,0,0,0,0,0,0,0,0,0,0,0,0,0,0,0,0,0,0,0
102684,17,0,10,17,0,10,25,10,0,3,0,0,0,2,0,2,0,0,0,0,0,0,0,0,0,2,0,1,0,0,0,1,0,4,1
102413,11,0,5,11,0,5,14,6,0,1,0,0,0,1,0,1,0,0,0,0,0,0,0,0,0,1,0,1,0,0,0,1,0,2,1
102668,11,0,1,11,0,1,10,9,0,1,0,0,0,0,0,0,0,0,0,0,0,0,0,0,0,0,0,0,0,0,0,0,0,0,1
17434,70,0,7,65,0,4,75,65,0,1,0,0,0,1,0,1,0,0,0,0,0,0,0,0,0,1,0,1,0,0,0,1,0,4,0
24516,25,0,6,20,0,6,29,21,0,1,0,0,0,0,0,1,0,0,0,0,0,0,0,0,0,1,0,0,0,0,0,1,0,4,0
25490,13,0,7,7,0,7,18,9,0,1,0,0,0,0,0,1,0,0,0,0,0,0,0,0,0,1,0,0,0,0,0,1,0,5,0
102893,17,0,10,17,0,10,25,10,0,3,0,0,0,2,0,2,0,0,0,0,0,0,0,0,0,2,0,1,0,0,0,1,0,4,1
103288,17,0,10,17,0,10,25,10,0,3,0,0,0,2,0,2,0,0,0,0,0,0,0,0,0,2,0,1,0,0,0,1,0,4,1
103337,17,0,10,17,0,10,25,10,0,3,0,0,0,2,0,2,0,0,0,0,0,0,0,0,0,2,0,1,0,0,0,1,0,4,1
103577,2,0,0,2,0,0,0,0,0,0,0,0,0,0,0,0,0,0,0,0,0,0,0,0,0,0,0,0,0,0,0,0,0,0,1
102916,37,0,31,37,0,31,66,26,0,5,0,0,0,3,0,3,0,0,0,0,0,0,0,0,0,4,0,1,0,0,0,2,0,22,1
17661,2,0,0,0,0,0,0,0,0,0,0,0,0,0,0,0,0,0,0,0,0,0,0,0,0,0,0,0,0,0,0,0,0,0,0
102573,1,0,0,1,0,0,0,0,0,0,0,0,0,0,0,0,0,0,0,0,0,0,0,0,0,0,0,0,0,0,0,0,0,0,1
102155,3,0,0,3,0,0,1,1,0,0,0,0,0,0,0,0,0,0,0,0,0,0,0,0,0,0,0,0,0,0,0,0,0,0,1
25360,158,0,13,60,0,3,169,142,0,7,0,0,0,2,0,5,0,0,0,0,0,0,0,0,0,7,0,0,0,0,0,5,0,1,0
20702,3,0,3,2,0,3,4,0,0,1,0,0,0,0,0,1,0,0,0,0,0,0,0,0,0,0,0,0,0,0,0,1,0,1,0
17702,61,0,7,56,0,4,66,56,0,1,0,0,0,1,0,1,0,0,0,0,0,0,0,0,0,1,0,1,0,0,0,1,0,4,0
102367,4,0,24,4,0,24,26,1,0,1,0,0,0,0,0,2,0,0,0,0,0,0,0,0,0,1,0,0,0,0,0,1,0,20,1
103776,164,0,81,164,0,81,243,148,0,7,0,0,0,3,0,4,0,0,0,0,0,0,0,0,0,7,0,0,0,0,0,4,0,70,1
103893,288,0,0,288,0,0,286,286,0,0,0,0,0,0,0,0,0,0,0,0,0,0,0,0,0,0,0,0,0,0,0,0,0,0,1
17738,12,0,7,8,0,4,17,8,0,1,0,0,0,1,0,1,0,0,0,0,0,0,0,0,0,0,0,1,0,0,0,1,0,4,0
13643,8,0,7,8,0,7,13,4,0,1,0,0,0,0,0,1,0,0,0,0,0,0,0,0,0,1,0,0,0,0,0,1,0,5,0
13938,4,0,0,4,0,0,2,2,0,0,0,0,0,0,0,0,0,0,0,0,0,0,0,0,0,0,0,0,0,0,0,0,0,0,0
24982,130,0,12,63,0,6,140,120,0,4,0,0,0,1,0,3,0,0,0,0,0,0,0,0,0,4,0,0,0,0,0,3,0,5,0
102810,17,0,10,17,0,10,25,10,0,3,0,0,0,2,0,2,0,0,0,0,0,0,0,0,0,2,0,1,0,0,0,1,0,4,1
102939,11,0,7,11,0,7,16,8,0,1,0,0,0,0,0,1,0,0,0,0,0,0,0,0,0,0,0,1,0,0,0,1,0,4,1
17095,15,0,11,9,0,7,24,9,0,2,0,0,0,0,0,2,0,0,0,0,0,0,0,0,0,2,0,0,0,0,0,2,0,7,0
1442,39,0,0,39,0,0,37,37,0,0,0,0,0,0,0,0,0,0,0,0,0,0,0,0,0,0,0,0,0,0,0,0,0,0,0
102473,105,0,7,105,0,7,110,98,0,2,0,0,0,2,0,1,0,0,0,0,0,0,0,0,0,2,0,1,0,0,0,1,0,3,1
102634,41,0,4,41,0,4,43,34,0,3,0,0,0,2,0,1,0,0,0,0,0,0,0,0,0,2,0,0,0,0,0,1,0,0,1
102680,16,0,10,16,0,10,24,9,0,3,0,0,0,2,0,2,0,0,0,0,0,0,0,0,0,2,0,1,0,0,0,1,0,4,1
22084,194,0,12,76,0,3,204,174,0,9,0,0,0,7,0,2,0,0,0,0,0,0,0,0,0,9,0,0,0,0,0,2,0,1,0
103488,17,0,10,17,0,10,25,10,0,3,0,0,0,2,0,2,0,0,0,0,0,0,0,0,0,2,0,1,0,0,0,1,0,4,1
102657,28,0,9,28,0,9,35,19,0,3,0,0,0,3,0,1,0,0,0,0,0,0,0,0,0,3,0,1,0,0,0,1,0,4,1
24944,6,0,4,3,0,2,8,1,0,2,0,0,0,2,0,1,0,0,0,0,0,0,0,0,0,2,0,0,0,0,0,0,0,0,0
102837,20,0,23,20,0,23,41,14,0,3,0,0,0,1,0,2,0,0,0,0,0,0,0,0,0,2,0,0,0,0,0,1,0,18,1
102751,221,0,24,221,0,24,243,184,0,15,0,0,0,17,0,3,0,0,0,0,0,0,0,0,0,15,0,5,0,0,0,3,0,1,1
24392,17,0,10,11,0,6,25,10,0,3,0,0,0,2,0,2,0,0,0,0,0,0,0,0,0,2,0,1,0,0,0,1,0,4,0
102862,17,0,10,17,0,10,25,10,0,3,0,0,0,2,0,2,0,0,0,0,0,0,0,0,0,2,0,1,0,0,0,1,0,4,1
22040,17,0,10,11,0,6,25,10,0,3,0,0,0,2,0,2,0,0,0,0,0,0,0,0,0,2,0,1,0,0,0,1,0,4,0
103061,17,0,10,17,0,10,25,9,0,3,0,0,0,2,0,2,0,0,0,0,0,0,0,0,0,2,0,1,0,0,0,2,0,4,1
103388,33,0,9,33,0,9,40,24,0,3,0,0,0,3,0,1,0,0,0,0,0,0,0,0,0,3,0,1,0,0,0,1,0,4,1
25007,3,0,3,2,0,3,4,0,0,1,0,0,0,0,0,1,0,0,0,0,0,0,0,0,0,0,0,0,0,0,0,1,0,1,0
25082,38,0,6,33,0,6,42,34,0,1,0,0,0,0,0,1,0,0,0,0,0,0,0,0,0,1,0,0,0,0,0,1,0,4,0
103057,7,0,0,7,0,0,5,5,0,0,0,0,0,0,0,0,0,0,0,0,0,0,0,0,0,0,0,0,0,0,0,0,0,0,1
102593,17,0,10,17,0,10,25,10,0,3,0,0,0,2,0,2,0,0,0,0,0,0,0,0,0,2,0,1,0,0,0,1,0,4,1
17252,20,0,7,15,0,4,25,15,0,1,0,0,0,1,0,1,0,0,0,0,0,0,0,0,0,1,0,1,0,0,0,1,0,4,0
102851,17,0,10,17,0,10,25,10,0,3,0,0,0,2,0,2,0,0,0,0,0,0,0,0,0,2,0,1,0,0,0,1,0,4,1
24244,1,0,0,1,0,0,0,0,0,0,0,0,0,0,0,0,0,0,0,0,0,0,0,0,0,0,0,0,0,0,0,0,0,0,0
102788,17,0,10,17,0,10,25,9,0,3,0,0,0,2,0,2,0,0,0,0,0,0,0,0,0,2,0,1,0,0,0,2,0,4,1
102471,5,0,3,5,0,3,6,3,0,1,0,0,0,0,0,1,0,0,0,0,0,0,0,0,0,0,0,0,0,0,0,0,0,1,1
102704,16,0,10,16,0,10,24,9,0,3,0,0,0,2,0,2,0,0,0,0,0,0,0,0,0,2,0,1,0,0,0,1,0,4,1
102869,210,0,41,210,0,41,249,156,0,22,0,0,0,24,0,6,0,0,0,0,0,0,0,0,0,22,0,8,0,0,0,6,0,5,1
22186,36,0,5,32,0,5,39,32,0,1,0,0,0,0,0,1,0,0,0,0,0,0,0,0,0,1,0,0,0,0,0,1,0,3,0
102097,4,0,22,4,0,22,24,1,0,1,0,0,0,0,0,2,0,0,0,0,0,0,0,0,0,1,0,0,0,0,0,1,0,18,1
102631,17,0,10,17,0,10,25,10,0,3,0,0,0,2,0,2,0,0,0,0,0,0,0,0,0,2,0,1,0,0,0,1,0,4,1
102848,5,0,24,5,0,24,27,1,0,2,0,0,0,0,0,2,0,0,0,0,0,0,0,0,0,1,0,0,0,0,0,1,0,20,1
102677,17,0,10,17,0,10,25,9,0,3,0,0,0,2,0,2,0,0,0,0,0,0,0,0,0,2,0,1,0,0,0,2,0,4,1
103247,17,0,10,17,0,10,25,10,0,3,0,0,0,2,0,2,0,0,0,0,0,0,0,0,0,2,0,1,0,0,0,1,0,4,1
102615,37,0,31,37,0,31,66,26,0,5,0,0,0,3,0,3,0,0,0,0,0,0,0,0,0,4,0,1,0,0,0,2,0,22,1
102922,12,0,8,12,0,8,18,8,0,1,0,0,0,0,0,1,0,0,0,0,0,0,0,0,0,1,0,0,0,0,0,1,0,6,1
103947,17,0,10,17,0,10,25,10,0,3,0,0,0,2,0,2,0,0,0,0,0,0,0,0,0,2,0,1,0,0,0,1,0,4,1
102936,17,0,10,17,0,10,25,10,0,3,0,0,0,2,0,2,0,0,0,0,0,0,0,0,0,2,0,1,0,0,0,1,0,4,1
102614,13,0,7,13,0,7,18,9,0,1,0,0,0,1,0,1,0,0,0,0,0,0,0,0,0,0,0,1,0,0,0,1,0,4,1
103664,1,0,0,1,0,0,0,0,0,0,0,0,0,0,0,0,0,0,0,0,0,0,0,0,0,0,0,0,0,0,0,0,0,0,1
20621,40,0,33,12,0,22,71,29,0,5,0,0,0,3,0,3,0,0,0,0,0,0,0,0,0,4,0,1,0,0,0,2,0,24,0
20592,8,0,0,8,0,0,6,6,0,0,0,0,0,0,0,0,0,0,0,0,0,0,0,0,0,0,0,0,0,0,0,0,0,0,0
17424,20,0,7,15,0,4,25,15,0,1,0,0,0,1,0,1,0,0,0,0,0,0,0,0,0,1,0,1,0,0,0,1,0,4,0
22082,17,0,10,10,0,6,25,9,0,3,0,0,0,2,0,2,0,0,0,0,0,0,0,0,0,2,0,1,0,0,0,2,0,4,0
103406,156,0,7,156,0,7,161,149,0,3,0,0,0,1,0,2,0,0,0,0,0,0,0,0,0,2,0,0,0,0,0,2,0,2,1
102767,40,0,33,40,0,33,71,29,0,5,0,0,0,3,0,3,0,0,0,0,0,0,0,0,0,4,0,1,0,0,0,2,0,24,1
102685,5,0,3,5,0,3,6,3,0,1,0,0,0,0,0,1,0,0,0,0,0,0,0,0,0,0,0,0,0,0,0,0,0,1,1
24947,202,0,37,46,0,5,237,154,0,20,0,0,0,20,0,6,0,0,0,0,0,0,0,0,0,20,0,6,0,0,0,6,0,5,0
102524,17,0,10,17,0,10,25,10,0,3,0,0,0,2,0,2,0,0,0,0,0,0,0,0,0,2,0,1,0,0,0,1,0,4,1
103274,17,0,10,17,0,10,25,10,0,3,0,0,0,2,0,2,0,0,0,0,0,0,0,0,0,2,0,1,0,0,0,1,0,4,1
24182,2,0,0,2,0,0,0,0,0,0,0,0,0,0,0,0,0,0,0,0,0,0,0,0,0,0,0,0,0,0,0,0,0,0,0
102359,17,0,10,17,0,10,25,10,0,2,0,0,0,1,0,2,0,0,0,0,0,0,0,0,0,3,0,1,0,0,0,2,0,4,1
17199,38,0,0,36,0,0,36,36,0,0,0,0,0,0,0,0,0,0,0,0,0,0,0,0,0,0,0,0,0,0,0,0,0,0,0
24384,25,0,4,9,0,1,27,16,0,3,0,0,0,4,0,0,0,0,0,0,0,0,0,0,0,3,0,1,0,0,0,0,0,0,0
17113,20,0,7,15,0,4,25,15,0,1,0,0,0,1,0,1,0,0,0,0,0,0,0,0,0,1,0,1,0,0,0,1,0,4,0
102603,17,0,10,17,0,10,25,10,0,3,0,0,0,2,0,2,0,0,0,0,0,0,0,0,0,2,0,1,0,0,0,1,0,4,1
102724,38,0,31,38,0,31,67,27,0,5,0,0,0,3,0,3,0,0,0,0,0,0,0,0,0,4,0,1,0,0,0,2,0,22,1
102876,1,0,0,1,0,0,0,0,0,0,0,0,0,0,0,0,0,0,0,0,0,0,0,0,0,0,0,0,0,0,0,0,0,0,1
103095,17,0,10,17,0,10,25,10,0,3,0,0,0,2,0,2,0,0,0,0,0,0,0,0,0,2,0,1,0,0,0,1,0,4,1
24491,5,0,3,5,0,3,6,3,0,1,0,0,0,0,0,1,0,0,0,0,0,0,0,0,0,0,0,0,0,0,0,0,0,1,0
102878,11,0,7,11,0,7,16,8,0,1,0,0,0,0,0,1,0,0,0,0,0,0,0,0,0,0,0,1,0,0,0,1,0,4,1
25422,6,0,10,3,0,6,14,1,0,2,0,0,0,2,0,1,0,0,0,0,0,0,0,0,0,2,0,1,0,0,0,1,0,4,0
24413,4,0,22,3,0,20,24,1,0,1,0,0,0,0,0,2,0,0,0,0,0,0,0,0,0,1,0,0,0,0,0,1,0,18,0
102408,17,0,10,17,0,10,25,10,0,3,0,0,0,2,0,2,0,0,0,0,0,0,0,0,0,2,0,1,0,0,0,1,0,4,1
102763,1,0,0,1,0,0,0,0,0,0,0,0,0,0,0,0,0,0,0,0,0,0,0,0,0,0,0,0,0,0,0,0,0,0,1
102469,1,0,0,1,0,0,0,0,0,0,0,0,0,0,0,0,0,0,0,0,0,0,0,0,0,0,0,0,0,0,0,0,0,0,1
102902,17,0,10,17,0,10,25,9,0,3,0,0,0,2,0,2,0,0,0,0,0,0,0,0,0,2,0,1,0,0,0,2,0,4,1
102767,17,0,10,17,0,10,25,10,0,3,0,0,0,2,0,2,0,0,0,0,0,0,0,0,0,2,0,1,0,0,0,1,0,4,1
25011,4,0,24,3,0,22,26,1,0,1,0,0,0,0,0,2,0,0,0,0,0,0,0,0,0,1,0,0,0,0,0,1,0,20,0
103271,1,0,0,1,0,0,0,0,0,0,0,0,0,0,0,0,0,0,0,0,0,0,0,0,0,0,0,0,0,0,0,0,0,0,1
102677,26,0,24,26,0,24,48,18,0,4,0,0,0,2,0,2,0,0,0,0,0,0,0,0,0,3,0,0,0,0,0,1,0,18,1
103096,5,0,3,5,0,3,6,3,0,1,0,0,0,0,0,1,0,0,0,0,0,0,0,0,0,0,0,0,0,0,0,0,0,1,1
102575,17,0,10,17,0,10,25,10,0,3,0,0,0,2,0,2,0,0,0,0,0,0,0,0,0,2,0,1,0,0,0,1,0,4,1
24930,5,0,0,5,0,0,3,3,0,0,0,0,0,0,0,0,0,0,0,0,0,0,0,0,0,0,0,0,0,0,0,0,0,0,0
24264,40,0,33,12,0,22,71,29,0,5,0,0,0,3,0,3,0,0,0,0,0,0,0,0,0,4,0,1,0,0,0,2,0,24,0
102573,35,0,20,35,0,20,53,26,0,4,0,0,0,3,0,2,0,0,0,0,0,0,0,0,0,3,0,1,0,0,0,1,0,13,1
22150,22,0,24,10,0,20,44,14,0,4,0,0,0,2,0,2,0,0,0,0,0,0,0,0,0,3,0,0,0,0,0,1,0,18,0
17399,32,0,0,30,0,0,30,30,0,0,0,0,0,0,0,0,0,0,0,0,0,0,0,0,0,0,0,0,0,0,0,0,0,0,0
24175,1,0,0,1,0,0,0,0,0,0,0,0,0,0,0,0,0,0,0,0,0,0,0,0,0,0,0,0,0,0,0,0,0,0,0
103056,1,0,0,1,0,0,0,0,0,0,0,0,0,0,0,0,0,0,0,0,0,0,0,0,0,0,0,0,0,0,0,0,0,0,1
102785,17,0,10,17,0,10,25,10,0,3,0,0,0,2,0,2,0,0,0,0,0,0,0,0,0,2,0,1,0,0,0,1,0,4,1
103540,38,0,31,38,0,31,67,27,0,5,0,0,0,3,0,3,0,0,0,0,0,0,0,0,0,4,0,1,0,0,0,2,0,22,1
22100,40,0,33,12,0,22,71,29,0,5,0,0,0,3,0,3,0,0,0,0,0,0,0,0,0,4,0,1,0,0,0,2,0,24,0
102851,16,0,10,16,0,10,24,9,0,3,0,0,0,2,0,2,0,0,0,0,0,0,0,0,0,2,0,1,0,0,0,1,0,4,1
102986,13,0,0,13,0,0,11,11,0,0,0,0,0,0,0,0,0,0,0,0,0,0,0,0,0,0,0,0,0,0,0,0,0,0,1
20660,38,0,29,11,0,20,65,27,0,4,0,0,0,3,0,2,0,0,0,0,0,0,0,0,0,4,0,1,0,0,0,2,0,22,0
24393,40,0,33,12,0,22,71,29,0,5,0,0,0,3,0,3,0,0,0,0,0,0,0,0,0,4,0,1,0,0,0,2,0,24,0
102728,17,0,10,17,0,10,25,10,0,3,0,0,0,2,0,2,0,0,0,0,0,0,0,0,0,2,0,1,0,0,0,1,0,4,1
22128,1,0,0,1,0,0,0,0,0,0,0,0,0,0,0,0,0,0,0,0,0,0,0,0,0,0,0,0,0,0,0,0,0,0,0
24907,31,0,6,26,0,6,35,27,0,1,0,0,0,0,0,1,0,0,0,0,0,0,0,0,0,1,0,0,0,0,0,1,0,4,0
103207,17,0,10,17,0,10,25,9,0,3,0,0,0,2,0,2,0,0,0,0,0,0,0,0,0,2,0,1,0,0,0,2,0,4,1
102686,4,0,3,4,0,3,5,2,0,1,0,0,0,0,0,1,0,0,0,0,0,0,0,0,0,0,0,0,0,0,0,0,0,1,1
1663,1126,0,0,1124,0,0,1124,1124,0,0,0,0,0,0,0,0,0,0,0,0,0,0,0,0,0,0,0,0,0,0,0,0,0,0,0
102797,17,0,10,17,0,10,25,10,0,3,0,0,0,2,0,2,0,0,0,0,0,0,0,0,0,2,0,1,0,0,0,1,0,4,1
17740,1,0,0,0,0,0,0,0,0,0,0,0,0,0,0,0,0,0,0,0,0,0,0,0,0,0,0,0,0,0,0,0,0,0,0
102926,17,0,10,17,0,10,25,10,0,3,0,0,0,2,0,2,0,0,0,0,0,0,0,0,0,2,0,1,0,0,0,1,0,4,1
24524,17,0,10,10,0,6,25,9,0,3,0,0,0,2,0,2,0,0,0,0,0,0,0,0,0,2,0,1,0,0,0,2,0,4,0
14022,131,0,15,131,0,15,144,113,0,7,0,0,0,8,0,1,0,0,0,0,0,0,0,0,0,7,0,2,0,0,0,1,0,5,0
25005,11,0,3,9,0,3,12,7,0,1,0,0,0,0,0,1,0,0,0,0,0,0,0,0,0,1,0,0,0,0,0,1,0,1,0
102596,17,0,10,17,0,10,25,10,0,3,0,0,0,2,0,2,0,0,0,0,0,0,0,0,0,2,0,1,0,0,0,1,0,4,1
13647,1,0,0,1,0,0,0,0,0,0,0,0,0,0,0,0,0,0,0,0,0,0,0,0,0,0,0,0,0,0,0,0,0,0,0
17147,19,0,7,15,0,4,24,15,0,1,0,0,0,1,0,1,0,0,0,0,0,0,0,0,0,0,0,1,0,0,0,1,0,4,0
102733,16,0,10,16,0,10,24,9,0,3,0,0,0,2,0,2,0,0,0,0,0,0,0,0,0,2,0,1,0,0,0,1,0,4,1
102791,16,0,10,16,0,10,24,9,0,3,0,0,0,2,0,2,0,0,0,0,0,0,0,0,0,2,0,1,0,0,0,1,0,4,1
25419,3,0,3,2,0,3,4,0,0,1,0,0,0,0,0,1,0,0,0,0,0,0,0,0,0,0,0,0,0,0,0,1,0,1,0
103230,210,0,27,210,0,27,235,199,0,4,0,0,0,4,0,1,0,0,0,0,0,0,0,0,0,4,0,1,0,0,0,1,0,21,1
103325,966097,0,0,966097,0,0,966095,966095,0,0,0,0,0,0,0,0,0,0,0,0,0,0,0,0,0,0,0,0,0,0,0,0,0,0,1
102366,63,0,21,63,0,21,82,41,0,8,0,0,0,7,0,5,0,0,0,0,0,0,0,0,0,8,0,4,0,0,0,5,0,4,1
102752,343,0,27,343,0,27,368,332,0,4,0,0,0,4,0,1,0,0,0,0,0,0,0,0,0,4,0,1,0,0,0,1,0,21,1
17310,126,0,16,107,0,7,140,107,0,7,0,0,0,9,0,1,0,0,0,0,0,0,0,0,0,7,0,3,0,0,0,1,0,5,0
24933,7,0,6,5,0,6,11,3,0,1,0,0,0,0,0,1,0,0,0,0,0,0,0,0,0,1,0,0,0,0,0,1,0,4,0
102613,1,0,1,1,0,1,0,0,0,0,0,0,0,0,0,0,0,0,0,0,0,0,0,0,0,0,0,0,0,0,0,0,0,0,1
17135,18,0,6,14,0,4,22,14,0,1,0,0,0,0,0,1,0,0,0,0,0,0,0,0,0,1,0,0,0,0,0,1,0,4,0
102562,37,0,31,37,0,31,66,26,0,5,0,0,0,3,0,3,0,0,0,0,0,0,0,0,0,4,0,1,0,0,0,2,0,22,1
24213,33,0,0,33,0,0,31,31,0,0,0,0,0,0,0,0,0,0,0,0,0,0,0,0,0,0,0,0,0,0,0,0,0,0,0
103881,61,0,21,61,0,21,80,39,0,8,0,0,0,7,0,5,0,0,0,0,0,0,0,0,0,8,0,4,0,0,0,5,0,4,1
25067,17,0,10,11,0,6,25,10,0,3,0,0,0,2,0,2,0,0,0,0,0,0,0,0,0,2,0,1,0,0,0,1,0,4,0
102410,1,0,0,1,0,0,0,0,0,0,0,0,0,0,0,0,0,0,0,0,0,0,0,0,0,0,0,0,0,0,0,0,0,0,1
102814,5,0,0,5,0,0,3,3,0,0,0,0,0,0,0,0,0,0,0,0,0,0,0,0,0,0,0,0,0,0,0,0,0,0,1
1587,382,0,0,382,0,0,380,380,0,0,0,0,0,0,0,0,0,0,0,0,0,0,0,0,0,0,0,0,0,0,0,0,0,0,0
102793,17,0,10,17,0,10,25,10,0,3,0,0,0,2,0,2,0,0,0,0,0,0,0,0,0,2,0,1,0,0,0,1,0,4,1
102806,4,0,24,4,0,24,26,1,0,1,0,0,0,0,0,2,0,0,0,0,0,0,0,0,0,1,0,0,0,0,0,1,0,20,1
13957,16,0,10,16,0,10,24,9,0,3,0,0,0,2,0,2,0,0,0,0,0,0,0,0,0,2,0,1,0,0,0,1,0,4,0
103210,16,0,10,16,0,10,24,9,0,3,0,0,0,2,0,2,0,0,0,0,0,0,0,0,0,2,0,1,0,0,0,1,0,4,1
102271,16,0,10,16,0,10,24,9,0,3,0,0,0,2,0,2,0,0,0,0,0,0,0,0,0,2,0,1,0,0,0,1,0,4,1
103021,42,0,35,42,0,35,75,31,0,5,0,0,0,3,0,3,0,0,0,0,0,0,0,0,0,4,0,1,0,0,0,2,0,26,1
17165,13,0,5,9,0,3,16,9,0,1,0,0,0,0,0,1,0,0,0,0,0,0,0,0,0,1,0,0,0,0,0,1,0,3,0
102490,17,0,10,17,0,10,25,10,0,3,0,0,0,2,0,2,0,0,0,0,0,0,0,0,0,2,0,1,0,0,0,1,0,4,1
13849,59,0,9,59,0,9,66,55,0,2,0,0,0,0,0,2,0,0,0,0,0,0,0,0,0,2,0,0,0,0,0,2,0,3,0
102651,39,0,33,39,0,33,70,28,0,5,0,0,0,3,0,3,0,0,0,0,0,0,0,0,0,4,0,1,0,0,0,2,0,24,1
102703,1,0,0,1,0,0,0,0,0,0,0,0,0,0,0,0,0,0,0,0,0,0,0,0,0,0,0,0,0,0,0,0,0,0,1
102713,17,0,10,17,0,10,25,10,0,3,0,0,0,2,0,2,0,0,0,0,0,0,0,0,0,2,0,1,0,0,0,1,0,4,1
25081,12,0,3,10,0,3,13,8,0,1,0,0,0,0,0,1,0,0,0,0,0,0,0,0,0,1,0,0,0,0,0,1,0,1,0
103338,8,0,0,8,0,0,6,6,0,0,0,0,0,0,0,0,0,0,0,0,0,0,0,0,0,0,0,0,0,0,0,0,0,0,1
102340,17,0,10,17,0,10,25,10,0,3,0,0,0,2,0,2,0,0,0,0,0,0,0,0,0,2,0,1,0,0,0,1,0,4,1
102999,35,0,9,35,0,9,42,33,0,0,0,0,0,0,0,0,0,0,0,0,0,0,0,0,0,1,0,0,0,0,0,1,0,7,1
102395,17,0,10,17,0,10,25,10,0,3,0,0,0,2,0,2,0,0,0,0,0,0,0,0,0,2,0,1,0,0,0,1,0,4,1
102932,1,0,1,1,0,1,0,0,0,0,0,0,0,0,0,0,0,0,0,0,0,0,0,0,0,0,0,0,0,0,0,0,0,0,1
102720,224,0,39,224,0,39,261,174,0,20,0,0,0,22,0,6,0,0,0,0,0,0,0,0,0,20,0,8,0,0,0,6,0,5,1
17141,1,0,0,0,0,0,0,0,0,0,0,0,0,0,0,0,0,0,0,0,0,0,0,0,0,0,0,0,0,0,0,0,0,0,0
102397,23,0,8,23,0,8,29,16,0,2,0,0,0,2,0,1,0,0,0,0,0,0,0,0,0,2,0,1,0,0,0,1,0,4,1
102571,17,0,10,17,0,10,25,10,0,3,0,0,0,2,0,2,0,0,0,0,0,0,0,0,0,2,0,1,0,0,0,1,0,4,1
102988,28,0,0,28,0,0,26,26,0,0,0,0,0,0,0,0,0,0,0,0,0,0,0,0,0,0,0,0,0,0,0,0,0,0,1
13668,7,0,5,7,0,5,10,3,0,1,0,0,0,0,0,1,0,0,0,0,0,0,0,0,0,1,0,0,0,0,0,1,0,3,0
17262,1,0,0,0,0,0,0,0,0,0,0,0,0,0,0,0,0,0,0,0,0,0,0,0,0,0,0,0,0,0,0,0,0,0,0
20787,3,0,3,2,0,3,4,0,0,1,0,0,0,0,0,1,0,0,0,0,0,0,0,0,0,0,0,0,0,0,0,1,0,1,0
20707,3,0,1,2,0,1,2,0,0,1,0,0,0,1,0,0,0,0,0,0,0,0,0,0,0,0,0,0,0,0,0,0,0,0,0
25367,38,0,6,33,0,6,42,34,0,1,0,0,0,0,0,1,0,0,0,0,0,0,0,0,0,1,0,0,0,0,0,1,0,4,0
103527,17,0,9,17,0,9,24,14,0,1,0,0,0,0,0,1,0,0,0,0,0,0,0,0,0,0,0,0,0,0,0,1,0,7,1
17724,20,0,7,15,0,4,25,15,0,1,0,0,0,1,0,1,0,0,0,0,0,0,0,0,0,1,0,1,0,0,0,1,0,4,0
13989,5,0,0,5,0,0,3,3,0,0,0,0,0,0,0,0,0,0,0,0,0,0,0,0,0,0,0,0,0,0,0,0,0,0,0
102938,12,0,6,12,0,6,16,9,0,1,0,0,0,0,0,1,0,0,0,0,0,0,0,0,0,0,0,1,0,0,0,1,0,3,1
103986,40,0,33,40,0,33,71,29,0,5,0,0,0,3,0,3,0,0,0,0,0,0,0,0,0,4,0,1,0,0,0,2,0,24,1
102565,11,0,10,11,0,10,19,4,0,3,0,0,0,2,0,2,0,0,0,0,0,0,0,0,0,2,0,1,0,0,0,1,0,4,1
24940,5,0,0,5,0,0,3,3,0,0,0,0,0,0,0,0,0,0,0,0,0,0,0,0,0,0,0,0,0,0,0,0,0,0,0
25498,153,0,13,58,0,3,164,138,0,7,0,0,0,2,0,5,0,0,0,0,0,0,0,0,0,6,0,0,0,0,0,5,0,1,0
14057,40,0,33,40,0,33,71,29,0,5,0,0,0,3,0,3,0,0,0,0,0,0,0,0,0,4,0,1,0,0,0,2,0,24,0
102365,7,0,0,7,0,0,5,5,0,0,0,0,0,0,0,0,0,0,0,0,0,0,0,0,0,0,0,0,0,0,0,0,0,0,1
102547,38,0,31,38,0,31,67,27,0,5,0,0,0,3,0,3,0,0,0,0,0,0,0,0,0,4,0,1,0,0,0,2,0,22,1
17256,1,0,0,0,0,0,0,0,0,0,0,0,0,0,0,0,0,0,0,0,0,0,0,0,0,0,0,0,0,0,0,0,0,0,0
20610,152,0,17,52,0,6,167,138,0,7,0,0,0,1,0,5,0,0,0,0,0,0,0,0,0,6,0,0,0,0,0,5,0,5,0
102471,239,0,26,239,0,26,263,204,0,15,0,0,0,14,0,4,0,0,0,0,0,0,0,0,0,15,0,3,0,0,0,4,0,4,1
102511,17,0,10,17,0,10,25,10,0,3,0,0,0,2,0,2,0,0,0,0,0,0,0,0,0,2,0,1,0,0,0,1,0,4,1
102850,1,0,0,1,0,0,0,0,0,0,0,0,0,0,0,0,0,0,0,0,0,0,0,0,0,0,0,0,0,0,0,0,0,0,1
103470,1,0,0,1,0,0,0,0,0,0,0,0,0,0,0,0,0,0,0,0,0,0,0,0,0,0,0,0,0,0,0,0,0,0,1
102693,2,0,8,2,0,8,8,0,0,0,0,0,0,0,0,1,0,0,0,0,0,0,0,0,0,0,0,0,0,0,0,1,0,6,1
102631,11,0,5,11,0,5,14,9,0,1,0,0,0,0,0,1,0,0,0,0,0,0,0,0,0,0,0,0,0,0,0,0,0,3,1
17336,7,0,0,5,0,0,5,5,0,0,0,0,0,0,0,0,0,0,0,0,0,0,0,0,0,0,0,0,0,0,0,0,0,0,0
102584,17,0,10,17,0,10,25,10,0,3,0,0,0,2,0,2,0,0,0,0,0,0,0,0,0,2,0,1,0,0,0,1,0,4,1
13976,3,0,3,3,0,3,4,0,0,1,0,0,0,0,0,1,0,0,0,0,0,0,0,0,0,0,0,0,0,0,0,1,0,1,0
25433,16,0,10,10,0,6,24,9,0,3,0,0,0,2,0,2,0,0,0,0,0,0,0,0,0,2,0,1,0,0,0,1,0,4,0
17447,19,0,7,14,0,4,24,14,0,1,0,0,0,1,0,1,0,0,0,0,0,0,0,0,0,1,0,1,0,0,0,1,0,4,0
103009,16,0,1,16,0,1,15,14,0,0,0,0,0,0,0,0,0,0,0,0,0,0,0,0,0,1,0,0,0,0,0,0,0,0,1
103331,17,0,10,17,0,10,25,10,0,3,0,0,0,2,0,2,0,0,0,0,0,0,0,0,0,2,0,1,0,0,0,1,0,4,1
17123,5,0,4,2,0,2,7,2,0,1,0,0,0,0,0,1,0,0,0,0,0,0,0,0,0,0,0,0,0,0,0,1,0,2,0
25050,17,0,10,11,0,6,25,10,0,3,0,0,0,2,0,2,0,0,0,0,0,0,0,0,0,2,0,1,0,0,0,1,0,4,0
103017,17,0,10,17,0,10,25,10,0,3,0,0,0,2,0,2,0,0,0,0,0,0,0,0,0,2,0,1,0,0,0,1,0,4,1
13985,33,0,18,33,0,18,49,29,0,1,0,0,0,0,0,1,0,0,0,0,0,0,0,0,0,1,0,0,0,0,0,1,0,16,0
103579,119,0,14,119,0,14,131,97,0,9,0,0,0,9,0,2,0,0,0,0,0,0,0,0,0,9,0,2,0,0,0,2,0,1,1
103328,16,0,10,16,0,10,24,9,0,3,0,0,0,2,0,2,0,0,0,0,0,0,0,0,0,2,0,1,0,0,0,1,0,4,1
20609,31,0,9,11,0,6,38,22,0,3,0,0,0,3,0,1,0,0,0,0,0,0,0,0,0,3,0,1,0,0,0,1,0,4,0
22177,9,0,6,5,0,6,13,5,0,1,0,0,0,0,0,1,0,0,0,0,0,0,0,0,0,1,0,0,0,0,0,1,0,4,0
102619,1,0,0,1,0,0,0,0,0,0,0,0,0,0,0,0,0,0,0,0,0,0,0,0,0,0,0,0,0,0,0,0,0,0,1
102270,3,0,3,3,0,3,4,0,0,1,0,0,0,0,0,1,0,0,0,0,0,0,0,0,0,0,0,0,0,0,0,1,0,1,1
102825,5,0,3,5,0,3,6,3,0,1,0,0,0,0,0,1,0,0,0,0,0,0,0,0,0,0,0,0,0,0,0,0,0,1,1
103094,11,0,4,11,0,4,13,5,0,3,0,0,0,2,0,1,0,0,0,0,0,0,0,0,0,2,0,0,0,0,0,0,0,0,1
17713,4,0,4,1,0,2,6,1,0,1,0,0,0,0,0,1,0,0,0,0,0,0,0,0,0,0,0,0,0,0,0,1,0,2,0
102422,1,0,0,1,0,0,0,0,0,0,0,0,0,0,0,0,0,0,0,0,0,0,0,0,0,0,0,0,0,0,0,0,0,0,1
102623,17,0,10,17,0,10,25,10,0,3,0,0,0,2,0,2,0,0,0,0,0,0,0,0,0,2,0,1,0,0,0,1,0,4,1
17101,27,0,8,19,0,3,33,19,0,3,0,0,0,1,0,2,0,0,0,0,0,0,0,0,0,3,0,0,0,0,0,2,0,3,0
102687,339,0,27,339,0,27,364,328,0,4,0,0,0,4,0,1,0,0,0,0,0,0,0,0,0,4,0,1,0,0,0,1,0,21,1
730,79,0,0,79,0,0,77,77,0,0,0,0,0,0,0,0,0,0,0,0,0,0,0,0,0,0,0,0,0,0,0,0,0,0,0
13888,1,0,0,1,0,0,0,0,0,0,0,0,0,0,0,0,0,0,0,0,0,0,0,0,0,0,0,0,0,0,0,0,0,0,0
24356,1,0,0,1,0,0,0,0,0,0,0,0,0,0,0,0,0,0,0,0,0,0,0,0,0,0,0,0,0,0,0,0,0,0,0
17146,20,0,7,15,0,4,25,15,0,1,0,0,0,1,0,1,0,0,0,0,0,0,0,0,0,1,0,1,0,0,0,1,0,4,0
102566,1,0,0,1,0,0,0,0,0,0,0,0,0,0,0,0,0,0,0,0,0,0,0,0,0,0,0,0,0,0,0,0,0,0,1
103020,1,0,0,1,0,0,0,0,0,0,0,0,0,0,0,0,0,0,0,0,0,0,0,0,0,0,0,0,0,0,0,0,0,0,1
17250,12,0,3,8,0,1,13,8,0,1,0,0,0,0,0,1,0,0,0,0,0,0,0,0,0,1,0,0,0,0,0,1,0,1,0
25069,38,0,31,11,0,20,67,27,0,5,0,0,0,3,0,3,0,0,0,0,0,0,0,0,0,4,0,1,0,0,0,2,0,22,0
102402,14470,101,0,14470,101,0,14569,14468,0,0,0,0,0,0,0,0,1,0,0,1,99,0,0,0,0,0,0,0,0,0,0,0,0,0,1
25322,21,0,6,11,0,6,25,17,0,1,0,0,0,0,0,1,0,0,0,0,0,0,0,0,0,1,0,0,0,0,0,1,0,4,0
103485,17,0,10,17,0,10,25,10,0,3,0,0,0,2,0,2,0,0,0,0,0,0,0,0,0,2,0,1,0,0,0,1,0,4,1
24424,108,0,14,60,0,6,120,96,0,5,0,0,0,1,0,4,0,0,0,0,0,0,0,0,0,5,0,0,0,0,0,4,0,5,0
102724,17,0,10,17,0,10,25,10,0,3,0,0,0,2,0,2,0,0,0,0,0,0,0,0,0,2,0,1,0,0,0,1,0,4,1
24554,3,0,3,2,0,3,4,0,0,1,0,0,0,0,0,1,0,0,0,0,0,0,0,0,0,0,0,0,0,0,0,1,0,1,0
13912,16,0,10,16,0,10,24,9,0,3,0,0,0,2,0,2,0,0,0,0,0,0,0,0,0,2,0,1,0,0,0,1,0,4,0
24453,39,0,33,12,0,22,70,28,0,5,0,0,0,3,0,3,0,0,0,0,0,0,0,0,0,4,0,1,0,0,0,2,0,24,0
102778,17,0,10,17,0,10,25,10,0,3,0,0,0,2,0,2,0,0,0,0,0,0,0,0,0,2,0,1,0,0,0,1,0,4,1
103341,40,0,33,40,0,33,71,29,0,5,0,0,0,3,0,3,0,0,0,0,0,0,0,0,0,4,0,1,0,0,0,2,0,24,1
102953,38,0,31,38,0,31,67,27,0,5,0,0,0,3,0,3,0,0,0,0,0,0,0,0,0,4,0,1,0,0,0,2,0,22,1
102191,17,0,10,17,0,10,25,10,0,3,0,0,0,2,0,2,0,0,0,0,0,0,0,0,0,2,0,1,0,0,0,1,0,4,1
103945,17,0,10,17,0,10,25,10,0,3,0,0,0,2,0,2,0,0,0,0,0,0,0,0,0,2,0,1,0,0,0,1,0,4,1
102128,17,0,10,17,0,10,25,10,0,3,0,0,0,2,0,2,0,0,0,0,0,0,0,0,0,2,0,1,0,0,0,1,0,4,1
102704,16,0,10,16,0,10,24,9,0,3,0,0,0,2,0,2,0,0,0,0,0,0,0,0,0,2,0,1,0,0,0,1,0,4,1
102900,17,0,10,17,0,10,25,10,0,3,0,0,0,2,0,2,0,0,0,0,0,0,0,0,0,2,0,1,0,0,0,1,0,4,1
13844,69,0,67,69,0,67,134,63,0,2,0,0,0,1,0,1,0,0,0,0,0,0,0,0,0,2,0,0,0,0,0,1,0,64,0
642,29,0,0,29,0,0,27,27,0,0,0,0,0,0,0,0,0,0,0,0,0,0,0,0,0,0,0,0,0,0,0,0,0,0,0
102576,17,0,10,17,0,10,25,10,0,3,0,0,0,2,0,2,0,0,0,0,0,0,0,0,0,2,0,1,0,0,0,1,0,4,1
103555,17,0,10,17,0,10,25,10,0,3,0,0,0,2,0,2,0,0,0,0,0,0,0,0,0,2,0,1,0,0,0,1,0,4,1
20392,599,0,0,599,0,0,597,597,0,0,0,0,0,0,0,0,0,0,0,0,0,0,0,0,0,0,0,0,0,0,0,0,0,0,0
102825,17,0,10,17,0,10,25,10,0,3,0,0,0,2,0,2,0,0,0,0,0,0,0,0,0,2,0,1,0,0,0,1,0,4,1
102558,22,0,7,22,0,7,27,18,0,1,0,0,0,0,0,1,0,0,0,0,0,0,0,0,0,1,0,0,0,0,0,1,0,5,1
102412,546,0,18,546,0,18,562,529,0,8,0,0,0,5,0,3,0,0,0,0,0,0,0,0,0,7,0,1,0,0,0,3,0,6,1
102784,17,0,10,17,0,10,25,10,0,3,0,0,0,2,0,2,0,0,0,0,0,0,0,0,0,2,0,1,0,0,0,1,0,4,1
103170,17,0,10,17,0,10,25,10,0,3,0,0,0,2,0,2,0,0,0,0,0,0,0,0,0,2,0,1,0,0,0,1,0,4,1
24932,3,0,3,2,0,3,4,0,0,1,0,0,0,0,0,1,0,0,0,0,0,0,0,0,0,0,0,0,0,0,0,1,0,1,0
102936,17,0,10,17,0,10,25,10,0,3,0,0,0,2,0,2,0,0,0,0,0,0,0,0,0,2,0,1,0,0,0,1,0,4,1
102453,4,0,24,4,0,24,26,1,0,1,0,0,0,0,0,2,0,0,0,0,0,0,0,0,0,1,0,0,0,0,0,1,0,20,1
103959,37,0,31,37,0,31,66,25,0,5,0,0,0,3,0,3,0,0,0,0,0,0,0,0,0,4,0,1,0,0,0,3,0,22,1
103456,17,0,10,17,0,10,25,9,0,3,0,0,0,2,0,2,0,0,0,0,0,0,0,0,0,2,0,1,0,0,0,2,0,4,1
102713,17,0,10,17,0,10,25,10,0,3,0,0,0,2,0,2,0,0,0,0,0,0,0,0,0,2,0,1,0,0,0,1,0,4,1
102830,42,0,35,42,0,35,75,30,0,5,0,0,0,3,0,3,0,0,0,0,0,0,0,0,0,4,0,1,0,0,0,3,0,26,1
1663,163,0,0,163,0,0,161,161,0,0,0,0,0,0,0,0,0,0,0,0,0,0,0,0,0,0,0,0,0,0,0,0,0,0,0
24980,2,0,0,2,0,0,0,0,0,0,0,0,0,0,0,0,0,0,0,0,0,0,0,0,0,0,0,0,0,0,0,0,0,0,0
102972,81,0,8,81,0,8,87,75,0,2,0,0,0,1,0,1,0,0,0,0,0,0,0,0,0,2,0,0,0,0,0,1,0,5,1
17608,20,0,7,15,0,4,25,15,0,1,0,0,0,1,0,1,0,0,0,0,0,0,0,0,0,1,0,1,0,0,0,1,0,4,0
102131,17,0,10,17,0,10,25,10,0,3,0,0,0,2,0,2,0,0,0,0,0,0,0,0,0,2,0,1,0,0,0,1,0,4,1
102418,17,0,6,17,0,6,21,13,0,1,0,0,0,0,0,1,0,0,0,0,0,0,0,0,0,1,0,0,0,0,0,1,0,4,1
102607,4,0,1,4,0,1,3,1,0,1,0,0,0,1,0,0,0,0,0,0,0,0,0,0,0,0,0,0,0,0,0,0,0,0,1
102145,38,0,9,38,0,9,45,29,0,3,0,0,0,3,0,1,0,0,0,0,0,0,0,0,0,3,0,1,0,0,0,1,0,4,1
24464,123,0,10,45,0,3,131,111,0,5,0,0,0,1,0,4,0,0,0,0,0,0,0,0,0,5,0,0,0,0,0,4,0,1,0
102544,4,0,3,4,0,3,5,1,0,1,0,0,0,1,0,1,0,0,0,0,0,0,0,0,0,1,0,0,0,0,0,0,0,0,1
102146,17,0,10,17,0,10,25,10,0,3,0,0,0,2,0,2,0,0,0,0,0,0,0,0,0,2,0,1,0,0,0,1,0,4,1
17418,20,0,7,15,0,4,25,15,0,1,0,0,0,1,0,1,0,0,0,0,0,0,0,0,0,1,0,1,0,0,0,1,0,4,0
102620,17,0,10,17,0,10,25,10,0,3,0,0,0,2,0,2,0,0,0,0,0,0,0,0,0,2,0,1,0,0,0,1,0,4,1
24912,13,0,7,7,0,7,18,9,0,1,0,0,0,0,0,1,0,0,0,0,0,0,0,0,0,1,0,0,0,0,0,1,0,5,0
20619,115,0,14,60,0,6,127,103,0,5,0,0,0,1,0,4,0,0,0,0,0,0,0,0,0,5,0,0,0,0,0,4,0,5,0
103955,37,0,31,37,0,31,66,26,0,5,0,0,0,3,0,3,0,0,0,0,0,0,0,0,0,4,0,1,0,0,0,2,0,22,1
103387,37,0,31,37,0,31,66,26,0,5,0,0,0,3,0,3,0,0,0,0,0,0,0,0,0,4,0,1,0,0,0,2,0,22,1
102768,16,0,10,16,0,10,24,9,0,3,0,0,0,2,0,2,0,0,0,0,0,0,0,0,0,2,0,1,0,0,0,1,0,4,1
24458,17,0,10,11,0,6,25,10,0,3,0,0,0,2,0,2,0,0,0,0,0,0,0,0,0,2,0,1,0,0,0,1,0,4,0
103226,16,0,10,16,0,10,24,9,0,3,0,0,0,2,0,2,0,0,0,0,0,0,0,0,0,2,0,1,0,0,0,1,0,4,1
103432,11,0,0,11,0,0,9,9,0,0,0,0,0,0,0,0,0,0,0,0,0,0,0,0,0,0,0,0,0,0,0,0,0,0,1
102600,38,0,31,38,0,31,67,27,0,5,0,0,0,3,0,3,0,0,0,0,0,0,0,0,0,4,0,1,0,0,0,2,0,22,1
103069,14,0,5,14,0,5,17,7,0,3,0,0,0,3,0,1,0,0,0,0,0,0,0,0,0,2,0,1,0,0,0,0,0,0,1
1276,4,0,1,2,0,1,3,0,0,1,0,0,0,1,0,0,0,0,0,0,0,0,0,0,0,1,0,0,0,0,0,0,0,0,0
103594,4,0,24,4,0,24,26,1,0,1,0,0,0,0,0,2,0,0,0,0,0,0,0,0,0,1,0,0,0,0,0,1,0,20,1
24553,16,0,10,10,0,6,24,9,0,3,0,0,0,2,0,2,0,0,0,0,0,0,0,0,0,2,0,1,0,0,0,1,0,4,0
102606,16,0,10,16,0,10,24,9,0,3,0,0,0,2,0,2,0,0,0,0,0,0,0,0,0,2,0,1,0,0,0,1,0,4,1
102722,17,0,10,17,0,10,25,10,0,3,0,0,0,2,0,2,0,0,0,0,0,0,0,0,0,2,0,1,0,0,0,1,0,4,1
103773,12,0,0,12,0,0,10,10,0,0,0,0,0,0,0,0,0,0,0,0,0,0,0,0,0,0,0,0,0,0,0,0,0,0,1
17309,5,0,3,3,0,1,6,3,0,1,0,0,0,0,0,1,0,0,0,0,0,0,0,0,0,0,0,0,0,0,0,0,0,1,0
13944,39,0,18,39,0,18,55,35,0,1,0,0,0,0,0,1,0,0,0,0,0,0,0,0,0,1,0,0,0,0,0,1,0,16,0
102898,29,0,31,29,0,31,58,20,0,4,0,0,0,3,0,2,0,0,0,0,0,0,0,0,0,4,0,1,0,0,0,2,0,22,1
102785,16,0,10,16,0,10,24,9,0,3,0,0,0,2,0,2,0,0,0,0,0,0,0,0,0,2,0,1,0,0,0,1,0,4,1
17109,20,0,7,15,0,4,25,15,0,1,0,0,0,1,0,1,0,0,0,0,0,0,0,0,0,1,0,1,0,0,0,1,0,4,0
17263,1,0,0,0,0,0,0,0,0,0,0,0,0,0,0,0,0,0,0,0,0,0,0,0,0,0,0,0,0,0,0,0,0,0,0
102371,5,0,22,5,0,22,25,1,0,2,0,0,0,0,0,2,0,0,0,0,0,0,0,0,0,1,0,0,0,0,0,1,0,18,1
24408,5,0,0,5,0,0,3,3,0,0,0,0,0,0,0,0,0,0,0,0,0,0,0,0,0,0,0,0,0,0,0,0,0,0,0
17566,4,0,0,2,0,0,2,2,0,0,0,0,0,0,0,0,0,0,0,0,0,0,0,0,0,0,0,0,0,0,0,0,0,0,0
17655,20,0,7,15,0,4,25,15,0,1,0,0,0,1,0,1,0,0,0,0,0,0,0,0,0,1,0,1,0,0,0,1,0,4,0
25021,17,0,10,11,0,6,25,10,0,3,0,0,0,2,0,2,0,0,0,0,0,0,0,0,0,2,0,1,0,0,0,1,0,4,0
102793,38,0,31,38,0,31,67,27,0,5,0,0,0,3,0,3,0,0,0,0,0,0,0,0,0,4,0,1,0,0,0,2,0,22,1
103154,17,0,10,17,0,10,25,10,0,3,0,0,0,2,0,2,0,0,0,0,0,0,0,0,0,3,0,0,0,0,0,1,0,4,1
24455,1,0,0,1,0,0,0,0,0,0,0,0,0,0,0,0,0,0,0,0,0,0,0,0,0,0,0,0,0,0,0,0,0,0,0
102887,35,0,9,35,0,9,42,26,0,3,0,0,0,3,0,1,0,0,0,0,0,0,0,0,0,3,0,1,0,0,0,1,0,4,1
103059,17,0,10,17,0,10,25,10,0,3,0,0,0,2,0,2,0,0,0,0,0,0,0,0,0,2,0,1,0,0,0,1,0,4,1
102994,17,0,10,17,0,10,25,10,0,3,0,0,0,2,0,2,0,0,0,0,0,0,0,0,0,2,0,1,0,0,0,1,0,4,1
25042,3,0,3,2,0,3,4,0,0,1,0,0,0,0,0,1,0,0,0,0,0,0,0,0,0,0,0,0,0,0,0,1,0,1,0
103663,7,0,0,7,0,0,5,5,0,0,0,0,0,0,0,0,0,0,0,0,0,0,0,0,0,0,0,0,0,0,0,0,0,0,1
102636,16,0,10,16,0,10,24,9,0,3,0,0,0,2,0,2,0,0,0,0,0,0,0,0,0,2,0,1,0,0,0,1,0,4,1
22132,17,0,10,11,0,6,25,10,0,3,0,0,0,2,0,2,0,0,0,0,0,0,0,0,0,2,0,1,0,0,0,1,0,4,0
20552,65,0,3,39,0,2,66,60,0,2,0,0,0,1,0,1,0,0,0,0,0,0,0,0,0,1,0,0,0,0,0,1,0,0,0
102721,17,0,10,17,0,10,25,10,0,3,0,0,0,2,0,2,0,0,0,0,0,0,0,0,0,2,0,1,0,0,0,1,0,4,1
102723,1,0,0,1,0,0,0,0,0,0,0,0,0,0,0,0,0,0,0,0,0,0,0,0,0,0,0,0,0,0,0,0,0,0,1
102971,1,0,0,1,0,0,0,0,0,0,0,0,0,0,0,0,0,0,0,0,0,0,0,0,0,0,0,0,0,0,0,0,0,0,1
102435,12,0,2,12,0,2,12,8,0,2,0,0,0,1,0,0,0,0,0,0,0,0,0,0,0,1,0,0,0,0,0,0,0,0,1
102871,13,0,3,13,0,3,14,7,0,2,0,0,0,3,0,0,0,0,0,0,0,0,0,0,0,1,0,1,0,0,0,0,0,0,1
102226,17,0,10,17,0,10,25,10,0,3,0,0,0,2,0,2,0,0,0,0,0,0,0,0,0,2,0,1,0,0,0,1,0,4,1
24198,1,0,0,1,0,0,0,0,0,0,0,0,0,0,0,0,0,0,0,0,0,0,0,0,0,0,0,0,0,0,0,0,0,0,0
103291,17,0,10,17,0,10,25,10,0,3,0,0,0,2,0,2,0,0,0,0,0,0,0,0,0,2,0,1,0,0,0,1,0,4,1
17409,19,0,7,14,0,4,24,14,0,1,0,0,0,1,0,1,0,0,0,0,0,0,0,0,0,1,0,1,0,0,0,1,0,4,0
102788,5,0,3,5,0,3,6,2,0,1,0,0,0,0,0,1,0,0,0,0,0,0,0,0,0,0,0,0,0,0,0,1,0,1,1
102374,17,0,10,17,0,10,25,10,0,3,0,0,0,2,0,2,0,0,0,0,0,0,0,0,0,2,0,1,0,0,0,1,0,4,1
102642,17,0,10,17,0,10,25,10,0,3,0,0,0,2,0,2,0,0,0,0,0,0,0,0,0,2,0,1,0,0,0,1,0,4,1
102756,345,0,27,345,0,27,370,334,0,4,0,0,0,4,0,1,0,0,0,0,0,0,0,0,0,4,0,1,0,0,0,1,0,21,1
22044,17,0,10,11,0,6,25,10,0,3,0,0,0,2,0,2,0,0,0,0,0,0,0,0,0,2,0,1,0,0,0,1,0,4,0
14067,11,0,6,11,0,6,15,9,0,1,0,0,0,0,0,1,0,0,0,0,0,0,0,0,0,0,0,0,0,0,0,0,0,4,0
24403,3,0,3,2,0,3,4,0,0,1,0,0,0,0,0,1,0,0,0,0,0,0,0,0,0,0,0,0,0,0,0,1,0,1,0
7179,4,0,0,4,0,0,2,2,0,0,0,0,0,0,0,0,0,0,0,0,0,0,0,0,0,0,0,0,0,0,0,0,0,0,0
20796,38,0,31,11,0,20,67,27,0,5,0,0,0,3,0,3,0,0,0,0,0,0,0,0,0,4,0,1,0,0,0,2,0,22,0
102358,13,0,5,13,0,5,16,9,0,1,0,0,0,0,0,1,0,0,0,0,0,0,0,0,0,1,0,0,0,0,0,1,0,3,1
25058,38,0,6,33,0,6,42,34,0,1,0,0,0,0,0,1,0,0,0,0,0,0,0,0,0,1,0,0,0,0,0,1,0,4,0
102330,9,0,2,9,0,2,9,4,0,1,0,0,0,2,0,0,0,0,0,0,0,0,0,0,0,1,0,1,0,0,0,0,0,0,1
102602,17,0,10,17,0,10,25,10,0,3,0,0,0,2,0,2,0,0,0,0,0,0,0,0,0,2,0,1,0,0,0,1,0,4,1
550,50,0,0,50,0,0,48,48,0,0,0,0,0,0,0,0,0,0,0,0,0,0,0,0,0,0,0,0,0,0,0,0,0,0,0
13740,11,0,3,11,0,3,12,7,0,1,0,0,0,0,0,1,0,0,0,0,0,0,0,0,0,1,0,0,0,0,0,1,0,1,0
103037,336,0,0,336,0,0,334,334,0,0,0,0,0,0,0,0,0,0,0,0,0,0,0,0,0,0,0,0,0,0,0,0,0,0,1
102829,17,0,10,17,0,10,25,10,0,3,0,0,0,2,0,2,0,0,0,0,0,0,0,0,0,2,0,1,0,0,0,1,0,4,1
103405,17,0,10,17,0,10,25,10,0,3,0,0,0,2,0,2,0,0,0,0,0,0,0,0,0,2,0,1,0,0,0,1,0,4,1
103044,7,0,5,7,0,5,10,5,0,1,0,0,0,0,0,1,0,0,0,0,0,0,0,0,0,0,0,0,0,0,0,0,0,3,1
14026,40,0,33,40,0,33,71,29,0,5,0,0,0,3,0,3,0,0,0,0,0,0,0,0,0,4,0,1,0,0,0,2,0,24,0
103378,17,0,10,17,0,10,25,10,0,3,0,0,0,2,0,2,0,0,0,0,0,0,0,0,0,2,0,1,0,0,0,1,0,4,1
24177,37,0,31,11,0,20,66,26,0,5,0,0,0,3,0,3,0,0,0,0,0,0,0,0,0,4,0,1,0,0,0,2,0,22,0
20566,38,0,31,11,0,20,67,27,0,5,0,0,0,3,0,3,0,0,0,0,0,0,0,0,0,4,0,1,0,0,0,2,0,22,0
24902,116,0,10,58,0,3,124,104,0,5,0,0,0,1,0,4,0,0,0,0,0,0,0,0,0,5,0,0,0,0,0,4,0,1,0
102391,335,0,14,335,0,14,347,329,0,2,0,0,0,1,0,1,0,0,0,0,0,0,0,0,0,2,0,0,0,0,0,1,0,11,1
102746,17,0,10,17,0,10,25,10,0,3,0,0,0,2,0,2,0,0,0,0,0,0,0,0,0,2,0,1,0,0,0,1,0,4,1
17334,5,0,4,1,0,2,7,1,0,1,0,0,0,0,0,1,0,0,0,0,0,0,0,0,0,1,0,0,0,0,0,1,0,2,0
102411,17,0,10,17,0,10,25,10,0,3,0,0,0,2,0,2,0,0,0,0,0,0,0,0,0,2,0,1,0,0,0,1,0,4,1
20633,17,0,10,11,0,6,25,10,0,3,0,0,0,2,0,2,0,0,0,0,0,0,0,0,0,2,0,1,0,0,0,1,0,4,0
25454,11,0,2,11,0,2,11,9,0,1,0,0,0,0,0,1,0,0,0,0,0,0,0,0,0,0,0,0,0,0,0,0,0,0,0
102607,17,0,10,17,0,10,25,10,0,3,0,0,0,2,0,2,0,0,0,0,0,0,0,0,0,2,0,1,0,0,0,1,0,4,1
102411,3,0,3,3,0,3,4,0,0,1,0,0,0,0,0,1,0,0,0,0,0,0,0,0,0,0,0,0,0,0,0,1,0,1,1
17615,19,0,7,14,0,4,24,14,0,1,0,0,0,1,0,1,0,0,0,0,0,0,0,0,0,1,0,1,0,0,0,1,0,4,0
102754,17,0,10,17,0,10,25,10,0,3,0,0,0,2,0,2,0,0,0,0,0,0,0,0,0,2,0,1,0,0,0,1,0,4,1
17238,2,0,0,0,0,0,0,0,0,0,0,0,0,0,0,0,0,0,0,0,0,0,0,0,0,0,0,0,0,0,0,0,0,0,0
102016,17,0,10,17,0,10,25,10,0,3,0,0,0,2,0,2,0,0,0,0,0,0,0,0,0,2,0,1,0,0,0,1,0,4,1
102654,1,0,0,1,0,0,0,0,0,0,0,0,0,0,0,0,0,0,0,0,0,0,0,0,0,0,0,0,0,0,0,0,0,0,1
17370,1,0,0,0,0,0,0,0,0,0,0,0,0,0,0,0,0,0,0,0,0,0,0,0,0,0,0,0,0,0,0,0,0,0,0
103055,1,0,0,1,0,0,0,0,0,0,0,0,0,0,0,0,0,0,0,0,0,0,0,0,0,0,0,0,0,0,0,0,0,0,1
103169,17,0,10,17,0,10,25,10,0,3,0,0,0,2,0,2,0,0,0,0,0,0,0,0,0,2,0,1,0,0,0,1,0,4,1
17090,2,0,0,0,0,0,0,0,0,0,0,0,0,0,0,0,0,0,0,0,0,0,0,0,0,0,0,0,0,0,0,0,0,0,0
25423,10,0,1,5,0,1,9,6,0,1,0,0,0,1,0,0,0,0,0,0,0,0,0,0,0,1,0,0,0,0,0,0,0,0,0
103746,430,0,3,430,0,3,431,422,0,3,0,0,0,3,0,0,0,0,0,0,0,0,0,0,0,3,0,0,0,0,0,0,0,0,1
1187,760,0,0,760,0,0,758,758,0,0,0,0,0,0,0,0,0,0,0,0,0,0,0,0,0,0,0,0,0,0,0,0,0,0,0
103001,17,0,10,17,0,10,25,8,0,3,0,0,0,2,0,2,0,0,0,0,0,0,0,0,0,3,0,1,0,0,0,2,0,4,1
103217,6,0,8,6,0,8,12,4,0,1,0,0,0,0,0,1,0,0,0,0,0,0,0,0,0,0,0,0,0,0,0,0,0,6,1
102345,16,0,10,16,0,10,24,9,0,3,0,0,0,2,0,2,0,0,0,0,0,0,0,0,0,2,0,1,0,0,0,1,0,4,1
17720,20,0,7,15,0,4,25,15,0,1,0,0,0,1,0,1,0,0,0,0,0,0,0,0,0,1,0,1,0,0,0,1,0,4,0
24224,544,0,118,206,0,41,660,517,0,11,0,0,0,7,0,7,0,0,0,0,0,0,0,0,0,11,0,3,0,0,0,7,0,97,0
102609,17,0,10,17,0,10,25,10,0,3,0,0,0,2,0,2,0,0,0,0,0,0,0,0,0,2,0,1,0,0,0,1,0,4,1
13698,5,0,3,5,0,3,6,3,0,1,0,0,0,0,0,1,0,0,0,0,0,0,0,0,0,0,0,0,0,0,0,0,0,1,0
102831,17,0,10,17,0,10,25,10,0,3,0,0,0,2,0,2,0,0,0,0,0,0,0,0,0,2,0,1,0,0,0,1,0,4,1
102696,1,0,0,1,0,0,0,0,0,0,0,0,0,0,0,0,0,0,0,0,0,0,0,0,0,0,0,0,0,0,0,0,0,0,1
103014,38,0,31,38,0,31,67,27,0,5,0,0,0,3,0,3,0,0,0,0,0,0,0,0,0,4,0,1,0,0,0,2,0,22,1
102863,17,0,10,17,0,10,25,10,0,3,0,0,0,2,0,2,0,0,0,0,0,0,0,0,0,2,0,1,0,0,0,1,0,4,1
102685,149,0,26,149,0,26,173,119,0,11,0,0,0,14,0,3,0,0,0,0,0,0,0,0,0,11,0,6,0,0,0,3,0,6,1
103017,10,0,3,10,0,3,11,6,0,1,0,0,0,0,0,1,0,0,0,0,0,0,0,0,0,1,0,0,0,0,0,1,0,1,1
923,264,0,0,262,0,0,262,262,0,0,0,0,0,0,0,0,0,0,0,0,0,0,0,0,0,0,0,0,0,0,0,0,0,0,0
17283,40,0,6,36,0,4,44,36,0,1,0,0,0,0,0,1,0,0,0,0,0,0,0,0,0,1,0,0,0,0,0,1,0,4,0
16997,228,0,41,174,0,22,267,174,0,22,0,0,0,24,0,6,0,0,0,0,0,0,0,0,0,22,0,8,0,0,0,6,0,5,0
13915,39,0,18,39,0,18,55,35,0,1,0,0,0,0,0,1,0,0,0,0,0,0,0,0,0,1,0,0,0,0,0,1,0,16,0
103761,19,0,0,19,0,0,17,17,0,0,0,0,0,0,0,0,0,0,0,0,0,0,0,0,0,0,0,0,0,0,0,0,0,0,1
102737,35,0,9,35,0,9,42,26,0,3,0,0,0,3,0,1,0,0,0,0,0,0,0,0,0,3,0,1,0,0,0,1,0,4,1
20755,38,0,31,11,0,20,67,26,0,5,0,0,0,3,0,3,0,0,0,0,0,0,0,0,0,4,0,1,0,0,0,3,0,22,0
103100,40,0,33,40,0,33,71,29,0,5,0,0,0,3,0,3,0,0,0,0,0,0,0,0,0,4,0,1,0,0,0,2,0,24,1
6025,65,0,0,63,0,0,63,63,0,0,0,0,0,0,0,0,0,0,0,0,0,0,0,0,0,0,0,0,0,0,0,0,0,0,0
1663,725,0,0,725,0,0,723,723,0,0,0,0,0,0,0,0,0,0,0,0,0,0,0,0,0,0,0,0,0,0,0,0,0,0,0
102676,17,0,10,17,0,10,25,9,0,3,0,0,0,2,0,2,0,0,0,0,0,0,0,0,0,2,0,1,0,0,0,2,0,4,1
103455,38,0,31,38,0,31,67,27,0,5,0,0,0,3,0,3,0,0,0,0,0,0,0,0,0,4,0,1,0,0,0,2,0,22,1
102153,5,0,6,5,0,6,9,1,0,2,0,0,0,1,0,1,0,0,0,0,0,0,0,0,0,2,0,0,0,0,0,1,0,1,1
22130,4,0,4,4,0,4,6,2,0,1,0,0,0,0,0,1,0,0,0,0,0,0,0,0,0,0,0,0,0,0,0,0,0,2,0
102708,17,0,10,17,0,10,25,10,0,3,0,0,0,2,0,2,0,0,0,0,0,0,0,0,0,2,0,1,0,0,0,1,0,4,1
103289,17,0,10,17,0,10,25,10,0,3,0,0,0,2,0,2,0,0,0,0,0,0,0,0,0,2,0,1,0,0,0,1,0,4,1
24471,38,0,6,33,0,6,42,34,0,1,0,0,0,0,0,1,0,0,0,0,0,0,0,0,0,1,0,0,0,0,0,1,0,4,0
17558,20,0,7,15,0,4,25,15,0,1,0,0,0,1,0,1,0,0,0,0,0,0,0,0,0,1,0,1,0,0,0,1,0,4,0
102917,37,0,31,37,0,31,66,26,0,5,0,0,0,3,0,3,0,0,0,0,0,0,0,0,0,4,0,1,0,0,0,2,0,22,1
1442,51,0,0,51,0,0,49,49,0,0,0,0,0,0,0,0,0,0,0,0,0,0,0,0,0,0,0,0,0,0,0,0,0,0,0
102832,17,0,10,17,0,10,25,10,0,3,0,0,0,2,0,2,0,0,0,0,0,0,0,0,0,2,0,1,0,0,0,1,0,4,1
20558,1,0,0,1,0,0,0,0,0,0,0,0,0,0,0,0,0,0,0,0,0,0,0,0,0,0,0,0,0,0,0,0,0,0,0
102901,17,0,10,17,0,10,25,10,0,3,0,0,0,2,0,2,0,0,0,0,0,0,0,0,0,2,0,1,0,0,0,1,0,4,1
103131,9,0,9,9,0,9,16,5,0,1,0,0,0,1,0,1,0,0,0,0,0,0,0,0,0,0,0,1,0,0,0,1,0,6,1
17116,20,0,7,15,0,4,25,15,0,1,0,0,0,1,0,1,0,0,0,0,0,0,0,0,0,1,0,1,0,0,0,1,0,4,0
103696,1,0,0,1,0,0,0,0,0,0,0,0,0,0,0,0,0,0,0,0,0,0,0,0,0,0,0,0,0,0,0,0,0,0,1
102573,17,0,10,17,0,10,25,10,0,3,0,0,0,2,0,2,0,0,0,0,0,0,0,0,0,2,0,1,0,0,0,1,0,4,1
102986,12,0,8,12,0,8,18,8,0,1,0,0,0,0,0,1,0,0,0,0,0,0,0,0,0,1,0,0,0,0,0,1,0,6,1
24898,457,0,0,457,0,0,455,455,0,0,0,0,0,0,0,0,0,0,0,0,0,0,0,0,0,0,0,0,0,0,0,0,0,0,0
102517,17,0,10,17,0,10,25,10,0,3,0,0,0,2,0,2,0,0,0,0,0,0,0,0,0,2,0,1,0,0,0,1,0,4,1
103072,362,0,42,362,0,42,402,309,0,20,0,0,0,25,0,6,0,0,0,0,0,0,0,0,0,20,0,11,0,0,0,6,0,5,1
102012,17,0,10,17,0,10,25,10,0,3,0,0,0,2,0,2,0,0,0,0,0,0,0,0,0,2,0,1,0,0,0,1,0,4,1
103075,33,0,9,33,0,9,40,24,0,3,0,0,0,3,0,1,0,0,0,0,0,0,0,0,0,3,0,1,0,0,0,1,0,4,1
103203,17,0,10,17,0,10,25,10,0,3,0,0,0,2,0,2,0,0,0,0,0,0,0,0,0,2,0,1,0,0,0,1,0,4,1
25519,5,0,3,5,0,3,6,3,0,1,0,0,0,0,0,1,0,0,0,0,0,0,0,0,0,0,0,0,0,0,0,0,0,1,0
17432,16,0,3,12,0,1,17,12,0,1,0,0,0,0,0,1,0,0,0,0,0,0,0,0,0,1,0,0,0,0,0,1,0,1,0
102482,37,0,12,37,0,12,47,28,0,4,0,0,0,3,0,2,0,0,0,0,0,0,0,0,0,3,0,1,0,0,0,1,0,5,1
25428,5,0,0,5,0,0,3,3,0,0,0,0,0,0,0,0,0,0,0,0,0,0,0,0,0,0,0,0,0,0,0,0,0,0,0
13719,195,0,100,195,0,100,293,167,0,12,0,0,0,8,0,6,0,0,0,0,0,0,0,0,0,13,0,2,0,0,0,7,0,78,0
103265,17,0,10,17,0,10,25,10,0,3,0,0,0,2,0,2,0,0,0,0,0,0,0,0,0,2,0,1,0,0,0,1,0,4,1
14030,234,0,13,234,0,13,245,215,0,8,0,0,0,8,0,1,0,0,0,0,0,0,0,0,0,8,0,1,0,0,0,1,0,3,0
102466,17,0,10,17,0,10,25,10,0,3,0,0,0,2,0,2,0,0,0,0,0,0,0,0,0,2,0,1,0,0,0,1,0,4,1
102708,17,0,10,17,0,10,25,10,0,3,0,0,0,2,0,2,0,0,0,0,0,0,0,0,0,2,0,1,0,0,0,1,0,4,1
22134,17,0,10,11,0,6,25,10,0,3,0,0,0,2,0,2,0,0,0,0,0,0,0,0,0,2,0,1,0,0,0,1,0,4,0
102805,1,0,0,1,0,0,0,0,0,0,0,0,0,0,0,0,0,0,0,0,0,0,0,0,0,0,0,0,0,0,0,0,0,0,1
102439,1,0,0,1,0,0,0,0,0,0,0,0,0,0,0,0,0,0,0,0,0,0,0,0,0,0,0,0,0,0,0,0,0,0,1
102392,16,0,10,16,0,10,24,9,0,3,0,0,0,2,0,2,0,0,0,0,0,0,0,0,0,2,0,1,0,0,0,1,0,4,1
103607,17,0,10,17,0,10,25,10,0,3,0,0,0,2,0,2,0,0,0,0,0,0,0,0,0,2,0,1,0,0,0,1,0,4,1
102456,17,0,10,17,0,10,25,10,0,3,0,0,0,2,0,2,0,0,0,0,0,0,0,0,0,2,0,1,0,0,0,1,0,4,1
24942,17,0,10,11,0,6,25,10,0,3,0,0,0,2,0,2,0,0,0,0,0,0,0,0,0,2,0,1,0,0,0,1,0,4,0
103757,144,0,0,144,0,0,142,142,0,0,0,0,0,0,0,0,0,0,0,0,0,0,0,0,0,0,0,0,0,0,0,0,0,0,1
25489,17,0,10,11,0,6,25,10,0,3,0,0,0,2,0,2,0,0,0,0,0,0,0,0,0,2,0,1,0,0,0,1,0,4,0
103224,40,0,33,40,0,33,71,29,0,5,0,0,0,3,0,3,0,0,0,0,0,0,0,0,0,4,0,1,0,0,0,2,0,24,1
22181,17,0,10,11,0,6,25,10,0,3,0,0,0,2,0,2,0,0,0,0,0,0,0,0,0,2,0,1,0,0,0,1,0,4,0
923,101,0,0,101,0,0,99,99,0,0,0,0,0,0,0,0,0,0,0,0,0,0,0,0,0,0,0,0,0,0,0,0,0,0,0
103127,3,0,0,3,0,0,1,1,0,0,0,0,0,0,0,0,0,0,0,0,0,0,0,0,0,0,0,0,0,0,0,0,0,0,1
24376,25,0,6,20,0,6,29,21,0,1,0,0,0,0,0,1,0,0,0,0,0,0,0,0,0,1,0,0,0,0,0,1,0,4,0
103406,17,0,10,17,0,10,25,10,0,3,0,0,0,2,0,2,0,0,0,0,0,0,0,0,0,2,0,1,0,0,0,1,0,4,1
102450,15,0,8,15,0,8,21,10,0,2,0,0,0,2,0,1,0,0,0,0,0,0,0,0,0,2,0,1,0,0,0,1,0,2,1
103127,17,0,10,17,0,10,25,9,0,3,0,0,0,2,0,2,0,0,0,0,0,0,0,0,0,2,0,1,0,0,0,2,0,4,1
103953,16,0,10,16,0,10,24,9,0,3,0,0,0,2,0,2,0,0,0,0,0,0,0,0,0,2,0,1,0,0,0,1,0,4,1
102642,1,0,0,1,0,0,0,0,0,0,0,0,0,0,0,0,0,0,0,0,0,0,0,0,0,0,0,0,0,0,0,0,0,0,1
20570,75,0,10,60,0,6,83,67,0,3,0,0,0,0,0,3,0,0,0,0,0,0,0,0,0,3,0,0,0,0,0,3,0,4,0
102369,37,0,31,37,0,31,66,26,0,5,0,0,0,3,0,2,0,0,0,0,0,0,0,0,0,5,0,1,0,0,0,3,0,21,1
13988,18,0,6,18,0,6,22,14,0,1,0,0,0,0,0,1,0,0,0,0,0,0,0,0,0,1,0,0,0,0,0,1,0,4,0
17446,20,0,7,15,0,4,25,15,0,1,0,0,0,1,0,1,0,0,0,0,0,0,0,0,0,1,0,1,0,0,0,1,0,4,0
103000,17,0,10,17,0,10,25,9,0,3,0,0,0,2,0,2,0,0,0,0,0,0,0,0,0,2,0,1,0,0,0,2,0,4,1
102593,17,0,10,17,0,10,25,10,0,3,0,0,0,2,0,2,0,0,0,0,0,0,0,0,0,2,0,1,0,0,0,1,0,4,1
102738,37,0,9,37,0,9,44,28,0,3,0,0,0,3,0,1,0,0,0,0,0,0,0,0,0,3,0,1,0,0,0,1,0,4,1
102712,17,0,10,17,0,10,25,10,0,3,0,0,0,2,0,2,0,0,0,0,0,0,0,0,0,2,0,1,0,0,0,1,0,4,1
102967,40,0,33,40,0,33,71,28,0,4,0,0,0,3,0,3,0,0,0,0,0,0,0,0,0,5,0,1,0,0,0,3,0,24,1
17274,17,0,3,13,0,1,18,13,0,1,0,0,0,0,0,1,0,0,0,0,0,0,0,0,0,1,0,0,0,0,0,1,0,1,0
102612,213,0,0,213,0,0,211,211,0,0,0,0,0,0,0,0,0,0,0,0,0,0,0,0,0,0,0,0,0,0,0,0,0,0,1
102717,1,0,0,1,0,0,0,0,0,0,0,0,0,0,0,0,0,0,0,0,0,0,0,0,0,0,0,0,0,0,0,0,0,0,1
102289,134,0,15,134,0,15,147,118,0,7,0,0,0,6,0,3,0,0,0,0,0,0,0,0,0,6,0,2,0,0,0,2,0,3,1
102938,17,0,10,17,0,10,25,10,0,3,0,0,0,2,0,2,0,0,0,0,0,0,0,0,0,2,0,1,0,0,0,1,0,4,1
24352,4,0,0,4,0,0,2,2,0,0,0,0,0,0,0,0,0,0,0,0,0,0,0,0,0,0,0,0,0,0,0,0,0,0,0
102418,311,0,27,311,0,27,336,299,0,5,0,0,0,3,0,2,0,0,0,0,0,0,0,0,0,5,0,0,0,0,0,2,0,20,1
102918,90,0,5,90,0,5,93,79,0,4,0,0,0,5,0,0,0,0,0,0,0,0,0,0,0,4,0,1,0,0,0,0,0,0,1
102476,17,0,10,17,0,10,25,10,0,3,0,0,0,2,0,2,0,0,0,0,0,0,0,0,0,2,0,1,0,0,0,1,0,4,1
102419,98,0,42,98,0,42,138,69,0,5,0,0,0,19,0,4,0,0,0,0,0,0,0,0,0,4,0,19,0,0,0,4,0,14,1
102539,6,0,1,6,0,1,5,4,0,1,0,0,0,0,0,0,0,0,0,0,0,0,0,0,0,0,0,0,0,0,0,0,0,0,1
102748,1,0,0,1,0,0,0,0,0,0,0,0,0,0,0,0,0,0,0,0,0,0,0,0,0,0,0,0,0,0,0,0,0,0,1
102675,17,0,10,17,0,10,25,10,0,3,0,0,0,2,0,2,0,0,0,0,0,0,0,0,0,2,0,1,0,0,0,1,0,4,1
13873,0,0,2,0,0,2,0,0,0,0,0,0,0,0,0,0,0,0,0,0,0,0,0,0,0,0,0,0,0,0,0,0,0,0,0
102789,211,0,44,211,0,44,253,162,0,20,0,0,0,20,0,7,0,0,0,0,0,0,0,0,0,20,0,7,0,0,0,7,0,10,1
17106,114,0,23,91,0,9,135,91,0,10,0,0,0,6,0,7,0,0,0,0,0,0,0,0,0,9,0,3,0,0,0,6,0,3,0
923,49,0,0,49,0,0,47,47,0,0,0,0,0,0,0,0,0,0,0,0,0,0,0,0,0,0,0,0,0,0,0,0,0,0,0
13733,13,0,0,13,0,0,11,11,0,0,0,0,0,0,0,0,0,0,0,0,0,0,0,0,0,0,0,0,0,0,0,0,0,0,0
102644,17,0,10,17,0,10,25,10,0,3,0,0,0,2,0,2,0,0,0,0,0,0,0,0,0,2,0,1,0,0,0,1,0,4,1
102770,39,0,33,39,0,33,70,28,0,5,0,0,0,3,0,3,0,0,0,0,0,0,0,0,0,4,0,1,0,0,0,2,0,24,1
102709,37,0,31,37,0,31,66,26,0,5,0,0,0,3,0,3,0,0,0,0,0,0,0,0,0,4,0,1,0,0,0,2,0,22,1
17411,20,0,7,15,0,4,25,15,0,1,0,0,0,1,0,1,0,0,0,0,0,0,0,0,0,1,0,1,0,0,0,1,0,4,0
17118,20,0,6,16,0,4,24,16,0,1,0,0,0,0,0,1,0,0,0,0,0,0,0,0,0,1,0,0,0,0,0,1,0,4,0
25022,17,0,10,11,0,6,25,10,0,3,0,0,0,2,0,2,0,0,0,0,0,0,0,0,0,2,0,1,0,0,0,1,0,4,0
25440,38,0,6,33,0,6,42,34,0,1,0,0,0,0,0,1,0,0,0,0,0,0,0,0,0,1,0,0,0,0,0,1,0,4,0
1604,27,0,0,25,0,0,25,25,0,0,0,0,0,0,0,0,0,0,0,0,0,0,0,0,0,0,0,0,0,0,0,0,0,0,0
102729,7,0,0,7,0,0,5,5,0,0,0,0,0,0,0,0,0,0,0,0,0,0,0,0,0,0,0,0,0,0,0,0,0,0,1
103560,17,0,10,17,0,10,25,10,0,3,0,0,0,2,0,2,0,0,0,0,0,0,0,0,0,2,0,1,0,0,0,1,0,4,1
102764,4,0,24,4,0,24,26,1,0,1,0,0,0,0,0,2,0,0,0,0,0,0,0,0,0,1,0,0,0,0,0,1,0,20,1
24245,1,0,0,1,0,0,0,0,0,0,0,0,0,0,0,0,0,0,0,0,0,0,0,0,0,0,0,0,0,0,0,0,0,0,0
102780,38,0,31,38,0,31,67,27,0,5,0,0,0,3,0,3,0,0,0,0,0,0,0,0,0,4,0,1,0,0,0,2,0,22,1
102705,1,0,0,1,0,0,0,0,0,0,0,0,0,0,0,0,0,0,0,0,0,0,0,0,0,0,0,0,0,0,0,0,0,0,1
103167,4,0,22,4,0,22,24,1,0,1,0,0,0,0,0,2,0,0,0,0,0,0,0,0,0,1,0,0,0,0,0,1,0,18,1
1611,628,0,0,626,0,0,626,626,0,0,0,0,0,0,0,0,0,0,0,0,0,0,0,0,0,0,0,0,0,0,0,0,0,0,0
102643,17,0,10,17,0,10,25,10,0,3,0,0,0,2,0,2,0,0,0,0,0,0,0,0,0,2,0,1,0,0,0,1,0,4,1
17002,1,0,0,0,0,0,0,0,0,0,0,0,0,0,0,0,0,0,0,0,0,0,0,0,0,0,0,0,0,0,0,0,0,0,0
102263,245,0,41,245,0,41,284,192,0,22,0,0,0,23,0,6,0,0,0,0,0,0,0,0,0,22,0,7,0,0,0,6,0,6,1
12089,26,0,2,26,0,2,26,24,0,1,0,0,0,0,0,1,0,0,0,0,0,0,0,0,0,0,0,0,0,0,0,0,0,0,0
13757,38,0,31,38,0,31,67,27,0,5,0,0,0,3,0,3,0,0,0,0,0,0,0,0,0,4,0,1,0,0,0,2,0,22,0
103943,100,0,40,100,0,40,138,92,0,3,0,0,0,1,0,2,0,0,0,0,0,0,0,0,0,3,0,0,0,0,0,2,0,35,1
20730,155,0,17,47,0,6,170,139,0,7,0,0,0,2,0,5,0,0,0,0,0,0,0,0,0,7,0,0,0,0,0,5,0,5,0
102807,4,0,0,4,0,0,2,2,0,0,0,0,0,0,0,0,0,0,0,0,0,0,0,0,0,0,0,0,0,0,0,0,0,0,1
17524,11,0,0,9,0,0,9,9,0,0,0,0,0,0,0,0,0,0,0,0,0,0,0,0,0,0,0,0,0,0,0,0,0,0,0
24476,17,0,10,10,0,6,25,9,0,3,0,0,0,2,0,2,0,0,0,0,0,0,0,0,0,2,0,1,0,0,0,2,0,4,0
24561,137,0,11,47,0,3,146,124,0,6,0,0,0,2,0,4,0,0,0,0,0,0,0,0,0,5,0,0,0,0,0,4,0,1,0
102356,14,0,9,14,0,9,21,8,0,1,0,0,0,1,0,2,0,0,0,0,0,0,0,0,0,2,0,1,0,0,0,2,0,4,1
102671,1,0,0,1,0,0,0,0,0,0,0,0,0,0,0,0,0,0,0,0,0,0,0,0,0,0,0,0,0,0,0,0,0,0,1
102719,5,0,3,5,0,3,6,3,0,1,0,0,0,0,0,1,0,0,0,0,0,0,0,0,0,0,0,0,0,0,0,0,0,1,1
102923,17,0,10,17,0,10,25,10,0,3,0,0,0,2,0,2,0,0,0,0,0,0,0,0,0,2,0,1,0,0,0,1,0,4,1
102742,17,0,10,17,0,10,25,10,0,3,0,0,0,2,0,2,0,0,0,0,0,0,0,0,0,2,0,1,0,0,0,1,0,4,1
102769,16,0,10,16,0,10,24,9,0,3,0,0,0,2,0,2,0,0,0,0,0,0,0,0,0,2,0,1,0,0,0,1,0,4,1
24212,36,0,70,23,0,59,104,31,0,2,0,0,0,0,0,3,0,0,0,0,0,0,0,0,0,1,0,1,0,0,0,2,0,64,0
24180,13,0,7,7,0,7,18,9,0,1,0,0,0,0,0,1,0,0,0,0,0,0,0,0,0,1,0,0,0,0,0,1,0,5,0
102622,17,0,10,17,0,10,25,10,0,3,0,0,0,2,0,2,0,0,0,0,0,0,0,0,0,2,0,1,0,0,0,1,0,4,1
13648,17,0,10,17,0,10,25,10,0,3,0,0,0,2,0,2,0,0,0,0,0,0,0,0,0,2,0,1,0,0,0,1,0,4,0
17484,20,0,7,15,0,4,25,15,0,1,0,0,0,1,0,1,0,0,0,0,0,0,0,0,0,1,0,1,0,0,0,1,0,4,0
25486,11,0,3,9,0,3,12,7,0,1,0,0,0,0,0,1,0,0,0,0,0,0,0,0,0,1,0,0,0,0,0,1,0,1,0
24917,37,0,6,32,0,6,41,33,0,1,0,0,0,0,0,1,0,0,0,0,0,0,0,0,0,1,0,0,0,0,0,1,0,4,0
22096,4,0,22,3,0,20,24,1,0,1,0,0,0,0,0,2,0,0,0,0,0,0,0,0,0,1,0,0,0,0,0,1,0,18,0
102571,17,0,10,17,0,10,25,10,0,3,0,0,0,2,0,2,0,0,0,0,0,0,0,0,0,2,0,1,0,0,0,1,0,4,1
102229,17,0,10,17,0,10,25,10,0,3,0,0,0,2,0,2,0,0,0,0,0,0,0,0,0,2,0,1,0,0,0,1,0,4,1
103701,15,0,8,15,0,8,21,9,0,2,0,0,0,2,0,1,0,0,0,0,0,0,0,0,0,1,0,1,0,0,0,1,0,4,1
102664,40,0,33,40,0,33,71,29,0,5,0,0,0,3,0,3,0,0,0,0,0,0,0,0,0,4,0,1,0,0,0,2,0,24,1
20579,151,0,23,44,0,7,172,127,0,9,0,0,0,9,0,4,0,0,0,0,0,0,0,0,0,9,0,4,0,0,0,4,0,6,0
103187,203,0,42,203,0,42,243,156,0,19,0,0,0,20,0,6,0,0,0,0,0,0,0,0,0,19,0,7,0,0,0,6,0,10,1
102695,114,0,9,114,0,9,121,98,0,6,0,0,0,7,0,1,0,0,0,0,0,0,0,0,0,6,0,2,0,0,0,1,0,0,1
102523,10,0,0,10,0,0,8,8,0,0,0,0,0,0,0,0,0,0,0,0,0,0,0,0,0,0,0,0,0,0,0,0,0,0,1
24504,3,0,3,2,0,3,4,0,0,1,0,0,0,0,0,1,0,0,0,0,0,0,0,0,0,0,0,0,0,0,0,1,0,1,0
24459,17,0,10,11,0,6,25,10,0,3,0,0,0,2,0,2,0,0,0,0,0,0,0,0,0,2,0,1,0,0,0,1,0,4,0
102729,8,0,26,8,0,26,32,4,0,2,0,0,0,0,0,2,0,0,0,0,0,0,0,0,0,1,0,0,0,0,0,1,0,22,1
102200,17,0,28,17,0,28,43,9,0,3,0,0,0,2,0,3,0,0,0,0,0,0,0,0,0,3,0,1,0,0,0,2,0,20,1
102843,108,0,2,108,0,2,108,104,0,1,0,0,0,0,0,1,0,0,0,0,0,0,0,0,0,1,0,0,0,0,0,1,0,0,1
102777,17,0,10,17,0,10,25,10,0,3,0,0,0,2,0,2,0,0,0,0,0,0,0,0,0,2,0,1,0,0,0,1,0,4,1
102649,16,0,10,16,0,10,24,9,0,3,0,0,0,2,0,2,0,0,0,0,0,0,0,0,0,2,0,1,0,0,0,1,0,4,1
13674,17,0,10,17,0,10,25,10,0,3,0,0,0,2,0,2,0,0,0,0,0,0,0,0,0,2,0,1,0,0,0,1,0,4,0
102425,6,0,6,6,0,6,10,3,0,1,0,0,0,0,0,1,0,0,0,0,0,0,0,0,0,0,0,0,0,0,0,1,0,4,1
102919,1,0,0,1,0,0,0,0,0,0,0,0,0,0,0,0,0,0,0,0,0,0,0,0,0,0,0,0,0,0,0,0,0,0,1
102231,17,0,10,17,0,10,25,10,0,3,0,0,0,2,0,2,0,0,0,0,0,0,0,0,0,2,0,1,0,0,0,1,0,4,1
102602,17,0,10,17,0,10,25,10,0,3,0,0,0,2,0,2,0,0,0,0,0,0,0,0,0,2,0,1,0,0,0,1,0,4,1
25390,1,0,0,1,0,0,0,0,0,0,0,0,0,0,0,0,0,0,0,0,0,0,0,0,0,0,0,0,0,0,0,0,0,0,0
103915,11,0,2,11,0,2,11,9,0,1,0,0,0,0,0,1,0,0,0,0,0,0,0,0,0,0,0,0,0,0,0,0,0,0,1
13650,10,0,3,10,0,3,11,6,0,1,0,0,0,0,0,1,0,0,0,0,0,0,0,0,0,1,0,0,0,0,0,1,0,1,0
103235,1,0,0,1,0,0,0,0,0,0,0,0,0,0,0,0,0,0,0,0,0,0,0,0,0,0,0,0,0,0,0,0,0,0,1
103234,1,0,0,1,0,0,0,0,0,0,0,0,0,0,0,0,0,0,0,0,0,0,0,0,0,0,0,0,0,0,0,0,0,0,1
25411,38,0,6,36,0,6,42,34,0,1,0,0,0,0,0,1,0,0,0,0,0,0,0,0,0,1,0,0,0,0,0,1,0,4,0
24248,20,0,6,11,0,6,24,16,0,1,0,0,0,0,0,1,0,0,0,0,0,0,0,0,0,1,0,0,0,0,0,1,0,4,0
102691,2,0,0,2,0,0,0,0,0,0,0,0,0,0,0,0,0,0,0,0,0,0,0,0,0,0,0,0,0,0,0,0,0,0,1
20775,17,0,10,11,0,6,25,10,0,3,0,0,0,2,0,2,0,0,0,0,0,0,0,0,0,2,0,1,0,0,0,1,0,4,0
17393,20,0,7,15,0,4,25,15,0,1,0,0,0,1,0,1,0,0,0,0,0,0,0,0,0,1,0,1,0,0,0,1,0,4,0
102513,34,0,9,34,0,9,41,25,0,3,0,0,0,3,0,1,0,0,0,0,0,0,0,0,0,3,0,1,0,0,0,1,0,4,1
102698,17,0,10,17,0,10,25,10,0,3,0,0,0,2,0,2,0,0,0,0,0,0,0,0,0,2,0,1,0,0,0,1,0,4,1
13829,92,0,69,92,0,69,159,84,0,4,0,0,0,2,0,1,0,0,0,0,0,0,0,0,0,3,0,0,0,0,0,1,0,64,0
22126,619,0,10,548,0,6,627,611,0,3,0,0,0,1,0,2,0,0,0,0,0,0,0,0,0,3,0,0,0,0,0,2,0,5,0
24523,39,0,23,13,0,14,60,29,0,3,0,0,0,3,0,2,0,0,0,0,0,0,0,0,0,4,0,1,0,0,0,2,0,16,0
22125,17,0,10,11,0,6,25,10,0,3,0,0,0,2,0,2,0,0,0,0,0,0,0,0,0,2,0,1,0,0,0,1,0,4,0
103410,1,0,0,1,0,0,0,0,0,0,0,0,0,0,0,0,0,0,0,0,0,0,0,0,0,0,0,0,0,0,0,0,0,0,1
25000,5,0,0,5,0,0,3,3,0,0,0,0,0,0,0,0,0,0,0,0,0,0,0,0,0,0,0,0,0,0,0,0,0,0,0
103156,16,0,10,16,0,10,24,9,0,3,0,0,0,2,0,2,0,0,0,0,0,0,0,0,0,2,0,1,0,0,0,1,0,4,1
102940,17,0,10,17,0,10,25,10,0,3,0,0,0,2,0,2,0,0,0,0,0,0,0,0,0,2,0,1,0,0,0,1,0,4,1
24896,1,0,0,1,0,0,0,0,0,0,0,0,0,0,0,0,0,0,0,0,0,0,0,0,0,0,0,0,0,0,0,0,0,0,0
17504,1,0,0,0,0,0,0,0,0,0,0,0,0,0,0,0,0,0,0,0,0,0,0,0,0,0,0,0,0,0,0,0,0,0,0
103164,16,0,10,16,0,10,24,9,0,3,0,0,0,2,0,2,0,0,0,0,0,0,0,0,0,2,0,1,0,0,0,1,0,4,1
102973,17,0,10,17,0,10,25,10,0,3,0,0,0,2,0,2,0,0,0,0,0,0,0,0,0,2,0,1,0,0,0,1,0,4,1
20728,17,0,10,11,0,6,25,10,0,3,0,0,0,2,0,2,0,0,0,0,0,0,0,0,0,2,0,1,0,0,0,1,0,4,0
102753,1,0,0,1,0,0,0,0,0,0,0,0,0,0,0,0,0,0,0,0,0,0,0,0,0,0,0,0,0,0,0,0,0,0,1
24174,17,0,10,11,0,6,25,10,0,3,0,0,0,2,0,2,0,0,0,0,0,0,0,0,0,2,0,1,0,0,0,1,0,4,0
102891,3,0,2,3,0,2,3,0,0,1,0,0,0,1,0,0,0,0,0,0,0,0,0,0,0,1,0,0,0,0,0,0,0,0,1
24456,17,0,10,11,0,6,25,10,0,3,0,0,0,2,0,2,0,0,0,0,0,0,0,0,0,2,0,1,0,0,0,1,0,4,0
102528,4,0,3,4,0,3,5,2,0,1,0,0,0,0,0,1,0,0,0,0,0,0,0,0,0,0,0,0,0,0,0,0,0,1,1
22068,17,0,10,11,0,6,25,10,0,3,0,0,0,2,0,2,0,0,0,0,0,0,0,0,0,2,0,1,0,0,0,1,0,4,0
102682,16,0,10,16,0,10,24,9,0,3,0,0,0,2,0,2,0,0,0,0,0,0,0,0,0,2,0,1,0,0,0,1,0,4,1
25395,99,0,5,43,0,2,102,89,0,4,0,0,0,3,0,1,0,0,0,0,0,0,0,0,0,4,0,0,0,0,0,1,0,0,0
102857,17,0,10,17,0,10,25,10,0,3,0,0,0,2,0,2,0,0,0,0,0,0,0,0,0,2,0,1,0,0,0,1,0,4,1
103222,16,0,10,16,0,10,24,9,0,3,0,0,0,2,0,2,0,0,0,0,0,0,0,0,0,2,0,1,0,0,0,1,0,4,1
25493,160,0,17,47,0,6,175,144,0,7,0,0,0,2,0,5,0,0,0,0,0,0,0,0,0,7,0,0,0,0,0,5,0,5,0
17347,62,0,7,57,0,4,67,57,0,1,0,0,0,1,0,1,0,0,0,0,0,0,0,0,0,1,0,1,0,0,0,1,0,4,0
24527,38,0,6,33,0,6,42,34,0,1,0,0,0,0,0,1,0,0,0,0,0,0,0,0,0,1,0,0,0,0,0,1,0,4,0
102701,3,0,3,3,0,3,4,0,0,1,0,0,0,0,0,1,0,0,0,0,0,0,0,0,0,0,0,0,0,0,0,1,0,1,1
7614,64,0,18,64,0,18,80,52,0,5,0,0,0,2,0,3,0,0,0,0,0,0,0,0,0,5,0,0,0,0,0,3,0,10,0
22151,38,0,6,33,0,6,42,34,0,1,0,0,0,0,0,1,0,0,0,0,0,0,0,0,0,1,0,0,0,0,0,1,0,4,0
103659,17,0,10,17,0,10,25,10,0,3,0,0,0,2,0,2,0,0,0,0,0,0,0,0,0,2,0,1,0,0,0,1,0,4,1
25099,25,0,30,9,0,20,53,14,0,4,0,0,0,2,0,3,0,0,0,0,0,0,0,0,0,4,0,1,0,0,0,3,0,22,0
103585,5,0,1,5,0,1,4,1,0,1,0,0,0,1,0,0,0,0,0,0,0,0,0,0,0,1,0,0,0,0,0,0,0,0,1
24246,1,0,0,1,0,0,0,0,0,0,0,0,0,0,0,0,0,0,0,0,0,0,0,0,0,0,0,0,0,0,0,0,0,0,0
102437,16,0,10,16,0,10,24,9,0,3,0,0,0,2,0,2,0,0,0,0,0,0,0,0,0,2,0,1,0,0,0,1,0,4,1
102239,17,0,10,17,0,10,25,10,0,3,0,0,0,2,0,2,0,0,0,0,0,0,0,0,0,2,0,1,0,0,0,1,0,4,1
22144,17,0,10,10,0,6,25,9,0,3,0,0,0,2,0,2,0,0,0,0,0,0,0,0,0,2,0,1,0,0,0,2,0,4,0
17371,2,0,0,0,0,0,0,0,0,0,0,0,0,0,0,0,0,0,0,0,0,0,0,0,0,0,0,0,0,0,0,0,0,0,0
25480,17,0,10,11,0,6,25,10,0,3,0,0,0,2,0,2,0,0,0,0,0,0,0,0,0,2,0,1,0,0,0,1,0,4,0
20661,1,0,0,1,0,0,0,0,0,0,0,0,0,0,0,0,0,0,0,0,0,0,0,0,0,0,0,0,0,0,0,0,0,0,0
103163,17,0,10,17,0,10,25,10,0,3,0,0,0,2,0,2,0,0,0,0,0,0,0,0,0,2,0,1,0,0,0,1,0,4,1
103034,17,0,10,17,0,10,25,10,0,3,0,0,0,2,0,2,0,0,0,0,0,0,0,0,0,2,0,1,0,0,0,1,0,4,1
20567,16,0,10,10,0,6,24,9,0,3,0,0,0,2,0,2,0,0,0,0,0,0,0,0,0,2,0,1,0,0,0,1,0,4,0
103091,17,0,10,17,0,10,25,10,0,3,0,0,0,2,0,2,0,0,0,0,0,0,0,0,0,2,0,1,0,0,0,1,0,4,1
25452,38,0,6,33,0,6,42,34,0,1,0,0,0,0,0,1,0,0,0,0,0,0,0,0,0,1,0,0,0,0,0,1,0,4,0
102190,17,0,10,17,0,10,25,10,0,3,0,0,0,2,0,2,0,0,0,0,0,0,0,0,0,2,0,1,0,0,0,1,0,4,1
1442,75,0,0,75,0,0,73,73,0,0,0,0,0,0,0,0,0,0,0,0,0,0,0,0,0,0,0,0,0,0,0,0,0,0,0
102594,17,0,10,17,0,10,25,10,0,3,0,0,0,2,0,2,0,0,0,0,0,0,0,0,0,2,0,1,0,0,0,1,0,4,1
103250,8,0,10,8,0,10,16,1,0,3,0,0,0,2,0,2,0,0,0,0,0,0,0,0,0,2,0,1,0,0,0,1,0,4,1
24355,1,0,0,1,0,0,0,0,0,0,0,0,0,0,0,0,0,0,0,0,0,0,0,0,0,0,0,0,0,0,0,0,0,0,0
102360,9,0,0,9,0,0,7,7,0,0,0,0,0,0,0,0,0,0,0,0,0,0,0,0,0,0,0,0,0,0,0,0,0,0,1
103444,4,0,24,4,0,24,26,1,0,1,0,0,0,0,0,2,0,0,0,0,0,0,0,0,0,1,0,0,0,0,0,1,0,20,1
14019,17,0,10,17,0,10,25,10,0,3,0,0,0,2,0,2,0,0,0,0,0,0,0,0,0,2,0,1,0,0,0,1,0,4,0
22071,16,0,10,10,0,6,24,9,0,3,0,0,0,2,0,2,0,0,0,0,0,0,0,0,0,2,0,1,0,0,0,1,0,4,0
103023,17,0,10,17,0,10,25,10,0,3,0,0,0,2,0,2,0,0,0,0,0,0,0,0,0,2,0,1,0,0,0,1,0,4,1
102747,17,0,10,17,0,10,25,10,0,3,0,0,0,2,0,2,0,0,0,0,0,0,0,0,0,2,0,1,0,0,0,1,0,4,1
103459,4,0,0,4,0,0,2,2,0,0,0,0,0,0,0,0,0,0,0,0,0,0,0,0,0,0,0,0,0,0,0,0,0,0,1
102706,1,0,0,1,0,0,0,0,0,0,0,0,0,0,0,0,0,0,0,0,0,0,0,0,0,0,0,0,0,0,0,0,0,0,1
102772,17,0,10,17,0,10,25,9,0,3,0,0,0,2,0,2,0,0,0,0,0,0,0,0,0,2,0,1,0,0,0,2,0,4,1
102942,1,0,0,1,0,0,0,0,0,0,0,0,0,0,0,0,0,0,0,0,0,0,0,0,0,0,0,0,0,0,0,0,0,0,1
25507,205,0,11,79,0,2,214,185,0,9,0,0,0,7,0,2,0,0,0,0,0,0,0,0,0,9,0,0,0,0,0,2,0,0,0
24373,3,0,3,2,0,3,4,0,0,1,0,0,0,0,0,1,0,0,0,0,0,0,0,0,0,0,0,0,0,0,0,1,0,1,0
103568,16,0,10,16,0,10,24,9,0,3,0,0,0,2,0,2,0,0,0,0,0,0,0,0,0,2,0,1,0,0,0,1,0,4,1
25035,16,0,10,10,0,6,24,9,0,3,0,0,0,2,0,2,0,0,0,0,0,0,0,0,0,2,0,1,0,0,0,1,0,4,0
103054,1,0,0,1,0,0,0,0,0,0,0,0,0,0,0,0,0,0,0,0,0,0,0,0,0,0,0,0,0,0,0,0,0,0,1
102486,1,0,0,1,0,0,0,0,0,0,0,0,0,0,0,0,0,0,0,0,0,0,0,0,0,0,0,0,0,0,0,0,0,0,1
102872,1,0,0,1,0,0,0,0,0,0,0,0,0,0,0,0,0,0,0,0,0,0,0,0,0,0,0,0,0,0,0,0,0,0,1
102553,6,0,0,6,0,0,4,4,0,0,0,0,0,0,0,0,0,0,0,0,0,0,0,0,0,0,0,0,0,0,0,0,0,0,1
22184,25,0,6,20,0,6,29,21,0,1,0,0,0,0,0,1,0,0,0,0,0,0,0,0,0,1,0,0,0,0,0,1,0,4,0
25495,3,0,3,2,0,3,4,0,0,1,0,0,0,0,0,1,0,0,0,0,0,0,0,0,0,0,0,0,0,0,0,1,0,1,0
24494,18,0,0,18,0,0,16,16,0,0,0,0,0,0,0,0,0,0,0,0,0,0,0,0,0,0,0,0,0,0,0,0,0,0,0
24904,3,0,3,2,0,3,4,0,0,1,0,0,0,0,0,1,0,0,0,0,0,0,0,0,0,0,0,0,0,0,0,1,0,1,0
17267,1,0,0,0,0,0,0,0,0,0,0,0,0,0,0,0,0,0,0,0,0,0,0,0,0,0,0,0,0,0,0,0,0,0,0
24484,11,0,0,11,0,0,9,9,0,0,0,0,0,0,0,0,0,0,0,0,0,0,0,0,0,0,0,0,0,0,0,0,0,0,0
102671,1,0,0,1,0,0,0,0,0,0,0,0,0,0,0,0,0,0,0,0,0,0,0,0,0,0,0,0,0,0,0,0,0,0,1
102404,33,0,9,33,0,9,40,24,0,3,0,0,0,3,0,1,0,0,0,0,0,0,0,0,0,3,0,1,0,0,0,1,0,4,1
102775,1,0,0,1,0,0,0,0,0,0,0,0,0,0,0,0,0,0,0,0,0,0,0,0,0,0,0,0,0,0,0,0,0,0,1
17136,3,0,0,1,0,0,1,1,0,0,0,0,0,0,0,0,0,0,0,0,0,0,0,0,0,0,0,0,0,0,0,0,0,0,0
20591,17,0,10,11,0,6,25,10,0,3,0,0,0,2,0,2,0,0,0,0,0,0,0,0,0,2,0,1,0,0,0,1,0,4,0
102921,62,0,21,62,0,21,81,40,0,8,0,0,0,7,0,5,0,0,0,0,0,0,0,0,0,8,0,4,0,0,0,5,0,4,1
17430,26,0,0,24,0,0,24,24,0,0,0,0,0,0,0,0,0,0,0,0,0,0,0,0,0,0,0,0,0,0,0,0,0,0,0
102417,3,0,3,3,0,3,4,0,0,1,0,0,0,0,0,1,0,0,0,0,0,0,0,0,0,0,0,0,0,0,0,1,0,1,1
102681,17,0,10,17,0,10,25,10,0,3,0,0,0,2,0,2,0,0,0,0,0,0,0,0,0,2,0,1,0,0,0,1,0,4,1
102855,10,0,2,10,0,2,10,8,0,1,0,0,0,0,0,1,0,0,0,0,0,0,0,0,0,0,0,0,0,0,0,0,0,0,1
20625,17,0,10,11,0,6,25,10,0,3,0,0,0,2,0,2,0,0,0,0,0,0,0,0,0,2,0,1,0,0,0,1,0,4,0
20791,3,0,3,2,0,3,4,0,0,1,0,0,0,0,0,1,0,0,0,0,0,0,0,0,0,0,0,0,0,0,0,1,0,1,0
102748,17,0,10,17,0,10,25,10,0,3,0,0,0,2,0,2,0,0,0,0,0,0,0,0,0,2,0,1,0,0,0,1,0,4,1
102836,17,0,10,17,0,10,25,10,0,3,0,0,0,2,0,2,0,0,0,0,0,0,0,0,0,2,0,1,0,0,0,1,0,4,1
102836,17,0,10,17,0,10,25,10,0,3,0,0,0,2,0,2,0,0,0,0,0,0,0,0,0,2,0,1,0,0,0,1,0,4,1
102817,16,0,10,16,0,10,24,9,0,3,0,0,0,2,0,2,0,0,0,0,0,0,0,0,0,2,0,1,0,0,0,1,0,4,1
13974,3,0,3,3,0,3,4,1,0,1,0,0,0,0,0,1,0,0,0,0,0,0,0,0,0,0,0,0,0,0,0,0,0,1,0
24472,38,0,6,33,0,6,42,34,0,1,0,0,0,0,0,1,0,0,0,0,0,0,0,0,0,1,0,0,0,0,0,1,0,4,0
13657,17,0,10,17,0,10,25,10,0,3,0,0,0,2,0,2,0,0,0,0,0,0,0,0,0,2,0,1,0,0,0,1,0,4,0
102945,17,0,10,17,0,10,25,10,0,3,0,0,0,2,0,2,0,0,0,0,0,0,0,0,0,2,0,1,0,0,0,1,0,4,1
102722,17,0,10,17,0,10,25,10,0,3,0,0,0,2,0,2,0,0,0,0,0,0,0,0,0,2,0,1,0,0,0,1,0,4,1
13686,6,0,0,6,0,0,4,4,0,0,0,0,0,0,0,0,0,0,0,0,0,0,0,0,0,0,0,0,0,0,0,0,0,0,0
102815,6,0,6,6,0,6,10,4,0,1,0,0,0,0,0,1,0,0,0,0,0,0,0,0,0,0,0,0,0,0,0,0,0,4,1
24501,60,0,21,24,0,4,79,38,0,8,0,0,0,7,0,5,0,0,0,0,0,0,0,0,0,8,0,4,0,0,0,5,0,4,0
102746,17,0,10,17,0,10,25,10,0,3,0,0,0,2,0,2,0,0,0,0,0,0,0,0,0,2,0,1,0,0,0,1,0,4,1
102577,17,0,10,17,0,10,25,10,0,3,0,0,0,2,0,2,0,0,0,0,0,0,0,0,0,2,0,1,0,0,0,1,0,4,1
102716,17,0,10,17,0,10,25,10,0,3,0,0,0,2,0,2,0,0,0,0,0,0,0,0,0,2,0,1,0,0,0,1,0,4,1
25441,6,0,0,6,0,0,4,4,0,0,0,0,0,0,0,0,0,0,0,0,0,0,0,0,0,0,0,0,0,0,0,0,0,0,0
24173,26,0,0,26,0,0,24,24,0,0,0,0,0,0,0,0,0,0,0,0,0,0,0,0,0,0,0,0,0,0,0,0,0,0,0
103181,14,0,0,14,0,0,12,12,0,0,0,0,0,0,0,0,0,0,0,0,0,0,0,0,0,0,0,0,0,0,0,0,0,0,1
17229,70,0,7,65,0,4,75,65,0,1,0,0,0,1,0,1,0,0,0,0,0,0,0,0,0,1,0,1,0,0,0,1,0,4,0
102741,38,0,9,38,0,9,45,29,0,3,0,0,0,3,0,1,0,0,0,0,0,0,0,0,0,3,0,1,0,0,0,1,0,4,1
24913,156,0,17,43,0,6,171,140,0,7,0,0,0,2,0,5,0,0,0,0,0,0,0,0,0,7,0,0,0,0,0,5,0,5,0
102819,40,0,33,40,0,33,71,29,0,5,0,0,0,3,0,3,0,0,0,0,0,0,0,0,0,4,0,1,0,0,0,2,0,24,1
103610,17,0,10,17,0,10,25,10,0,3,0,0,0,2,0,2,0,0,0,0,0,0,0,0,0,2,0,1,0,0,0,1,0,4,1
20793,16,0,6,10,0,2,20,9,0,3,0,0,0,2,0,2,0,0,0,0,0,0,0,0,0,2,0,1,0,0,0,1,0,0,0
102572,16,0,10,16,0,10,24,9,0,3,0,0,0,2,0,2,0,0,0,0,0,0,0,0,0,2,0,1,0,0,0,1,0,4,1
102924,11,0,1,11,0,1,10,9,0,1,0,0,0,0,0,0,0,0,0,0,0,0,0,0,0,0,0,0,0,0,0,0,0,0,1
17677,10,0,5,3,0,2,13,3,0,3,0,0,0,2,0,1,0,0,0,0,0,0,0,0,0,2,0,0,0,0,0,1,0,1,0
17239,20,0,7,15,0,4,25,15,0,1,0,0,0,1,0,1,0,0,0,0,0,0,0,0,0,1,0,1,0,0,0,1,0,4,0
103047,330,0,49,330,0,49,377,302,0,13,0,0,0,7,0,6,0,0,0,0,0,0,0,0,0,13,0,0,0,0,0,6,0,30,1
102731,34,0,15,34,0,15,47,25,0,4,0,0,0,3,0,2,0,0,0,0,0,0,0,0,0,3,0,1,0,0,0,1,0,8,1
102792,2,0,0,2,0,0,0,0,0,0,0,0,0,0,0,0,0,0,0,0,0,0,0,0,0,0,0,0,0,0,0,0,0,0,1
25086,33,0,6,28,0,6,37,29,0,1,0,0,0,0,0,1,0,0,0,0,0,0,0,0,0,1,0,0,0,0,0,1,0,4,0
25063,17,0,10,11,0,6,25,10,0,3,0,0,0,2,0,2,0,0,0,0,0,0,0,0,0,2,0,1,0,0,0,1,0,4,0
20757,17,0,10,11,0,6,25,10,0,3,0,0,0,2,0,2,0,0,0,0,0,0,0,0,0,2,0,1,0,0,0,1,0,4,0
102505,3,0,3,3,0,3,4,1,0,1,0,0,0,0,0,1,0,0,0,0,0,0,0,0,0,0,0,0,0,0,0,0,0,1,1
103237,1,0,0,1,0,0,0,0,0,0,0,0,0,0,0,0,0,0,0,0,0,0,0,0,0,0,0,0,0,0,0,0,0,0,1
103306,1,0,0,1,0,0,0,0,0,0,0,0,0,0,0,0,0,0,0,0,0,0,0,0,0,0,0,0,0,0,0,0,0,0,1
102714,16,0,10,16,0,10,24,9,0,3,0,0,0,2,0,2,0,0,0,0,0,0,0,0,0,2,0,1,0,0,0,1,0,4,1
25104,11,0,3,9,0,3,12,7,0,1,0,0,0,0,0,1,0,0,0,0,0,0,0,0,0,1,0,0,0,0,0,1,0,1,0
102582,17,0,10,17,0,10,25,10,0,3,0,0,0,2,0,2,0,0,0,0,0,0,0,0,0,2,0,1,0,0,0,1,0,4,1
103411,28,0,19,28,0,19,45,24,0,1,0,0,0,0,0,1,0,0,0,0,0,0,0,0,0,1,0,0,0,0,0,1,0,17,1
25091,1,0,0,1,0,0,0,0,0,0,0,0,0,0,0,0,0,0,0,0,0,0,0,0,0,0,0,0,0,0,0,0,0,0,0
103427,2,0,3,2,0,3,3,0,0,1,0,0,0,0,0,1,0,0,0,0,0,0,0,0,0,0,0,0,0,0,0,0,0,1,1
102749,17,0,10,17,0,10,25,9,0,3,0,0,0,2,0,2,0,0,0,0,0,0,0,0,0,2,0,1,0,0,0,2,0,4,1
22153,3,0,3,2,0,3,4,0,0,1,0,0,0,0,0,1,0,0,0,0,0,0,0,0,0,0,0,0,0,0,0,1,0,1,0
13743,10,0,0,10,0,0,8,8,0,0,0,0,0,0,0,0,0,0,0,0,0,0,0,0,0,0,0,0,0,0,0,0,0,0,0
102597,38,0,31,38,0,31,67,27,0,5,0,0,0,3,0,3,0,0,0,0,0,0,0,0,0,4,0,1,0,0,0,2,0,22,1
102713,7,0,0,7,0,0,5,5,0,0,0,0,0,0,0,0,0,0,0,0,0,0,0,0,0,0,0,0,0,0,0,0,0,0,1
102109,2,0,0,2,0,0,0,0,0,0,0,0,0,0,0,0,0,0,0,0,0,0,0,0,0,0,0,0,0,0,0,0,0,0,1
103708,1,0,0,1,0,0,0,0,0,0,0,0,0,0,0,0,0,0,0,0,0,0,0,0,0,0,0,0,0,0,0,0,0,0,1
17454,317,0,0,315,0,0,315,315,0,0,0,0,0,0,0,0,0,0,0,0,0,0,0,0,0,0,0,0,0,0,0,0,0,0,0
24534,17,0,10,11,0,6,25,10,0,3,0,0,0,2,0,2,0,0,0,0,0,0,0,0,0,2,0,1,0,0,0,1,0,4,0
22076,4,0,22,3,0,20,24,1,0,1,0,0,0,0,0,2,0,0,0,0,0,0,0,0,0,0,0,1,0,0,0,1,0,18,0
103412,11,0,5,11,0,5,14,6,0,1,0,0,0,1,0,1,0,0,0,0,0,0,0,0,0,1,0,1,0,0,0,1,0,2,1
22104,5,0,3,5,0,3,6,3,0,1,0,0,0,0,0,1,0,0,0,0,0,0,0,0,0,0,0,0,0,0,0,0,0,1,0
102750,17,0,10,17,0,10,25,10,0,3,0,0,0,2,0,2,0,0,0,0,0,0,0,0,0,2,0,1,0,0,0,1,0,4,1
102763,17,0,10,17,0,10,25,10,0,3,0,0,0,2,0,2,0,0,0,0,0,0,0,0,0,2,0,1,0,0,0,1,0,4,1
16629,4,0,0,2,0,0,2,2,0,0,0,0,0,0,0,0,0,0,0,0,0,0,0,0,0,0,0,0,0,0,0,0,0,0,0
103049,17,0,10,17,0,10,25,10,0,3,0,0,0,2,0,2,0,0,0,0,0,0,0,0,0,2,0,1,0,0,0,1,0,4,1
103174,17,0,10,17,0,10,25,10,0,3,0,0,0,2,0,2,0,0,0,0,0,0,0,0,0,2,0,1,0,0,0,1,0,4,1
102887,37,0,31,37,0,31,66,26,0,5,0,0,0,3,0,3,0,0,0,0,0,0,0,0,0,4,0,1,0,0,0,2,0,22,1
103879,1,0,0,1,0,0,0,0,0,0,0,0,0,0,0,0,0,0,0,0,0,0,0,0,0,0,0,0,0,0,0,0,0,0,1
102013,14639,101,0,14639,101,0,14738,14637,0,0,0,0,0,0,0,0,1,0,0,1,99,0,0,0,0,0,0,0,0,0,0,0,0,0,1
102894,81,0,10,81,0,10,89,73,0,3,0,0,0,3,0,1,0,0,0,0,0,0,0,0,0,2,0,1,0,0,0,1,0,5,1
17426,70,0,7,65,0,4,75,65,0,1,0,0,0,1,0,1,0,0,0,0,0,0,0,0,0,1,0,1,0,0,0,1,0,4,0
17638,9,0,1,5,0,1,8,5,0,1,0,0,0,1,0,0,0,0,0,0,0,0,0,0,0,1,0,0,0,0,0,0,0,0,0
102633,17,0,10,17,0,10,25,9,0,3,0,0,0,2,0,2,0,0,0,0,0,0,0,0,0,2,0,1,0,0,0,2,0,4,1
103047,16,0,10,16,0,10,24,9,0,3,0,0,0,2,0,2,0,0,0,0,0,0,0,0,0,2,0,1,0,0,0,1,0,4,1
17026,24,0,1,22,0,0,23,22,0,1,0,0,0,0,0,0,0,0,0,0,0,0,0,0,0,0,0,0,0,0,0,0,0,0,0
25347,3,0,3,2,0,3,4,0,0,1,0,0,0,0,0,1,0,0,0,0,0,0,0,0,0,0,0,0,0,0,0,1,0,1,0
102825,4,0,22,4,0,22,24,1,0,1,0,0,0,0,0,2,0,0,0,0,0,0,0,0,0,1,0,0,0,0,0,1,0,18,1
25443,54,0,10,31,0,6,62,46,0,3,0,0,0,1,0,2,0,0,0,0,0,0,0,0,0,3,0,0,0,0,0,2,0,5,0
22123,38,0,31,11,0,20,67,27,0,5,0,0,0,3,0,3,0,0,0,0,0,0,0,0,0,4,0,1,0,0,0,2,0,22,0
103015,13,0,10,13,0,10,21,5,0,3,0,0,0,2,0,2,0,0,0,0,0,0,0,0,0,2,0,1,0,0,0,2,0,4,1
102896,16,0,10,16,0,10,24,9,0,3,0,0,0,2,0,2,0,0,0,0,0,0,0,0,0,2,0,1,0,0,0,1,0,4,1
102624,17,0,10,17,0,10,25,10,0,3,0,0,0,2,0,2,0,0,0,0,0,0,0,0,0,2,0,1,0,0,0,1,0,4,1
17650,20,0,7,15,0,4,25,15,0,1,0,0,0,1,0,1,0,0,0,0,0,0,0,0,0,1,0,1,0,0,0,1,0,4,0
102631,2,0,0,2,0,0,0,0,0,0,0,0,0,0,0,0,0,0,0,0,0,0,0,0,0,0,0,0,0,0,0,0,0,0,1
103763,10,0,0,10,0,0,8,8,0,0,0,0,0,0,0,0,0,0,0,0,0,0,0,0,0,0,0,0,0,0,0,0,0,0,1
22179,37,0,31,11,0,17,66,26,0,5,0,0,0,3,0,3,0,0,0,0,0,0,0,0,0,5,0,1,0,0,0,3,0,20,0
6025,35,0,2,35,0,2,35,31,0,1,0,0,0,0,0,1,0,0,0,0,0,0,0,0,0,1,0,0,0,0,0,1,0,0,0
24959,17,0,10,10,0,6,25,9,0,2,0,0,0,2,0,2,0,0,0,0,0,0,0,0,0,3,0,1,0,0,0,2,0,4,0
102970,17,0,10,17,0,10,25,10,0,3,0,0,0,2,0,2,0,0,0,0,0,0,0,0,0,2,0,1,0,0,0,1,0,4,1
25518,156,0,17,56,0,6,171,140,0,7,0,0,0,2,0,5,0,0,0,0,0,0,0,0,0,7,0,0,0,0,0,5,0,5,0
17497,29,0,8,23,0,5,35,23,0,2,0,0,0,1,0,1,0,0,0,0,0,0,0,0,0,2,0,0,0,0,0,1,0,5,0
102703,17,0,10,17,0,10,25,9,0,3,0,0,0,2,0,2,0,0,0,0,0,0,0,0,0,2,0,1,0,0,0,2,0,4,1
20659,1,0,0,1,0,0,0,0,0,0,0,0,0,0,0,0,0,0,0,0,0,0,0,0,0,0,0,0,0,0,0,0,0,0,0
102300,5080,0,0,5080,0,0,5078,5078,0,0,0,0,0,0,0,0,0,0,0,0,0,0,0,0,0,0,0,0,0,0,0,0,0,0,1
103864,1,0,4,1,0,4,3,0,0,0,0,0,0,0,0,1,0,0,0,0,0,0,0,0,0,0,0,0,0,0,0,0,0,2,1
25030,67,0,12,26,0,4,77,55,0,5,0,0,0,1,0,4,0,0,0,0,0,0,0,0,0,5,0,0,0,0,0,4,0,3,0
102627,38,0,31,38,0,31,67,27,0,5,0,0,0,3,0,3,0,0,0,0,0,0,0,0,0,4,0,1,0,0,0,2,0,22,1
24510,38,0,31,11,0,20,67,27,0,5,0,0,0,3,0,3,0,0,0,0,0,0,0,0,0,4,0,1,0,0,0,2,0,22,0
102921,190,0,24,190,0,24,212,184,0,2,0,0,0,1,0,1,0,0,0,0,0,0,0,0,0,2,0,0,0,0,0,1,0,21,1
102428,20,0,25,20,0,25,43,13,0,2,0,0,0,2,0,1,0,0,0,0,0,0,0,0,0,3,0,0,0,0,0,1,0,21,1
102848,16,0,10,16,0,10,24,9,0,3,0,0,0,2,0,2,0,0,0,0,0,0,0,0,0,2,0,1,0,0,0,1,0,4,1
102871,34,0,9,34,0,9,41,25,0,3,0,0,0,3,0,1,0,0,0,0,0,0,0,0,0,3,0,1,0,0,0,1,0,4,1
16990,20,0,7,15,0,4,25,15,0,1,0,0,0,1,0,1,0,0,0,0,0,0,0,0,0,1,0,1,0,0,0,1,0,4,0
102412,107,0,31,107,0,31,136,69,0,16,0,0,0,14,0,6,0,0,0,0,0,0,0,0,0,16,0,4,0,0,0,6,0,5,1
17687,10,0,3,6,0,1,11,6,0,1,0,0,0,0,0,1,0,0,0,0,0,0,0,0,0,1,0,0,0,0,0,1,0,1,0
103140,9,0,5,9,0,5,12,3,0,3,0,0,0,2,0,1,0,0,0,0,0,0,0,0,0,2,0,0,0,0,0,0,0,1,1
103193,154,0,111,154,0,111,263,129,0,10,0,0,0,7,0,6,0,0,0,0,0,0,0,0,0,11,0,3,0,0,0,7,0,90,1
24360,1,0,0,1,0,0,0,0,0,0,0,0,0,0,0,0,0,0,0,0,0,0,0,0,0,0,0,0,0,0,0,0,0,0,0
103151,39,0,9,39,0,9,46,34,0,2,0,0,0,1,0,1,0,0,0,0,0,0,0,0,0,1,0,0,0,0,0,1,0,6,1
103389,17,0,10,17,0,10,25,10,0,3,0,0,0,2,0,2,0,0,0,0,0,0,0,0,0,2,0,1,0,0,0,1,0,4,1
25363,38,0,6,33,0,6,42,34,0,1,0,0,0,0,0,1,0,0,0,0,0,0,0,0,0,1,0,0,0,0,0,1,0,4,0
25040,6,0,0,6,0,0,4,4,0,0,0,0,0,0,0,0,0,0,0,0,0,0,0,0,0,0,0,0,0,0,0,0,0,0,0
102352,928945,0,0,928945,0,0,928943,928943,0,0,0,0,0,0,0,0,0,0,0,0,0,0,0,0,0,0,0,0,0,0,0,0,0,0,1
102770,37,0,31,37,0,31,66,26,0,5,0,0,0,3,0,3,0,0,0,0,0,0,0,0,0,4,0,1,0,0,0,2,0,22,1
103338,38,0,31,38,0,31,67,27,0,5,0,0,0,3,0,3,0,0,0,0,0,0,0,0,0,4,0,1,0,0,0,2,0,22,1
103623,16,0,10,16,0,10,24,9,0,3,0,0,0,2,0,2,0,0,0,0,0,0,0,0,0,2,0,1,0,0,0,1,0,4,1
102451,1,0,0,1,0,0,0,0,0,0,0,0,0,0,0,0,0,0,0,0,0,0,0,0,0,0,0,0,0,0,0,0,0,0,1
102398,17,0,10,17,0,10,25,10,0,3,0,0,0,2,0,2,0,0,0,0,0,0,0,0,0,2,0,1,0,0,0,1,0,4,1
102886,17,0,10,17,0,10,25,10,0,3,0,0,0,2,0,2,0,0,0,0,0,0,0,0,0,2,0,1,0,0,0,1,0,4,1
13738,4,0,3,4,0,3,5,0,0,1,0,0,0,0,0,1,0,0,0,0,0,0,0,0,0,1,0,0,0,0,0,1,0,1,0
642,65,0,0,63,0,0,63,63,0,0,0,0,0,0,0,0,0,0,0,0,0,0,0,0,0,0,0,0,0,0,0,0,0,0,0
103169,12,0,8,12,0,8,18,8,0,1,0,0,0,0,0,1,0,0,0,0,0,0,0,0,0,1,0,0,0,0,0,1,0,6,1
102300,5087,0,0,5087,0,0,5085,5085,0,0,0,0,0,0,0,0,0,0,0,0,0,0,0,0,0,0,0,0,0,0,0,0,0,0,1
102757,63,0,21,63,0,21,82,41,0,8,0,0,0,7,0,5,0,0,0,0,0,0,0,0,0,8,0,4,0,0,0,5,0,4,1
17569,20,0,7,15,0,4,25,15,0,1,0,0,0,1,0,1,0,0,0,0,0,0,0,0,0,1,0,1,0,0,0,1,0,4,0
102557,1,0,0,1,0,0,0,0,0,0,0,0,0,0,0,0,0,0,0,0,0,0,0,0,0,0,0,0,0,0,0,0,0,0,1
102709,26,0,9,26,0,9,33,17,0,3,0,0,0,3,0,1,0,0,0,0,0,0,0,0,0,3,0,1,0,0,0,1,0,4,1
14008,0,0,1,0,0,1,0,0,0,0,0,0,0,0,0,0,0,0,0,0,0,0,0,0,0,0,0,0,0,0,0,0,0,0,0
103270,1,0,0,1,0,0,0,0,0,0,0,0,0,0,0,0,0,0,0,0,0,0,0,0,0,0,0,0,0,0,0,0,0,0,1
102339,17,0,10,17,0,10,25,10,0,3,0,0,0,2,0,2,0,0,0,0,0,0,0,0,0,2,0,1,0,0,0,1,0,4,1
102687,318,0,2,318,0,2,318,315,0,0,0,0,0,0,0,1,0,0,0,0,0,0,0,0,0,1,0,0,0,0,0,1,0,0,1
20392,15,0,0,15,0,0,13,13,0,0,0,0,0,0,0,0,0,0,0,0,0,0,0,0,0,0,0,0,0,0,0,0,0,0,0
102353,16,0,10,16,0,10,24,9,0,3,0,0,0,2,0,2,0,0,0,0,0,0,0,0,0,2,0,1,0,0,0,1,0,4,1
103609,17,0,10,17,0,10,25,9,0,3,0,0,0,2,0,2,0,0,0,0,0,0,0,0,0,2,0,1,0,0,0,2,0,4,1
25478,33,0,6,33,0,6,37,31,0,0,0,0,0,0,0,0,0,0,0,0,0,0,0,0,0,1,0,0,0,0,0,1,0,4,0
102479,29,0,31,29,0,31,58,18,0,5,0,0,0,3,0,3,0,0,0,0,0,0,0,0,0,4,0,1,0,0,0,2,0,22,1
1319,3,0,0,1,0,0,1,1,0,0,0,0,0,0,0,0,0,0,0,0,0,0,0,0,0,0,0,0,0,0,0,0,0,0,0
102583,1,0,0,1,0,0,0,0,0,0,0,0,0,0,0,0,0,0,0,0,0,0,0,0,0,0,0,0,0,0,0,0,0,0,1
103215,16,0,10,16,0,10,24,9,0,3,0,0,0,2,0,2,0,0,0,0,0,0,0,0,0,2,0,1,0,0,0,1,0,4,1
102444,42,0,35,42,0,35,75,31,0,5,0,0,0,3,0,3,0,0,0,0,0,0,0,0,0,4,0,1,0,0,0,2,0,26,1
25001,3,0,3,2,0,3,4,0,0,1,0,0,0,0,0,1,0,0,0,0,0,0,0,0,0,0,0,0,0,0,0,1,0,1,0
103136,107,0,15,107,0,15,120,94,0,5,0,0,0,3,0,3,0,0,0,0,0,0,0,0,0,5,0,1,0,0,0,3,0,6,1
25448,16,0,10,10,0,6,24,9,0,3,0,0,0,2,0,2,0,0,0,0,0,0,0,0,0,2,0,1,0,0,0,1,0,4,0
22108,38,0,6,33,0,6,42,34,0,1,0,0,0,0,0,1,0,0,0,0,0,0,0,0,0,1,0,0,0,0,0,1,0,4,0
20603,5,0,0,5,0,0,3,3,0,0,0,0,0,0,0,0,0,0,0,0,0,0,0,0,0,0,0,0,0,0,0,0,0,0,0
102319,1,0,0,1,0,0,0,0,0,0,0,0,0,0,0,0,0,0,0,0,0,0,0,0,0,0,0,0,0,0,0,0,0,0,1
102376,11,0,2,11,0,2,11,9,0,1,0,0,0,0,0,1,0,0,0,0,0,0,0,0,0,0,0,0,0,0,0,0,0,0,1
102700,17,0,10,17,0,10,25,10,0,3,0,0,0,2,0,2,0,0,0,0,0,0,0,0,0,2,0,1,0,0,0,1,0,4,1
103276,6,0,10,6,0,10,14,1,0,2,0,0,0,2,0,1,0,0,0,0,0,0,0,0,0,2,0,1,0,0,0,1,0,4,1
103712,1,0,0,1,0,0,0,0,0,0,0,0,0,0,0,0,0,0,0,0,0,0,0,0,0,0,0,0,0,0,0,0,0,0,1
102458,17,0,10,17,0,10,25,10,0,3,0,0,0,2,0,2,0,0,0,0,0,0,0,0,0,2,0,1,0,0,0,1,0,4,1
103181,1,0,0,1,0,0,0,0,0,0,0,0,0,0,0,0,0,0,0,0,0,0,0,0,0,0,0,0,0,0,0,0,0,0,1
103020,10,0,3,10,0,3,11,6,0,1,0,0,0,0,0,1,0,0,0,0,0,0,0,0,0,1,0,0,0,0,0,1,0,1,1
25370,3,0,3,2,0,3,4,0,0,1,0,0,0,0,0,1,0,0,0,0,0,0,0,0,0,0,0,0,0,0,0,1,0,1,0
102452,17,0,10,17,0,10,25,10,0,3,0,0,0,2,0,2,0,0,0,0,0,0,0,0,0,2,0,1,0,0,0,1,0,4,1
17211,5,0,3,1,0,1,6,1,0,1,0,0,0,0,0,1,0,0,0,0,0,0,0,0,0,1,0,0,0,0,0,1,0,1,0
103679,39,0,33,39,0,33,70,28,0,5,0,0,0,3,0,3,0,0,0,0,0,0,0,0,0,4,0,1,0,0,0,2,0,24,1
102941,17,0,10,17,0,10,25,10,0,3,0,0,0,2,0,2,0,0,0,0,0,0,0,0,0,2,0,1,0,0,0,1,0,4,1
24421,37,0,31,11,0,20,66,26,0,5,0,0,0,3,0,3,0,0,0,0,0,0,0,0,0,4,0,1,0,0,0,2,0,22,0
103425,2,0,3,2,0,3,3,0,0,1,0,0,0,0,0,1,0,0,0,0,0,0,0,0,0,0,0,0,0,0,0,0,0,1,1
22048,25,0,6,20,0,6,29,21,0,1,0,0,0,0,0,1,0,0,0,0,0,0,0,0,0,1,0,0,0,0,0,1,0,4,0
24163,309994,0,0,309994,0,0,309992,309992,0,0,0,0,0,0,0,0,0,0,0,0,0,0,0,0,0,0,0,0,0,0,0,0,0,0,0
20583,12,0,8,7,0,8,18,8,0,1,0,0,0,0,0,1,0,0,0,0,0,0,0,0,0,1,0,0,0,0,0,1,0,6,0
102619,207,0,4,207,0,4,209,198,0,3,0,0,0,4,0,0,0,0,0,0,0,0,0,0,0,3,0,1,0,0,0,0,0,0,1
22208,17,0,10,11,0,6,25,10,0,3,0,0,0,2,0,2,0,0,0,0,0,0,0,0,0,2,0,1,0,0,0,1,0,4,0
102137,32,0,16,32,0,16,46,14,0,6,0,0,0,7,0,3,0,0,0,0,0,0,0,0,0,6,0,4,0,0,0,3,0,3,1
103429,28,0,19,28,0,19,45,24,0,1,0,0,0,0,0,1,0,0,0,0,0,0,0,0,0,1,0,0,0,0,0,1,0,17,1
22197,5,0,3,5,0,3,6,3,0,1,0,0,0,0,0,1,0,0,0,0,0,0,0,0,0,0,0,0,0,0,0,0,0,1,0
103277,17,0,10,17,0,10,25,10,0,3,0,0,0,2,0,2,0,0,0,0,0,0,0,0,0,2,0,1,0,0,0,1,0,4,1
102675,17,0,10,17,0,10,25,10,0,3,0,0,0,2,0,2,0,0,0,0,0,0,0,0,0,2,0,1,0,0,0,1,0,4,1
103113,118,0,0,118,0,0,116,116,0,0,0,0,0,0,0,0,0,0,0,0,0,0,0,0,0,0,0,0,0,0,0,0,0,0,1
102996,34,0,0,34,0,0,32,32,0,0,0,0,0,0,0,0,0,0,0,0,0,0,0,0,0,0,0,0,0,0,0,0,0,0,1
102175,17,0,10,17,0,10,25,10,0,3,0,0,0,2,0,2,0,0,0,0,0,0,0,0,0,2,0,1,0,0,0,1,0,4,1
103332,16448,16,3,16448,16,3,16465,16443,0,1,0,1,0,0,0,1,1,0,0,1,14,0,0,0,0,0,1,0,0,0,0,1,0,1,1
103004,17,0,10,17,0,10,25,9,0,3,0,0,0,2,0,2,0,0,0,0,0,0,0,0,0,2,0,1,0,0,0,2,0,4,1
103195,17,0,10,17,0,10,25,10,0,3,0,0,0,2,0,2,0,0,0,0,0,0,0,0,0,2,0,1,0,0,0,1,0,4,1
13826,40,0,33,40,0,33,71,29,0,5,0,0,0,3,0,3,0,0,0,0,0,0,0,0,0,4,0,1,0,0,0,2,0,24,0
17299,11,0,7,7,0,5,16,7,0,1,0,0,0,0,0,1,0,0,0,0,0,0,0,0,0,1,0,0,0,0,0,1,0,5,0
102863,3,0,0,3,0,0,1,1,0,0,0,0,0,0,0,0,0,0,0,0,0,0,0,0,0,0,0,0,0,0,0,0,0,0,1
13983,10,0,7,10,0,7,15,6,0,1,0,0,0,0,0,1,0,0,0,0,0,0,0,0,0,1,0,0,0,0,0,1,0,5,0
102155,6,0,0,6,0,0,4,4,0,0,0,0,0,0,0,0,0,0,0,0,0,0,0,0,0,0,0,0,0,0,0,0,0,0,1
103301,16,0,10,16,0,10,24,9,0,3,0,0,0,2,0,2,0,0,0,0,0,0,0,0,0,2,0,1,0,0,0,1,0,4,1
102682,5,0,3,5,0,3,6,3,0,1,0,0,0,0,0,1,0,0,0,0,0,0,0,0,0,0,0,0,0,0,0,0,0,1,1
22107,38,0,6,33,0,6,42,34,0,1,0,0,0,0,0,1,0,0,0,0,0,0,0,0,0,1,0,0,0,0,0,1,0,4,0
20623,1,0,0,1,0,0,0,0,0,0,0,0,0,0,0,0,0,0,0,0,0,0,0,0,0,0,0,0,0,0,0,0,0,0,0
102803,42,0,35,42,0,35,75,31,0,5,0,0,0,3,0,3,0,0,0,0,0,0,0,0,0,4,0,1,0,0,0,2,0,26,1
103690,39,0,0,39,0,0,37,37,0,0,0,0,0,0,0,0,0,0,0,0,0,0,0,0,0,0,0,0,0,0,0,0,0,0,1
104005,17,0,10,17,0,10,25,9,0,3,0,0,0,2,0,2,0,0,0,0,0,0,0,0,0,2,0,1,0,0,0,2,0,4,1
103586,3,0,0,3,0,0,1,1,0,0,0,0,0,0,0,0,0,0,0,0,0,0,0,0,0,0,0,0,0,0,0,0,0,0,1
17349,20,0,7,15,0,4,25,15,0,1,0,0,0,1,0,1,0,0,0,0,0,0,0,0,0,1,0,1,0,0,0,1,0,4,0
102855,17,0,10,17,0,10,25,10,0,3,0,0,0,2,0,2,0,0,0,0,0,0,0,0,0,2,0,1,0,0,0,1,0,4,1
103377,17,0,10,17,0,10,25,10,0,3,0,0,0,2,0,2,0,0,0,0,0,0,0,0,0,2,0,1,0,0,0,1,0,4,1
102539,4,0,7,4,0,7,9,2,0,1,0,0,0,0,0,1,0,0,0,0,0,0,0,0,0,0,0,0,0,0,0,0,0,5,1
17315,19,0,7,14,0,4,24,14,0,1,0,0,0,1,0,1,0,0,0,0,0,0,0,0,0,1,0,1,0,0,0,1,0,4,0
17591,20,0,7,15,0,4,25,15,0,1,0,0,0,1,0,1,0,0,0,0,0,0,0,0,0,1,0,1,0,0,0,1,0,4,0
102960,38,0,31,38,0,31,67,27,0,5,0,0,0,3,0,3,0,0,0,0,0,0,0,0,0,4,0,1,0,0,0,2,0,22,1
102554,298,0,2,298,0,2,298,296,0,0,0,0,0,0,0,0,0,0,0,0,0,0,0,0,0,1,0,0,0,0,0,1,0,0,1
24530,5,0,0,5,0,0,3,3,0,0,0,0,0,0,0,0,0,0,0,0,0,0,0,0,0,0,0,0,0,0,0,0,0,0,0
103653,5,0,26,5,0,26,29,1,0,1,0,0,0,1,0,2,0,0,0,0,0,0,0,0,0,1,0,1,0,0,0,1,0,21,1
102809,351,0,3,351,0,3,352,344,0,2,0,0,0,3,0,0,0,0,0,0,0,0,0,0,0,2,0,1,0,0,0,0,0,0,1
24321,38,0,6,33,0,6,42,34,0,1,0,0,0,0,0,1,0,0,0,0,0,0,0,0,0,1,0,0,0,0,0,1,0,4,0
24943,5,0,3,5,0,3,6,3,0,1,0,0,0,0,0,1,0,0,0,0,0,0,0,0,0,0,0,0,0,0,0,0,0,1,0
13739,11,0,3,11,0,3,12,7,0,1,0,0,0,0,0,1,0,0,0,0,0,0,0,0,0,1,0,0,0,0,0,1,0,1,0
25437,36,0,6,31,0,6,40,32,0,1,0,0,0,0,0,1,0,0,0,0,0,0,0,0,0,1,0,0,0,0,0,1,0,4,0
922,2655,0,124,102,0,1,2777,2415,0,114,0,0,0,124,0,0,0,0,0,0,0,0,0,0,0,114,0,10,0,0,0,0,0,0,0
102963,17,0,10,17,0,10,25,10,0,3,0,0,0,2,0,2,0,0,0,0,0,0,0,0,0,2,0,1,0,0,0,1,0,4,1
102547,16,0,10,16,0,10,24,9,0,3,0,0,0,2,0,2,0,0,0,0,0,0,0,0,0,2,0,1,0,0,0,1,0,4,1
102610,5,0,3,5,0,3,6,3,0,1,0,0,0,0,0,1,0,0,0,0,0,0,0,0,0,0,0,0,0,0,0,0,0,1,1
24186,38,0,31,11,0,20,67,27,0,5,0,0,0,3,0,3,0,0,0,0,0,0,0,0,0,4,0,1,0,0,0,2,0,22,0
25467,3,0,1,2,0,1,2,0,0,1,0,0,0,1,0,0,0,0,0,0,0,0,0,0,0,0,0,0,0,0,0,0,0,0,0
17685,65,0,7,60,0,4,70,60,0,1,0,0,0,1,0,1,0,0,0,0,0,0,0,0,0,1,0,1,0,0,0,1,0,4,0
102955,38,0,31,38,0,31,67,26,0,4,0,0,0,3,0,3,0,0,0,0,0,0,0,0,0,5,0,1,0,0,0,3,0,22,1
22195,17,0,10,11,0,6,25,10,0,3,0,0,0,2,0,2,0,0,0,0,0,0,0,0,0,2,0,1,0,0,0,1,0,4,0
102554,1,0,0,1,0,0,0,0,0,0,0,0,0,0,0,0,0,0,0,0,0,0,0,0,0,0,0,0,0,0,0,0,0,0,1
25438,3,0,3,2,0,3,4,0,0,1,0,0,0,0,0,1,0,0,0,0,0,0,0,0,0,0,0,0,0,0,0,1,0,1,0
22102,3,0,0,3,0,0,1,1,0,0,0,0,0,0,0,0,0,0,0,0,0,0,0,0,0,0,0,0,0,0,0,0,0,0,0
20813,3,0,3,2,0,3,4,0,0,1,0,0,0,0,0,1,0,0,0,0,0,0,0,0,0,0,0,0,0,0,0,1,0,1,0
20790,59,0,6,54,0,6,63,55,0,1,0,0,0,0,0,1,0,0,0,0,0,0,0,0,0,1,0,0,0,0,0,1,0,4,0
103205,16,0,8,16,0,8,22,9,0,2,0,0,0,2,0,1,0,0,0,0,0,0,0,0,0,2,0,1,0,0,0,1,0,4,1
24195,11,0,3,9,0,3,12,7,0,1,0,0,0,0,0,1,0,0,0,0,0,0,0,0,0,1,0,0,0,0,0,1,0,1,0
103965,1,0,0,1,0,0,0,0,0,0,0,0,0,0,0,0,0,0,0,0,0,0,0,0,0,0,0,0,0,0,0,0,0,0,1
102892,17,0,10,17,0,10,25,10,0,3,0,0,0,2,0,2,0,0,0,0,0,0,0,0,0,2,0,1,0,0,0,1,0,4,1
102357,9,0,1,9,0,1,8,7,0,1,0,0,0,0,0,0,0,0,0,0,0,0,0,0,0,0,0,0,0,0,0,0,0,0,1
17420,23,0,5,19,0,3,26,19,0,1,0,0,0,0,0,1,0,0,0,0,0,0,0,0,0,1,0,0,0,0,0,1,0,3,0
103099,38,0,31,38,0,31,67,27,0,5,0,0,0,3,0,3,0,0,0,0,0,0,0,0,0,4,0,1,0,0,0,2,0,22,1
102739,11,0,6,11,0,6,15,9,0,1,0,0,0,0,0,1,0,0,0,0,0,0,0,0,0,0,0,0,0,0,0,0,0,4,1
17144,20,0,7,15,0,4,25,15,0,1,0,0,0,1,0,1,0,0,0,0,0,0,0,0,0,1,0,1,0,0,0,1,0,4,0
17015,44,0,18,40,0,16,60,40,0,1,0,0,0,0,0,1,0,0,0,0,0,0,0,0,0,1,0,0,0,0,0,1,0,16,0
102754,16,0,10,16,0,10,24,9,0,3,0,0,0,2,0,2,0,0,0,0,0,0,0,0,0,2,0,1,0,0,0,1,0,4,1
1663,366,0,0,366,0,0,364,364,0,0,0,0,0,0,0,0,0,0,0,0,0,0,0,0,0,0,0,0,0,0,0,0,0,0,0
25494,5,0,3,3,0,3,6,1,0,1,0,0,0,0,0,1,0,0,0,0,0,0,0,0,0,1,0,0,0,0,0,1,0,1,0
13945,1,0,0,1,0,0,0,0,0,0,0,0,0,0,0,0,0,0,0,0,0,0,0,0,0,0,0,0,0,0,0,0,0,0,0
25004,160,0,17,60,0,6,175,144,0,7,0,0,0,2,0,5,0,0,0,0,0,0,0,0,0,7,0,0,0,0,0,5,0,5,0
102667,203,0,38,203,0,38,239,155,0,20,0,0,0,20,0,6,0,0,0,0,0,0,0,0,0,21,0,6,0,0,0,6,0,5,1
22160,3,0,0,3,0,0,1,1,0,0,0,0,0,0,0,0,0,0,0,0,0,0,0,0,0,0,0,0,0,0,0,0,0,0,0
17428,65,0,7,60,0,4,70,60,0,1,0,0,0,1,0,1,0,0,0,0,0,0,0,0,0,1,0,1,0,0,0,1,0,4,0
17671,5,0,3,3,0,1,6,3,0,1,0,0,0,0,0,1,0,0,0,0,0,0,0,0,0,0,0,0,0,0,0,0,0,1,0
102628,16,0,10,16,0,10,24,9,0,3,0,0,0,2,0,2,0,0,0,0,0,0,0,0,0,2,0,1,0,0,0,1,0,4,1
13981,3,0,3,3,0,3,4,0,0,1,0,0,0,0,0,1,0,0,0,0,0,0,0,0,0,0,0,0,0,0,0,1,0,1,0
103655,17,0,10,17,0,10,25,10,0,3,0,0,0,2,0,2,0,0,0,0,0,0,0,0,0,2,0,1,0,0,0,1,0,4,1
102672,214,0,39,214,0,39,251,164,0,21,0,0,0,20,0,7,0,0,0,0,0,0,0,0,0,21,0,6,0,0,0,7,0,5,1
20759,3,0,3,2,0,3,4,0,0,1,0,0,0,0,0,1,0,0,0,0,0,0,0,0,0,0,0,0,0,0,0,1,0,1,0
24236,5,0,4,4,0,4,7,2,0,1,0,0,0,0,0,1,0,0,0,0,0,0,0,0,0,0,0,0,0,0,0,1,0,2,0
25335,123,0,14,53,0,6,135,111,0,5,0,0,0,1,0,4,0,0,0,0,0,0,0,0,0,5,0,0,0,0,0,4,0,5,0
102592,16,0,10,16,0,10,24,9,0,3,0,0,0,2,0,2,0,0,0,0,0,0,0,0,0,2,0,1,0,0,0,1,0,4,1
17368,20,0,7,15,0,4,25,15,0,1,0,0,0,1,0,1,0,0,0,0,0,0,0,0,0,1,0,1,0,0,0,1,0,4,0
13680,51,0,12,51,0,12,61,47,0,1,0,0,0,0,0,1,0,0,0,0,0,0,0,0,0,1,0,0,0,0,0,1,0,10,0
103207,17,0,10,17,0,10,25,10,0,3,0,0,0,2,0,2,0,0,0,0,0,0,0,0,0,2,0,1,0,0,0,1,0,4,1
25456,1,0,0,1,0,0,0,0,0,0,0,0,0,0,0,0,0,0,0,0,0,0,0,0,0,0,0,0,0,0,0,0,0,0,0
103065,17,0,10,17,0,10,25,10,0,3,0,0,0,2,0,2,0,0,0,0,0,0,0,0,0,2,0,1,0,0,0,1,0,4,1
103183,7,0,0,7,0,0,5,5,0,0,0,0,0,0,0,0,0,0,0,0,0,0,0,0,0,0,0,0,0,0,0,0,0,0,1
20635,17,0,10,11,0,6,25,10,0,3,0,0,0,2,0,2,0,0,0,0,0,0,0,0,0,2,0,1,0,0,0,1,0,4,0
13918,36,0,6,36,0,6,40,32,0,1,0,0,0,0,0,1,0,0,0,0,0,0,0,0,0,1,0,0,0,0,0,1,0,4,0
17412,3,0,0,1,0,0,1,1,0,0,0,0,0,0,0,0,0,0,0,0,0,0,0,0,0,0,0,0,0,0,0,0,0,0,0
13699,190,0,36,190,0,36,224,145,0,19,0,0,0,17,0,7,0,0,0,0,0,0,0,0,0,19,0,5,0,0,0,7,0,5,0
102364,170,0,30,170,0,30,198,133,0,15,0,0,0,16,0,4,0,0,0,0,0,0,0,0,0,16,0,5,0,0,0,5,0,4,1
103774,167,0,28,167,0,28,193,155,0,5,0,0,0,2,0,3,0,0,0,0,0,0,0,0,0,6,0,0,0,0,0,3,0,19,1
22148,3,0,1,2,0,1,2,0,0,0,0,0,0,1,0,0,0,0,0,0,0,0,0,0,0,1,0,0,0,0,0,0,0,0,0
17272,20,0,7,15,0,4,25,15,0,1,0,0,0,1,0,1,0,0,0,0,0,0,0,0,0,1,0,1,0,0,0,1,0,4,0
22052,17,0,10,11,0,6,25,10,0,3,0,0,0,2,0,2,0,0,0,0,0,0,0,0,0,2,0,1,0,0,0,1,0,4,0
102733,17,0,10,17,0,10,25,10,0,3,0,0,0,2,0,2,0,0,0,0,0,0,0,0,0,2,0,1,0,0,0,1,0,4,1
102917,1,0,0,1,0,0,0,0,0,0,0,0,0,0,0,0,0,0,0,0,0,0,0,0,0,0,0,0,0,0,0,0,0,0,1
20194,0,0,3,0,0,3,1,0,0,0,0,0,0,0,0,0,0,0,0,0,0,0,0,0,0,0,0,0,0,0,0,0,0,1,0
103748,55,0,19,55,0,19,72,51,0,1,0,0,0,0,0,1,0,0,0,0,0,0,0,0,0,1,0,0,0,0,0,1,0,17,1
103951,17,0,10,17,0,10,25,10,0,3,0,0,0,2,0,2,0,0,0,0,0,0,0,0,0,2,0,1,0,0,0,1,0,4,1
24962,160,0,17,60,0,6,175,144,0,7,0,0,0,2,0,5,0,0,0,0,0,0,0,0,0,7,0,0,0,0,0,5,0,5,0
24427,26,0,6,21,0,6,30,22,0,1,0,0,0,0,0,1,0,0,0,0,0,0,0,0,0,1,0,0,0,0,0,1,0,4,0
20777,3,0,3,2,0,3,4,0,0,1,0,0,0,0,0,1,0,0,0,0,0,0,0,0,0,0,0,0,0,0,0,1,0,1,0
102155,5,0,0,5,0,0,3,3,0,0,0,0,0,0,0,0,0,0,0,0,0,0,0,0,0,0,0,0,0,0,0,0,0,0,1
13697,50,0,19,50,0,19,67,44,0,2,0,0,0,1,0,1,0,0,0,0,0,0,0,0,0,2,0,0,0,0,0,1,0,16,0
13642,11,0,7,11,0,7,16,7,0,1,0,0,0,0,0,1,0,0,0,0,0,0,0,0,0,1,0,0,0,0,0,1,0,5,0
102894,17,0,10,17,0,10,25,10,0,3,0,0,0,2,0,2,0,0,0,0,0,0,0,0,0,2,0,1,0,0,0,1,0,4,1
102687,16,0,10,16,0,10,24,9,0,3,0,0,0,2,0,2,0,0,0,0,0,0,0,0,0,2,0,1,0,0,0,1,0,4,1
20538,21,0,1,16,0,1,20,17,0,1,0,0,0,1,0,0,0,0,0,0,0,0,0,0,0,1,0,0,0,0,0,0,0,0,0
22083,4,0,3,4,0,3,5,2,0,1,0,0,0,0,0,1,0,0,0,0,0,0,0,0,0,0,0,0,0,0,0,0,0,1,0
24279,1,0,0,1,0,0,0,0,0,0,0,0,0,0,0,0,0,0,0,0,0,0,0,0,0,0,0,0,0,0,0,0,0,0,0
103605,17,0,10,17,0,10,25,10,0,3,0,0,0,2,0,2,0,0,0,0,0,0,0,0,0,2,0,1,0,0,0,1,0,4,1
103971,70,0,26,70,0,26,94,58,0,5,0,0,0,2,0,5,0,0,0,0,0,0,0,0,0,5,0,2,0,0,0,5,0,12,1
102852,1,0,0,1,0,0,0,0,0,0,0,0,0,0,0,0,0,0,0,0,0,0,0,0,0,0,0,0,0,0,0,0,0,0,1
17513,7,0,0,5,0,0,5,5,0,0,0,0,0,0,0,0,0,0,0,0,0,0,0,0,0,0,0,0,0,0,0,0,0,0,0
13728,1,0,0,1,0,0,0,0,0,0,0,0,0,0,0,0,0,0,0,0,0,0,0,0,0,0,0,0,0,0,0,0,0,0,0
20640,11,0,0,11,0,0,9,9,0,0,0,0,0,0,0,0,0,0,0,0,0,0,0,0,0,0,0,0,0,0,0,0,0,0,0
103615,1,0,0,1,0,0,0,0,0,0,0,0,0,0,0,0,0,0,0,0,0,0,0,0,0,0,0,0,0,0,0,0,0,0,1
20758,5,0,0,5,0,0,3,3,0,0,0,0,0,0,0,0,0,0,0,0,0,0,0,0,0,0,0,0,0,0,0,0,0,0,0
24466,3,0,3,2,0,3,4,0,0,1,0,0,0,0,0,1,0,0,0,0,0,0,0,0,0,0,0,0,0,0,0,1,0,1,0
103260,17,0,10,17,0,10,25,10,0,3,0,0,0,2,0,2,0,0,0,0,0,0,0,0,0,2,0,1,0,0,0,1,0,4,1
102947,1,0,0,1,0,0,0,0,0,0,0,0,0,0,0,0,0,0,0,0,0,0,0,0,0,0,0,0,0,0,0,0,0,0,1
103211,37,0,29,37,0,29,64,28,0,4,0,0,0,3,0,2,0,0,0,0,0,0,0,0,0,3,0,1,0,0,0,1,0,22,1
102506,4,0,0,4,0,0,2,2,0,0,0,0,0,0,0,0,0,0,0,0,0,0,0,0,0,0,0,0,0,0,0,0,0,0,1
13950,17,0,6,17,0,6,21,13,0,1,0,0,0,0,0,1,0,0,0,0,0,0,0,0,0,1,0,0,0,0,0,1,0,4,0
17574,20,0,7,15,0,4,25,15,0,1,0,0,0,1,0,1,0,0,0,0,0,0,0,0,0,1,0,1,0,0,0,1,0,4,0
102679,17,0,10,17,0,10,25,10,0,3,0,0,0,2,0,2,0,0,0,0,0,0,0,0,0,2,0,1,0,0,0,1,0,4,1
102099,0,0,2,0,0,2,0,0,0,0,0,0,0,0,0,0,0,0,0,0,0,0,0,0,0,0,0,0,0,0,0,0,0,0,1
103694,46,0,0,46,0,0,44,44,0,0,0,0,0,0,0,0,0,0,0,0,0,0,0,0,0,0,0,0,0,0,0,0,0,0,1
17203,1,0,0,0,0,0,0,0,0,0,0,0,0,0,0,0,0,0,0,0,0,0,0,0,0,0,0,0,0,0,0,0,0,0,0
102786,11,0,0,11,0,0,9,9,0,0,0,0,0,0,0,0,0,0,0,0,0,0,0,0,0,0,0,0,0,0,0,0,0,0,1
102525,17,0,10,17,0,10,25,10,0,3,0,0,0,2,0,2,0,0,0,0,0,0,0,0,0,2,0,1,0,0,0,1,0,4,1
22118,31,0,0,31,0,0,29,29,0,0,0,0,0,0,0,0,0,0,0,0,0,0,0,0,0,0,0,0,0,0,0,0,0,0,0
14073,17,0,10,17,0,10,25,10,0,3,0,0,0,2,0,2,0,0,0,0,0,0,0,0,0,2,0,1,0,0,0,1,0,4,0
1663,120,0,0,120,0,0,118,118,0,0,0,0,0,0,0,0,0,0,0,0,0,0,0,0,0,0,0,0,0,0,0,0,0,0,0
102671,16691,101,3,16691,101,3,16793,16686,0,1,0,1,0,0,0,1,1,0,0,1,99,0,0,0,0,0,1,0,0,0,0,1,0,1,1
103196,17,0,10,17,0,10,25,10,0,3,0,0,0,2,0,2,0,0,0,0,0,0,0,0,0,2,0,1,0,0,0,1,0,4,1
102810,17,0,10,17,0,10,25,10,0,3,0,0,0,2,0,2,0,0,0,0,0,0,0,0,0,2,0,1,0,0,0,1,0,4,1
102557,2,0,2,2,0,2,2,0,0,1,0,0,0,0,0,1,0,0,0,0,0,0,0,0,0,0,0,0,0,0,0,0,0,0,1
102752,17,0,10,17,0,10,25,10,0,3,0,0,0,2,0,2,0,0,0,0,0,0,0,0,0,2,0,1,0,0,0,1,0,4,1
17726,20,0,7,15,0,4,25,15,0,1,0,0,0,1,0,1,0,0,0,0,0,0,0,0,0,1,0,1,0,0,0,1,0,4,0
102830,1,0,0,1,0,0,0,0,0,0,0,0,0,0,0,0,0,0,0,0,0,0,0,0,0,0,0,0,0,0,0,0,0,0,1
102604,17,0,10,17,0,10,25,10,0,3,0,0,0,2,0,2,0,0,0,0,0,0,0,0,0,2,0,1,0,0,0,1,0,4,1
102721,179,0,4,179,0,4,181,170,0,3,0,0,0,4,0,0,0,0,0,0,0,0,0,0,0,3,0,1,0,0,0,0,0,0,1
24183,5,0,3,5,0,3,6,3,0,1,0,0,0,0,0,1,0,0,0,0,0,0,0,0,0,0,0,0,0,0,0,0,0,1,0
24362,630,0,0,630,0,0,628,628,0,0,0,0,0,0,0,0,0,0,0,0,0,0,0,0,0,0,0,0,0,0,0,0,0,0,0
25341,36,0,6,36,0,6,40,34,0,0,0,0,0,0,0,0,0,0,0,0,0,0,0,0,0,1,0,0,0,0,0,1,0,4,0
22171,38,0,31,11,0,20,67,27,0,5,0,0,0,3,0,3,0,0,0,0,0,0,0,0,0,4,0,1,0,0,0,2,0,22,0
102839,0,0,2,0,0,2,0,0,0,0,0,0,0,0,0,0,0,0,0,0,0,0,0,0,0,0,0,0,0,0,0,0,0,0,1
103032,16,0,2,16,0,2,16,12,0,2,0,0,0,1,0,0,0,0,0,0,0,0,0,0,0,1,0,0,0,0,0,0,0,0,1
102539,1,0,0,1,0,0,0,0,0,0,0,0,0,0,0,0,0,0,0,0,0,0,0,0,0,0,0,0,0,0,0,0,0,0,1
102474,17,0,10,17,0,10,25,10,0,3,0,0,0,2,0,2,0,0,0,0,0,0,0,0,0,2,0,1,0,0,0,1,0,4,1
25466,160,0,0,160,0,0,158,158,0,0,0,0,0,0,0,0,0,0,0,0,0,0,0,0,0,0,0,0,0,0,0,0,0,0,0
17208,22,0,0,20,0,0,20,20,0,0,0,0,0,0,0,0,0,0,0,0,0,0,0,0,0,0,0,0,0,0,0,0,0,0,0
102606,3,0,2,3,0,2,3,0,0,1,0,0,0,0,0,1,0,0,0,0,0,0,0,0,0,0,0,0,0,0,0,1,0,0,1
102691,1,0,0,1,0,0,0,0,0,0,0,0,0,0,0,0,0,0,0,0,0,0,0,0,0,0,0,0,0,0,0,0,0,0,1
102772,1,0,0,1,0,0,0,0,0,0,0,0,0,0,0,0,0,0,0,0,0,0,0,0,0,0,0,0,0,0,0,0,0,0,1
25386,12,0,8,7,0,8,18,8,0,1,0,0,0,0,0,1,0,0,0,0,0,0,0,0,0,1,0,0,0,0,0,1,0,6,0
102841,16,0,10,16,0,10,24,9,0,3,0,0,0,2,0,2,0,0,0,0,0,0,0,0,0,2,0,1,0,0,0,1,0,4,1
102779,17,0,10,17,0,10,25,10,0,3,0,0,0,2,0,2,0,0,0,0,0,0,0,0,0,2,0,1,0,0,0,1,0,4,1
102421,170,0,124,170,0,124,292,147,0,8,0,0,0,7,0,6,0,0,0,0,0,0,0,0,0,8,0,5,0,0,0,6,0,105,1
102716,4,0,3,4,0,3,5,1,0,1,0,0,0,1,0,1,0,0,0,0,0,0,0,0,0,1,0,0,0,0,0,0,0,0,1
102654,17,0,10,17,0,10,25,10,0,3,0,0,0,2,0,2,0,0,0,0,0,0,0,0,0,2,0,1,0,0,0,1,0,4,1
17359,20,0,7,15,0,4,25,15,0,1,0,0,0,1,0,1,0,0,0,0,0,0,0,0,0,1,0,1,0,0,0,1,0,4,0
102632,17,0,10,17,0,10,25,10,0,3,0,0,0,2,0,2,0,0,0,0,0,0,0,0,0,2,0,1,0,0,0,1,0,4,1
103049,1,0,0,1,0,0,0,0,0,0,0,0,0,0,0,0,0,0,0,0,0,0,0,0,0,0,0,0,0,0,0,0,0,0,1
103665,3,0,0,3,0,0,1,1,0,0,0,0,0,0,0,0,0,0,0,0,0,0,0,0,0,0,0,0,0,0,0,0,0,0,1
103703,22,0,12,22,0,12,32,20,0,1,0,0,0,0,0,1,0,0,0,0,0,0,0,0,0,0,0,0,0,0,0,0,0,10,1
24460,17,0,10,11,0,6,25,10,0,3,0,0,0,2,0,2,0,0,0,0,0,0,0,0,0,2,0,1,0,0,0,1,0,4,0
102630,1,0,0,1,0,0,0,0,0,0,0,0,0,0,0,0,0,0,0,0,0,0,0,0,0,0,0,0,0,0,0,0,0,0,1
103397,4,0,24,4,0,24,26,1,0,1,0,0,0,0,0,2,0,0,0,0,0,0,0,0,0,1,0,0,0,0,0,1,0,20,1
103222,9,0,4,9,0,4,11,7,0,1,0,0,0,0,0,1,0,0,0,0,0,0,0,0,0,0,0,0,0,0,0,0,0,2,1
17601,62,0,7,57,0,4,67,57,0,1,0,0,0,1,0,1,0,0,0,0,0,0,0,0,0,1,0,1,0,0,0,1,0,4,0
102782,4,0,22,4,0,22,24,1,0,1,0,0,0,0,0,2,0,0,0,0,0,0,0,0,0,1,0,0,0,0,0,1,0,18,1
102778,17,0,10,17,0,10,25,10,0,3,0,0,0,2,0,2,0,0,0,0,0,0,0,0,0,2,0,1,0,0,0,1,0,4,1
102857,17,0,10,17,0,10,25,10,0,3,0,0,0,2,0,2,0,0,0,0,0,0,0,0,0,2,0,1,0,0,0,1,0,4,1
24383,80,0,8,44,0,7,86,74,0,2,0,0,0,1,0,1,0,0,0,0,0,0,0,0,0,2,0,0,0,0,0,1,0,5,0
25033,1,0,0,1,0,0,0,0,0,0,0,0,0,0,0,0,0,0,0,0,0,0,0,0,0,0,0,0,0,0,0,0,0,0,0
13841,195,0,150,195,0,150,343,181,0,6,0,0,0,2,0,4,0,0,0,0,0,0,0,0,0,6,0,0,0,0,0,4,0,140,0
103310,133,0,16,133,0,16,147,114,0,7,0,0,0,9,0,1,0,0,0,0,0,0,0,0,0,7,0,3,0,0,0,1,0,5,1
24998,15,0,10,9,0,6,23,8,0,3,0,0,0,2,0,2,0,0,0,0,0,0,0,0,0,2,0,1,0,0,0,1,0,4,0
102673,5,0,1,5,0,1,4,2,0,1,0,0,0,1,0,0,0,0,0,0,0,0,0,0,0,0,0,0,0,0,0,0,0,0,1
103210,42,0,35,42,0,35,75,31,0,5,0,0,0,3,0,3,0,0,0,0,0,0,0,0,0,4,0,1,0,0,0,2,0,26,1
102728,17,0,10,17,0,10,25,10,0,3,0,0,0,2,0,2,0,0,0,0,0,0,0,0,0,2,0,1,0,0,0,1,0,4,1
20549,1,0,0,1,0,0,0,0,0,0,0,0,0,0,0,0,0,0,0,0,0,0,0,0,0,0,0,0,0,0,0,0,0,0,0
25318,98,0,14,60,0,6,110,86,0,5,0,0,0,1,0,4,0,0,0,0,0,0,0,0,0,5,0,0,0,0,0,4,0,5,0
17019,2,0,3,1,0,1,3,0,0,0,0,0,0,0,0,1,0,0,0,0,0,0,0,0,0,0,0,0,0,0,0,1,0,1,0
2193,126,0,0,126,0,0,124,124,0,0,0,0,0,0,0,0,0,0,0,0,0,0,0,0,0,0,0,0,0,0,0,0,0,0,0
17414,8,0,7,4,0,5,13,4,0,1,0,0,0,0,0,1,0,0,0,0,0,0,0,0,0,1,0,0,0,0,0,1,0,5,0
103061,4,0,1,4,0,1,3,1,0,0,0,0,0,1,0,0,0,0,0,0,0,0,0,0,0,1,0,0,0,0,0,0,0,0,1
1187,649,0,0,649,0,0,647,647,0,0,0,0,0,0,0,0,0,0,0,0,0,0,0,0,0,0,0,0,0,0,0,0,0,0,0
103628,16,0,10,16,0,10,24,9,0,3,0,0,0,2,0,2,0,0,0,0,0,0,0,0,0,2,0,1,0,0,0,1,0,4,1
24438,36,0,5,35,0,5,39,33,0,0,0,0,0,0,0,1,0,0,0,0,0,0,0,0,0,1,0,0,0,0,0,1,0,3,0
102749,180,0,35,180,0,35,213,135,0,18,0,0,0,20,0,5,0,0,0,0,0,0,0,0,0,18,0,7,0,0,0,5,0,5,1
103750,230,0,18,230,0,18,246,216,0,6,0,0,0,3,0,3,0,0,0,0,0,0,0,0,0,6,0,0,0,0,0,3,0,9,1
102442,97,0,27,97,0,27,122,86,0,4,0,0,0,4,0,1,0,0,0,0,0,0,0,0,0,4,0,1,0,0,0,1,0,21,1
17703,20,0,7,15,0,4,25,15,0,1,0,0,0,1,0,1,0,0,0,0,0,0,0,0,0,1,0,1,0,0,0,1,0,4,0
24287,1,0,0,1,0,0,0,0,0,0,0,0,0,0,0,0,0,0,0,0,0,0,0,0,0,0,0,0,0,0,0,0,0,0,0
102640,14,0,7,14,0,7,19,9,0,1,0,0,0,1,0,1,0,0,0,0,0,0,0,0,0,1,0,1,0,0,0,1,0,4,1
102686,17,0,10,17,0,10,25,10,0,3,0,0,0,2,0,2,0,0,0,0,0,0,0,0,0,2,0,1,0,0,0,1,0,4,1
24475,17,0,10,11,0,6,25,10,0,3,0,0,0,2,0,2,0,0,0,0,0,0,0,0,0,2,0,1,0,0,0,1,0,4,0
102784,1,0,0,1,0,0,0,0,0,0,0,0,0,0,0,0,0,0,0,0,0,0,0,0,0,0,0,0,0,0,0,0,0,0,1
20773,155,0,17,60,0,6,170,140,0,7,0,0,0,2,0,5,0,0,0,0,0,0,0,0,0,6,0,0,0,0,0,5,0,5,0
103238,17,0,10,17,0,10,25,10,0,3,0,0,0,2,0,2,0,0,0,0,0,0,0,0,0,2,0,1,0,0,0,1,0,4,1
102915,1,0,0,1,0,0,0,0,0,0,0,0,0,0,0,0,0,0,0,0,0,0,0,0,0,0,0,0,0,0,0,0,0,0,1
24948,18,0,6,13,0,6,22,14,0,1,0,0,0,0,0,1,0,0,0,0,0,0,0,0,0,1,0,0,0,0,0,1,0,4,0
102959,1,0,0,1,0,0,0,0,0,0,0,0,0,0,0,0,0,0,0,0,0,0,0,0,0,0,0,0,0,0,0,0,0,0,1
102900,17,0,10,17,0,10,25,10,0,3,0,0,0,2,0,2,0,0,0,0,0,0,0,0,0,2,0,1,0,0,0,1,0,4,1
103871,12,0,8,12,0,8,18,8,0,1,0,0,0,0,0,1,0,0,0,0,0,0,0,0,0,1,0,0,0,0,0,1,0,6,1
102516,43,0,37,43,0,37,78,32,0,5,0,0,0,3,0,3,0,0,0,0,0,0,0,0,0,4,0,1,0,0,0,2,0,28,1
102411,178,0,23,178,0,23,199,151,0,12,0,0,0,9,0,5,0,0,0,0,0,0,0,0,0,11,0,2,0,0,0,5,0,4,1
103329,17,0,10,17,0,10,25,10,0,3,0,0,0,2,0,2,0,0,0,0,0,0,0,0,0,2,0,1,0,0,0,1,0,4,1
103987,17,0,10,17,0,10,25,10,0,3,0,0,0,2,0,2,0,0,0,0,0,0,0,0,0,2,0,1,0,0,0,1,0,4,1
103702,17,0,10,17,0,10,25,10,0,3,0,0,0,2,0,2,0,0,0,0,0,0,0,0,0,2,0,1,0,0,0,1,0,4,1
103225,36,0,15,36,0,15,49,26,0,3,0,0,0,3,0,2,0,0,0,0,0,0,0,0,0,4,0,1,0,0,0,2,0,8,1
102557,17,0,10,17,0,10,25,10,0,3,0,0,0,2,0,2,0,0,0,0,0,0,0,0,0,2,0,1,0,0,0,1,0,4,1
102135,75,0,3,75,0,3,76,71,0,1,0,0,0,1,0,0,0,0,0,0,0,0,0,0,0,2,0,0,0,0,0,1,0,0,1
102077,11,0,1,11,0,1,10,9,0,1,0,0,0,0,0,0,0,0,0,0,0,0,0,0,0,0,0,0,0,0,0,0,0,0,1
13932,17,0,10,17,0,10,25,10,0,3,0,0,0,2,0,2,0,0,0,0,0,0,0,0,0,2,0,1,0,0,0,1,0,4,0
102493,38,0,31,38,0,31,67,27,0,5,0,0,0,3,0,3,0,0,0,0,0,0,0,0,0,4,0,1,0,0,0,2,0,22,1
102601,1,0,0,1,0,0,0,0,0,0,0,0,0,0,0,0,0,0,0,0,0,0,0,0,0,0,0,0,0,0,0,0,0,0,1
2022,38,0,0,38,0,0,36,36,0,0,0,0,0,0,0,0,0,0,0,0,0,0,0,0,0,0,0,0,0,0,0,0,0,0,0
103062,32,0,3,32,0,3,33,30,0,0,0,0,0,0,0,0,0,0,0,0,0,0,0,0,0,1,0,0,0,0,0,1,0,1,1
102789,17,0,10,17,0,10,25,10,0,3,0,0,0,2,0,2,0,0,0,0,0,0,0,0,0,2,0,1,0,0,0,1,0,4,1
17417,20,0,7,15,0,4,25,15,0,1,0,0,0,1,0,1,0,0,0,0,0,0,0,0,0,1,0,1,0,0,0,1,0,4,0
102962,17,0,10,17,0,10,25,10,0,3,0,0,0,2,0,2,0,0,0,0,0,0,0,0,0,2,0,1,0,0,0,1,0,4,1
25113,17,0,10,11,0,6,25,10,0,3,0,0,0,2,0,2,0,0,0,0,0,0,0,0,0,2,0,1,0,0,0,1,0,4,0
102978,5,0,3,5,0,3,6,3,0,1,0,0,0,0,0,1,0,0,0,0,0,0,0,0,0,0,0,0,0,0,0,0,0,1,1
25348,17,0,10,11,0,6,25,10,0,3,0,0,0,2,0,2,0,0,0,0,0,0,0,0,0,2,0,1,0,0,0,1,0,4,0
13956,20,0,6,20,0,6,24,16,0,1,0,0,0,0,0,1,0,0,0,0,0,0,0,0,0,1,0,0,0,0,0,1,0,4,0
102755,16,0,10,16,0,10,24,9,0,3,0,0,0,2,0,2,0,0,0,0,0,0,0,0,0,2,0,1,0,0,0,1,0,4,1
102772,17,0,10,17,0,10,25,10,0,3,0,0,0,2,0,2,0,0,0,0,0,0,0,0,0,2,0,1,0,0,0,1,0,4,1
102901,17,0,10,17,0,10,25,10,0,3,0,0,0,2,0,2,0,0,0,0,0,0,0,0,0,2,0,1,0,0,0,1,0,4,1
13942,38,0,31,38,0,31,67,27,0,5,0,0,0,3,0,3,0,0,0,0,0,0,0,0,0,4,0,1,0,0,0,2,0,22,0
14028,17,0,10,17,0,10,25,10,0,3,0,0,0,2,0,2,0,0,0,0,0,0,0,0,0,2,0,1,0,0,0,1,0,4,0
17676,12,0,8,8,0,6,18,8,0,1,0,0,0,0,0,1,0,0,0,0,0,0,0,0,0,1,0,0,0,0,0,1,0,6,0
25435,13,0,7,7,0,7,18,9,0,1,0,0,0,0,0,1,0,0,0,0,0,0,0,0,0,1,0,0,0,0,0,1,0,5,0
17572,1,0,0,0,0,0,0,0,0,0,0,0,0,0,0,0,0,0,0,0,0,0,0,0,0,0,0,0,0,0,0,0,0,0,0
102512,1,0,0,1,0,0,0,0,0,0,0,0,0,0,0,0,0,0,0,0,0,0,0,0,0,0,0,0,0,0,0,0,0,0,1
102475,37,0,31,37,0,31,66,26,0,5,0,0,0,3,0,3,0,0,0,0,0,0,0,0,0,4,0,1,0,0,0,2,0,22,1
17242,3,0,6,1,0,4,7,0,0,1,0,0,0,0,0,1,0,0,0,0,0,0,0,0,0,0,0,0,0,0,0,1,0,4,0
24171,22,0,6,16,0,6,26,18,0,1,0,0,0,0,0,1,0,0,0,0,0,0,0,0,0,1,0,0,0,0,0,1,0,4,0
102720,20,0,1,20,0,1,19,16,0,1,0,0,0,1,0,0,0,0,0,0,0,0,0,0,0,1,0,0,0,0,0,0,0,0,1
17739,9,0,0,7,0,0,7,7,0,0,0,0,0,0,0,0,0,0,0,0,0,0,0,0,0,0,0,0,0,0,0,0,0,0,0
24957,2,0,2,2,0,2,2,0,0,1,0,0,0,0,0,1,0,0,0,0,0,0,0,0,0,0,0,0,0,0,0,0,0,0,0
102929,1,0,0,1,0,0,0,0,0,0,0,0,0,0,0,0,0,0,0,0,0,0,0,0,0,0,0,0,0,0,0,0,0,0,1
102155,7,0,0,7,0,0,5,5,0,0,0,0,0,0,0,0,0,0,0,0,0,0,0,0,0,0,0,0,0,0,0,0,0,0,1
103092,38,0,31,38,0,31,67,27,0,5,0,0,0,3,0,3,0,0,0,0,0,0,0,0,0,4,0,1,0,0,0,2,0,22,1
17055,137,0,21,129,0,15,156,129,0,3,0,0,0,0,0,3,0,0,0,0,0,0,0,0,0,3,0,0,0,0,0,3,0,15,0
102709,10,0,25,10,0,25,33,5,0,2,0,0,0,1,0,2,0,0,0,0,0,0,0,0,0,2,0,0,0,0,0,1,0,20,1
102914,16,0,10,16,0,10,24,9,0,3,0,0,0,2,0,2,0,0,0,0,0,0,0,0,0,2,0,1,0,0,0,1,0,4,1
25410,3,0,3,2,0,3,4,0,0,1,0,0,0,0,0,1,0,0,0,0,0,0,0,0,0,0,0,0,0,0,0,1,0,1,0
103051,1,0,0,1,0,0,0,0,0,0,0,0,0,0,0,0,0,0,0,0,0,0,0,0,0,0,0,0,0,0,0,0,0,0,1
103876,6,0,4,6,0,4,8,1,0,2,0,0,0,2,0,1,0,0,0,0,0,0,0,0,0,2,0,0,0,0,0,0,0,0,1
14002,65,0,7,65,0,7,70,59,0,3,0,0,0,1,0,1,0,0,0,0,0,0,0,0,0,2,0,0,0,0,0,1,0,3,0
642,23,0,0,23,0,0,21,21,0,0,0,0,0,0,0,0,0,0,0,0,0,0,0,0,0,0,0,0,0,0,0,0,0,0,0
102625,6,0,3,6,0,3,7,3,0,1,0,0,0,0,0,1,0,0,0,0,0,0,0,0,0,0,0,0,0,0,0,1,0,1,1
17718,10,0,3,6,0,1,11,6,0,1,0,0,0,0,0,1,0,0,0,0,0,0,0,0,0,1,0,0,0,0,0,1,0,1,0
102745,17,0,10,17,0,10,25,10,0,3,0,0,0,2,0,2,0,0,0,0,0,0,0,0,0,2,0,1,0,0,0,1,0,4,1
730,56,0,0,56,0,0,54,54,0,0,0,0,0,0,0,0,0,0,0,0,0,0,0,0,0,0,0,0,0,0,0,0,0,0,0
24293,1,0,0,1,0,0,0,0,0,0,0,0,0,0,0,0,0,0,0,0,0,0,0,0,0,0,0,0,0,0,0,0,0,0,0
17177,19,0,0,17,0,0,17,17,0,0,0,0,0,0,0,0,0,0,0,0,0,0,0,0,0,0,0,0,0,0,0,0,0,0,0
22067,1,0,0,1,0,0,0,0,0,0,0,0,0,0,0,0,0,0,0,0,0,0,0,0,0,0,0,0,0,0,0,0,0,0,0
102668,1,0,0,1,0,0,0,0,0,0,0,0,0,0,0,0,0,0,0,0,0,0,0,0,0,0,0,0,0,0,0,0,0,0,1
102766,17,0,10,17,0,10,25,10,0,3,0,0,0,2,0,2,0,0,0,0,0,0,0,0,0,2,0,1,0,0,0,1,0,4,1
24233,214,0,0,214,0,0,212,212,0,0,0,0,0,0,0,0,0,0,0,0,0,0,0,0,0,0,0,0,0,0,0,0,0,0,0
103441,8,0,10,8,0,10,16,1,0,3,0,0,0,2,0,2,0,0,0,0,0,0,0,0,0,2,0,1,0,0,0,1,0,4,1
102623,17,0,10,17,0,10,25,10,0,3,0,0,0,2,0,2,0,0,0,0,0,0,0,0,0,2,0,1,0,0,0,1,0,4,1
17167,20,0,7,15,0,4,25,15,0,1,0,0,0,1,0,1,0,0,0,0,0,0,0,0,0,1,0,1,0,0,0,1,0,4,0
102710,40,0,33,40,0,33,71,29,0,5,0,0,0,3,0,3,0,0,0,0,0,0,0,0,0,4,0,1,0,0,0,2,0,24,1
103291,1,0,0,1,0,0,0,0,0,0,0,0,0,0,0,0,0,0,0,0,0,0,0,0,0,0,0,0,0,0,0,0,0,0,1
102872,17,0,10,17,0,10,25,10,0,3,0,0,0,2,0,2,0,0,0,0,0,0,0,0,0,2,0,1,0,0,0,1,0,4,1
102776,4,0,22,4,0,22,24,1,0,1,0,0,0,0,0,2,0,0,0,0,0,0,0,0,0,1,0,0,0,0,0,1,0,18,1
103844,56,0,43,56,0,43,97,32,0,8,0,0,0,9,0,5,0,0,0,0,0,0,0,0,0,8,0,6,0,0,0,5,0,24,1
102475,110,0,16,110,0,16,124,102,0,3,0,0,0,2,0,1,0,0,0,0,0,0,0,0,0,3,0,0,0,0,0,1,0,12,1
102819,0,0,1,0,0,1,0,0,0,0,0,0,0,0,0,0,0,0,0,0,0,0,0,0,0,0,0,0,0,0,0,0,0,0,1
102992,1,0,0,1,0,0,0,0,0,0,0,0,0,0,0,0,0,0,0,0,0,0,0,0,0,0,0,0,0,0,0,0,0,0,1
20656,17,0,10,11,0,6,25,10,0,3,0,0,0,2,0,2,0,0,0,0,0,0,0,0,0,2,0,1,0,0,0,1,0,4,0
102390,174,0,32,174,0,32,204,141,0,13,0,0,0,13,0,5,0,0,0,0,0,0,0,0,0,13,0,5,0,0,0,5,0,9,1
24431,1,0,0,1,0,0,0,0,0,0,0,0,0,0,0,0,0,0,0,0,0,0,0,0,0,0,0,0,0,0,0,0,0,0,0
102422,8,0,6,8,0,6,12,4,0,1,0,0,0,0,0,1,0,0,0,0,0,0,0,0,0,1,0,0,0,0,0,1,0,4,1
102874,17,0,10,17,0,10,25,10,0,3,0,0,0,2,0,2,0,0,0,0,0,0,0,0,0,2,0,1,0,0,0,1,0,4,1
17416,62,0,7,57,0,4,67,57,0,1,0,0,0,1,0,1,0,0,0,0,0,0,0,0,0,1,0,1,0,0,0,1,0,4,0
103556,17,0,10,17,0,10,25,10,0,3,0,0,0,2,0,2,0,0,0,0,0,0,0,0,0,2,0,1,0,0,0,1,0,4,1
102544,16,0,10,16,0,10,24,9,0,3,0,0,0,2,0,2,0,0,0,0,0,0,0,0,0,2,0,1,0,0,0,1,0,4,1
102408,88,0,7,88,0,7,93,83,0,1,0,0,0,1,0,1,0,0,0,0,0,0,0,0,0,1,0,1,0,0,0,1,0,4,1
103680,549,0,76,549,0,76,623,516,0,15,0,0,0,9,0,7,0,0,0,0,0,0,0,0,0,15,0,1,0,0,0,7,0,53,1
103351,1,0,0,1,0,0,0,0,0,0,0,0,0,0,0,0,0,0,0,0,0,0,0,0,0,0,0,0,0,0,0,0,0,0,1
17583,4,0,3,1,0,1,5,0,0,1,0,0,0,0,0,1,0,0,0,0,0,0,0,0,0,1,0,0,0,0,0,1,0,1,0
102265,25,0,0,25,0,0,23,23,0,0,0,0,0,0,0,0,0,0,0,0,0,0,0,0,0,0,0,0,0,0,0,0,0,0,1
103455,17,0,10,17,0,10,25,10,0,3,0,0,0,2,0,2,0,0,0,0,0,0,0,0,0,2,0,1,0,0,0,1,0,4,1
103167,8,0,4,8,0,4,10,4,0,2,0,0,0,0,0,1,0,0,0,0,0,0,0,0,0,2,0,0,0,0,0,1,0,0,1
102511,17,0,10,17,0,10,25,10,0,3,0,0,0,2,0,2,0,0,0,0,0,0,0,0,0,2,0,1,0,0,0,1,0,4,1
102730,38,0,31,38,0,31,67,27,0,5,0,0,0,3,0,3,0,0,0,0,0,0,0,0,0,4,0,1,0,0,0,2,0,22,1
102844,1,0,0,1,0,0,0,0,0,0,0,0,0,0,0,0,0,0,0,0,0,0,0,0,0,0,0,0,0,0,0,0,0,0,1
22101,17,0,10,11,0,6,25,10,0,3,0,0,0,2,0,2,0,0,0,0,0,0,0,0,0,2,0,1,0,0,0,1,0,4,0
102922,17,0,10,17,0,10,25,10,0,3,0,0,0,2,0,2,0,0,0,0,0,0,0,0,0,2,0,1,0,0,0,1,0,4,1
17651,19,0,7,14,0,4,24,14,0,1,0,0,0,1,0,1,0,0,0,0,0,0,0,0,0,1,0,1,0,0,0,1,0,4,0
102561,1,0,0,1,0,0,0,0,0,0,0,0,0,0,0,0,0,0,0,0,0,0,0,0,0,0,0,0,0,0,0,0,0,0,1
102845,1,0,0,1,0,0,0,0,0,0,0,0,0,0,0,0,0,0,0,0,0,0,0,0,0,0,0,0,0,0,0,0,0,0,1
102893,1,0,0,1,0,0,0,0,0,0,0,0,0,0,0,0,0,0,0,0,0,0,0,0,0,0,0,0,0,0,0,0,0,0,1
17669,211,0,38,165,0,18,247,165,0,19,0,0,0,20,0,6,0,0,0,0,0,0,0,0,0,18,0,8,0,0,0,6,0,5,0
20568,16,0,10,10,0,6,24,9,0,3,0,0,0,2,0,2,0,0,0,0,0,0,0,0,0,2,0,1,0,0,0,1,0,4,0
102958,5,0,24,5,0,24,27,1,0,1,0,0,0,0,0,2,0,0,0,0,0,0,0,0,0,1,0,0,0,0,0,2,0,20,1
103046,38,0,31,38,0,31,67,27,0,5,0,0,0,3,0,3,0,0,0,0,0,0,0,0,0,4,0,1,0,0,0,2,0,22,1
103401,38,0,31,38,0,31,67,27,0,5,0,0,0,3,0,3,0,0,0,0,0,0,0,0,0,4,0,1,0,0,0,2,0,22,1
102899,38,0,31,38,0,31,67,27,0,5,0,0,0,3,0,3,0,0,0,0,0,0,0,0,0,4,0,1,0,0,0,2,0,22,1
24505,49,0,3,39,0,2,50,43,0,2,0,0,0,1,0,1,0,0,0,0,0,0,0,0,0,2,0,0,0,0,0,1,0,0,0
101144,183,0,7,183,0,7,188,180,0,1,0,0,0,1,0,0,0,0,0,0,0,0,0,0,0,1,0,1,0,0,0,1,0,3,1
103550,17,0,10,17,0,10,25,9,0,3,0,0,0,2,0,2,0,0,0,0,0,0,0,0,0,2,0,1,0,0,0,2,0,4,1
103546,17,0,10,17,0,10,25,10,0,3,0,0,0,2,0,2,0,0,0,0,0,0,0,0,0,2,0,1,0,0,0,1,0,4,1
102693,17,0,10,17,0,10,25,10,0,3,0,0,0,2,0,2,0,0,0,0,0,0,0,0,0,2,0,1,0,0,0,1,0,4,1
17673,10,0,2,5,0,1,10,5,0,1,0,0,0,2,0,0,0,0,0,0,0,0,0,0,0,1,0,1,0,0,0,0,0,0,0
20815,1,0,0,1,0,0,0,0,0,0,0,0,0,0,0,0,0,0,0,0,0,0,0,0,0,0,0,0,0,0,0,0,0,0,0
102130,1,0,0,1,0,0,0,0,0,0,0,0,0,0,0,0,0,0,0,0,0,0,0,0,0,0,0,0,0,0,0,0,0,0,1
24960,17,0,10,11,0,6,25,10,0,3,0,0,0,2,0,2,0,0,0,0,0,0,0,0,0,2,0,1,0,0,0,1,0,4,0
103225,39,0,33,39,0,33,70,28,0,5,0,0,0,3,0,3,0,0,0,0,0,0,0,0,0,4,0,1,0,0,0,2,0,24,1
25051,12,0,3,10,0,3,13,8,0,1,0,0,0,0,0,1,0,0,0,0,0,0,0,0,0,1,0,0,0,0,0,1,0,1,0
102527,16667,84,0,16667,84,0,16749,16663,1,0,0,1,0,0,0,0,1,0,0,1,82,0,0,0,0,0,0,0,0,0,0,0,0,0,1
102518,11,0,2,11,0,2,11,9,0,1,0,0,0,0,0,1,0,0,0,0,0,0,0,0,0,0,0,0,0,0,0,0,0,0,1
25043,17,0,10,11,0,6,25,10,0,3,0,0,0,2,0,2,0,0,0,0,0,0,0,0,0,2,0,1,0,0,0,1,0,4,0
25344,3,0,3,2,0,3,4,0,0,1,0,0,0,0,0,1,0,0,0,0,0,0,0,0,0,0,0,0,0,0,0,1,0,1,0
13940,11,0,4,11,0,4,13,6,0,2,0,0,0,2,0,1,0,0,0,0,0,0,0,0,0,1,0,1,0,0,0,0,0,0,0
17567,20,0,6,16,0,4,24,16,0,1,0,0,0,0,0,1,0,0,0,0,0,0,0,0,0,1,0,0,0,0,0,1,0,4,0
103129,5,0,3,5,0,3,6,2,0,1,0,0,0,0,0,1,0,0,0,0,0,0,0,0,0,0,0,0,0,0,0,1,0,1,1
24525,9,0,0,9,0,0,7,7,0,0,0,0,0,0,0,0,0,0,0,0,0,0,0,0,0,0,0,0,0,0,0,0,0,0,0
103308,1,0,0,1,0,0,0,0,0,0,0,0,0,0,0,0,0,0,0,0,0,0,0,0,0,0,0,0,0,0,0,0,0,0,1
24528,16,0,6,11,0,6,20,12,0,1,0,0,0,0,0,1,0,0,0,0,0,0,0,0,0,1,0,0,0,0,0,1,0,4,0
102535,10,0,1,10,0,1,9,8,0,1,0,0,0,0,0,0,0,0,0,0,0,0,0,0,0,0,0,0,0,0,0,0,0,0,1
102568,16,0,8,16,0,8,22,9,0,2,0,0,0,2,0,1,0,0,0,0,0,0,0,0,0,2,0,1,0,0,0,1,0,4,1
20794,17,0,10,11,0,6,25,10,0,3,0,0,0,2,0,2,0,0,0,0,0,0,0,0,0,2,0,1,0,0,0,1,0,4,0
25477,25,0,6,20,0,6,29,21,0,1,0,0,0,0,0,1,0,0,0,0,0,0,0,0,0,1,0,0,0,0,0,1,0,4,0
13678,16,0,10,16,0,10,24,9,0,3,0,0,0,2,0,2,0,0,0,0,0,0,0,0,0,2,0,1,0,0,0,1,0,4,0
102728,9,0,3,9,0,3,10,5,0,2,0,0,0,1,0,1,0,0,0,0,0,0,0,0,0,1,0,0,0,0,0,0,0,0,1
17210,20,0,6,16,0,4,24,16,0,1,0,0,0,0,0,1,0,0,0,0,0,0,0,0,0,1,0,0,0,0,0,1,0,4,0
20795,17,0,10,11,0,6,25,10,0,3,0,0,0,2,0,2,0,0,0,0,0,0,0,0,0,2,0,1,0,0,0,1,0,4,0
20809,17,0,10,11,0,6,25,10,0,3,0,0,0,2,0,2,0,0,0,0,0,0,0,0,0,2,0,1,0,0,0,1,0,4,0
102473,1,0,0,1,0,0,0,0,0,0,0,0,0,0,0,0,0,0,0,0,0,0,0,0,0,0,0,0,0,0,0,0,0,0,1
13973,64,0,20,64,0,20,82,59,0,2,0,0,0,1,0,1,0,0,0,0,0,0,0,0,0,1,0,0,0,0,0,1,0,17,0
103305,172,0,9,172,0,9,179,160,0,4,0,0,0,4,0,2,0,0,0,0,0,0,0,0,0,4,0,2,0,0,0,2,0,1,1
22053,38,0,31,11,0,20,67,27,0,5,0,0,0,3,0,3,0,0,0,0,0,0,0,0,0,4,0,1,0,0,0,2,0,22,0
24281,1,0,0,1,0,0,0,0,0,0,0,0,0,0,0,0,0,0,0,0,0,0,0,0,0,0,0,0,0,0,0,0,0,0,0
102467,17,0,10,17,0,10,25,10,0,3,0,0,0,2,0,2,0,0,0,0,0,0,0,0,0,2,0,1,0,0,0,1,0,4,1
103009,16,0,10,16,0,10,24,9,0,3,0,0,0,2,0,2,0,0,0,0,0,0,0,0,0,2,0,1,0,0,0,1,0,4,1
25409,38,0,6,33,0,6,42,34,0,1,0,0,0,0,0,1,0,0,0,0,0,0,0,0,0,1,0,0,0,0,0,1,0,4,0
550,151,0,0,149,0,0,149,149,0,0,0,0,0,0,0,0,0,0,0,0,0,0,0,0,0,0,0,0,0,0,0,0,0,0,0
102907,17,0,10,17,0,10,25,10,0,3,0,0,0,2,0,2,0,0,0,0,0,0,0,0,0,2,0,1,0,0,0,1,0,4,1
103404,17,0,10,17,0,10,25,10,0,3,0,0,0,2,0,2,0,0,0,0,0,0,0,0,0,2,0,1,0,0,0,1,0,4,1
103003,17,0,10,17,0,10,25,10,0,3,0,0,0,2,0,2,0,0,0,0,0,0,0,0,0,2,0,1,0,0,0,1,0,4,1
103545,1,0,0,1,0,0,0,0,0,0,0,0,0,0,0,0,0,0,0,0,0,0,0,0,0,0,0,0,0,0,0,0,0,0,1
103303,17,0,10,17,0,10,25,10,0,3,0,0,0,2,0,2,0,0,0,0,0,0,0,0,0,2,0,1,0,0,0,1,0,4,1
102681,4,0,22,4,0,22,24,1,0,1,0,0,0,0,0,2,0,0,0,0,0,0,0,0,0,1,0,0,0,0,0,1,0,18,1
102738,16,0,10,16,0,10,24,9,0,3,0,0,0,2,0,2,0,0,0,0,0,0,0,0,0,2,0,1,0,0,0,1,0,4,1
102760,16,0,10,16,0,10,24,9,0,3,0,0,0,2,0,2,0,0,0,0,0,0,0,0,0,2,0,1,0,0,0,1,0,4,1
104003,17,0,10,17,0,10,25,10,0,3,0,0,0,2,0,2,0,0,0,0,0,0,0,0,0,2,0,1,0,0,0,1,0,4,1
103426,2,0,3,2,0,3,3,0,0,1,0,0,0,0,0,1,0,0,0,0,0,0,0,0,0,0,0,0,0,0,0,0,0,1,1
20589,40,0,33,12,0,13,71,29,0,5,0,0,0,3,0,3,0,0,0,0,0,0,0,0,0,5,0,1,0,0,0,3,0,22,0
13904,3,0,3,3,0,3,4,0,0,1,0,0,0,0,0,1,0,0,0,0,0,0,0,0,0,0,0,0,0,0,0,1,0,1,0
102828,10,0,4,10,0,4,12,8,0,1,0,0,0,0,0,1,0,0,0,0,0,0,0,0,0,0,0,0,0,0,0,0,0,2,1
24285,1,0,0,1,0,0,0,0,0,0,0,0,0,0,0,0,0,0,0,0,0,0,0,0,0,0,0,0,0,0,0,0,0,0,0
17557,4,0,0,2,0,0,2,2,0,0,0,0,0,0,0,0,0,0,0,0,0,0,0,0,0,0,0,0,0,0,0,0,0,0,0
17573,1,0,0,0,0,0,0,0,0,0,0,0,0,0,0,0,0,0,0,0,0,0,0,0,0,0,0,0,0,0,0,0,0,0,0
103960,1,0,0,1,0,0,0,0,0,0,0,0,0,0,0,0,0,0,0,0,0,0,0,0,0,0,0,0,0,0,0,0,0,0,1
22201,20,0,0,20,0,0,18,18,0,0,0,0,0,0,0,0,0,0,0,0,0,0,0,0,0,0,0,0,0,0,0,0,0,0,0
102965,4,0,24,4,0,24,26,1,0,1,0,0,0,0,0,2,0,0,0,0,0,0,0,0,0,1,0,0,0,0,0,1,0,20,1
103877,17,0,10,17,0,10,25,10,0,3,0,0,0,2,0,2,0,0,0,0,0,0,0,0,0,2,0,1,0,0,0,1,0,4,1
22133,17,0,10,9,0,6,25,9,0,3,0,0,0,2,0,2,0,0,0,0,0,0,0,0,0,2,0,1,0,0,0,2,0,4,0
102850,17,0,10,17,0,10,25,10,0,3,0,0,0,2,0,2,0,0,0,0,0,0,0,0,0,2,0,1,0,0,0,1,0,4,1
14063,1,0,0,1,0,0,0,0,0,0,0,0,0,0,0,0,0,0,0,0,0,0,0,0,0,0,0,0,0,0,0,0,0,0,0
1663,103,0,0,103,0,0,101,101,0,0,0,0,0,0,0,0,0,0,0,0,0,0,0,0,0,0,0,0,0,0,0,0,0,0,0
102850,1,0,0,1,0,0,0,0,0,0,0,0,0,0,0,0,0,0,0,0,0,0,0,0,0,0,0,0,0,0,0,0,0,0,1
17625,19,0,7,14,0,4,24,14,0,1,0,0,0,1,0,1,0,0,0,0,0,0,0,0,0,1,0,1,0,0,0,1,0,4,0
102718,17,0,10,17,0,10,25,10,0,3,0,0,0,2,0,2,0,0,0,0,0,0,0,0,0,2,0,1,0,0,0,1,0,4,1
102911,1,0,0,1,0,0,0,0,0,0,0,0,0,0,0,0,0,0,0,0,0,0,0,0,0,0,0,0,0,0,0,0,0,0,1
17425,61,0,7,56,0,4,66,56,0,1,0,0,0,1,0,1,0,0,0,0,0,0,0,0,0,1,0,1,0,0,0,1,0,4,0
20765,25,0,1,24,0,1,24,22,0,1,0,0,0,1,0,0,0,0,0,0,0,0,0,0,0,0,0,0,0,0,0,0,0,0,0
24322,1,0,0,1,0,0,0,0,0,0,0,0,0,0,0,0,0,0,0,0,0,0,0,0,0,0,0,0,0,0,0,0,0,0,0
102822,16,0,10,16,0,10,24,9,0,3,0,0,0,2,0,2,0,0,0,0,0,0,0,0,0,2,0,1,0,0,0,1,0,4,1
103165,1,0,0,1,0,0,0,0,0,0,0,0,0,0,0,0,0,0,0,0,0,0,0,0,0,0,0,0,0,0,0,0,0,0,1
25484,11,0,1,11,0,1,10,9,0,1,0,0,0,0,0,0,0,0,0,0,0,0,0,0,0,0,0,0,0,0,0,0,0,0,0
102717,4,0,22,4,0,22,24,1,0,1,0,0,0,0,0,2,0,0,0,0,0,0,0,0,0,1,0,0,0,0,0,1,0,18,1
102707,38,0,31,38,0,31,67,27,0,5,0,0,0,3,0,3,0,0,0,0,0,0,0,0,0,4,0,1,0,0,0,2,0,22,1
102588,4,0,28,4,0,28,30,1,0,1,0,0,0,0,0,2,0,0,0,0,0,0,0,0,0,1,0,0,0,0,0,1,0,24,1
102695,1,0,0,1,0,0,0,0,0,0,0,0,0,0,0,0,0,0,0,0,0,0,0,0,0,0,0,0,0,0,0,0,0,0,1
103055,1,0,0,1,0,0,0,0,0,0,0,0,0,0,0,0,0,0,0,0,0,0,0,0,0,0,0,0,0,0,0,0,0,0,1
103581,104,0,14,104,0,14,116,82,0,9,0,0,0,9,0,2,0,0,0,0,0,0,0,0,0,9,0,2,0,0,0,2,0,1,1
104017,17,0,10,17,0,10,25,10,0,3,0,0,0,2,0,2,0,0,0,0,0,0,0,0,0,2,0,1,0,0,0,1,0,4,1
13682,12,0,8,12,0,8,18,8,0,1,0,0,0,0,0,1,0,0,0,0,0,0,0,0,0,1,0,0,0,0,0,1,0,6,0
13937,4,0,26,4,0,26,28,1,0,1,0,0,0,0,0,2,0,0,0,0,0,0,0,0,0,1,0,0,0,0,0,1,0,22,0
1187,1630,0,0,1630,0,0,1628,1628,0,0,0,0,0,0,0,0,0,0,0,0,0,0,0,0,0,0,0,0,0,0,0,0,0,0,0
103428,3,0,3,3,0,3,4,0,0,1,0,0,0,0,0,1,0,0,0,0,0,0,0,0,0,0,0,0,0,0,0,1,0,1,1
102633,34,0,9,34,0,9,41,25,0,3,0,0,0,3,0,1,0,0,0,0,0,0,0,0,0,3,0,1,0,0,0,1,0,4,1
24200,4,0,0,4,0,0,2,2,0,0,0,0,0,0,0,0,0,0,0,0,0,0,0,0,0,0,0,0,0,0,0,0,0,0,0
13949,23,0,6,23,0,6,27,19,0,1,0,0,0,0,0,1,0,0,0,0,0,0,0,0,0,1,0,0,0,0,0,1,0,4,0
102877,1,0,0,1,0,0,0,0,0,0,0,0,0,0,0,0,0,0,0,0,0,0,0,0,0,0,0,0,0,0,0,0,0,0,1
102268,16,0,10,16,0,10,24,9,0,3,0,0,0,2,0,2,0,0,0,0,0,0,0,0,0,2,0,1,0,0,0,1,0,4,1
20658,17,0,10,10,0,6,25,9,0,3,0,0,0,2,0,2,0,0,0,0,0,0,0,0,0,2,0,1,0,0,0,2,0,4,0
102613,4,0,24,4,0,24,26,1,0,1,0,0,0,0,0,2,0,0,0,0,0,0,0,0,0,1,0,0,0,0,0,1,0,20,1
24478,24,0,0,24,0,0,22,22,0,0,0,0,0,0,0,0,0,0,0,0,0,0,0,0,0,0,0,0,0,0,0,0,0,0,0
102567,1,0,0,1,0,0,0,0,0,0,0,0,0,0,0,0,0,0,0,0,0,0,0,0,0,0,0,0,0,0,0,0,0,0,1
13825,17,0,10,17,0,10,25,10,0,3,0,0,0,2,0,2,0,0,0,0,0,0,0,0,0,2,0,1,0,0,0,1,0,4,0
102516,17,0,10,17,0,10,25,10,0,3,0,0,0,2,0,2,0,0,0,0,0,0,0,0,0,2,0,1,0,0,0,1,0,4,1
103654,40,0,33,40,0,33,71,29,0,5,0,0,0,3,0,3,0,0,0,0,0,0,0,0,0,4,0,1,0,0,0,2,0,24,1
103125,4,0,0,4,0,0,2,2,0,0,0,0,0,0,0,0,0,0,0,0,0,0,0,0,0,0,0,0,0,0,0,0,0,0,1
20776,9,0,0,9,0,0,7,7,0,0,0,0,0,0,0,0,0,0,0,0,0,0,0,0,0,0,0,0,0,0,0,0,0,0,0
103123,16,0,10,16,0,10,24,9,0,3,0,0,0,2,0,2,0,0,0,0,0,0,0,0,0,2,0,1,0,0,0,1,0,4,1
642,16,0,0,16,0,0,14,14,0,0,0,0,0,0,0,0,0,0,0,0,0,0,0,0,0,0,0,0,0,0,0,0,0,0,0
102442,317,0,0,317,0,0,315,315,0,0,0,0,0,0,0,0,0,0,0,0,0,0,0,0,0,0,0,0,0,0,0,0,0,0,1
20575,360,0,44,139,0,7,402,312,0,19,0,0,0,20,0,7,0,0,0,0,0,0,0,0,0,19,0,8,0,0,0,7,0,10,0
17552,66,0,7,60,0,3,71,60,0,1,0,0,0,2,0,1,0,0,0,0,0,0,0,0,0,2,0,1,0,0,0,1,0,3,0
25064,38,0,31,11,0,20,67,27,0,5,0,0,0,3,0,3,0,0,0,0,0,0,0,0,0,4,0,1,0,0,0,2,0,22,0
13683,12,0,8,12,0,8,18,8,0,1,0,0,0,0,0,1,0,0,0,0,0,0,0,0,0,1,0,0,0,0,0,1,0,6,0
103916,17,0,10,17,0,10,25,10,0,3,0,0,0,2,0,2,0,0,0,0,0,0,0,0,0,2,0,1,0,0,0,1,0,4,1
102804,46,0,39,46,0,39,83,35,0,5,0,0,0,3,0,3,0,0,0,0,0,0,0,0,0,4,0,1,0,0,0,2,0,30,1
103766,20,0,7,20,0,7,25,16,0,1,0,0,0,0,0,1,0,0,0,0,0,0,0,0,0,1,0,0,0,0,0,1,0,5,1
103368,12,0,8,12,0,8,18,8,0,1,0,0,0,0,0,1,0,0,0,0,0,0,0,0,0,1,0,0,0,0,0,1,0,6,1
102728,13,0,7,13,0,7,18,9,0,1,0,0,0,1,0,1,0,0,0,0,0,0,0,0,0,0,0,1,0,0,0,1,0,4,1
17435,19,0,7,14,0,4,24,14,0,1,0,0,0,1,0,1,0,0,0,0,0,0,0,0,0,1,0,1,0,0,0,1,0,4,0
102826,1,0,0,1,0,0,0,0,0,0,0,0,0,0,0,0,0,0,0,0,0,0,0,0,0,0,0,0,0,0,0,0,0,0,1
22078,38,0,6,33,0,6,42,34,0,1,0,0,0,0,0,1,0,0,0,0,0,0,0,0,0,1,0,0,0,0,0,1,0,4,0
103032,279,0,27,279,0,27,304,268,0,4,0,0,0,4,0,1,0,0,0,0,0,0,0,0,0,4,0,1,0,0,0,1,0,21,1
102508,16,0,10,16,0,10,24,9,0,3,0,0,0,2,0,2,0,0,0,0,0,0,0,0,0,2,0,1,0,0,0,1,0,4,1
24336,31,0,0,31,0,0,29,29,0,0,0,0,0,0,0,0,0,0,0,0,0,0,0,0,0,0,0,0,0,0,0,0,0,0,0
13754,5,0,5,5,0,5,8,1,0,2,0,0,0,1,0,1,0,0,0,0,0,0,0,0,0,2,0,0,0,0,0,1,0,0,0
102740,16,0,10,16,0,10,24,9,0,3,0,0,0,2,0,2,0,0,0,0,0,0,0,0,0,2,0,1,0,0,0,1,0,4,1
1442,43,0,0,43,0,0,41,41,0,0,0,0,0,0,0,0,0,0,0,0,0,0,0,0,0,0,0,0,0,0,0,0,0,0,0
25369,99,0,16,31,0,6,113,85,0,6,0,0,0,1,0,5,0,0,0,0,0,0,0,0,0,6,0,0,0,0,0,5,0,5,0
102451,5,0,3,5,0,3,6,1,0,2,0,0,0,1,0,1,0,0,0,0,0,0,0,0,0,1,0,0,0,0,0,0,0,0,1
17444,20,0,7,15,0,4,25,15,0,1,0,0,0,1,0,1,0,0,0,0,0,0,0,0,0,1,0,1,0,0,0,1,0,4,0
103337,17,0,10,17,0,10,25,10,0,3,0,0,0,2,0,2,0,0,0,0,0,0,0,0,0,2,0,1,0,0,0,1,0,4,1
102266,12,0,8,12,0,8,18,8,0,1,0,0,0,0,0,1,0,0,0,0,0,0,0,0,0,1,0,0,0,0,0,1,0,6,1
102342,16,0,10,16,0,10,24,9,0,3,0,0,0,2,0,2,0,0,0,0,0,0,0,0,0,2,0,1,0,0,0,1,0,4,1
24196,4,0,28,3,0,26,30,1,0,1,0,0,0,0,0,2,0,0,0,0,0,0,0,0,0,1,0,0,0,0,0,1,0,24,0
103223,9,0,7,9,0,7,14,7,0,0,0,0,0,0,0,0,0,0,0,0,0,0,0,0,0,1,0,0,0,0,0,1,0,5,1
103950,17,0,10,17,0,10,25,10,0,3,0,0,0,2,0,2,0,0,0,0,0,0,0,0,0,2,0,1,0,0,0,1,0,4,1
17132,12,0,8,8,0,6,18,8,0,1,0,0,0,0,0,1,0,0,0,0,0,0,0,0,0,1,0,0,0,0,0,1,0,6,0
103088,1,0,0,1,0,0,0,0,0,0,0,0,0,0,0,0,0,0,0,0,0,0,0,0,0,0,0,0,0,0,0,0,0,0,1
13755,3,0,2,3,0,2,3,1,0,1,0,0,0,0,0,1,0,0,0,0,0,0,0,0,0,0,0,0,0,0,0,0,0,0,0
102874,17,0,10,17,0,10,25,10,0,3,0,0,0,2,0,2,0,0,0,0,0,0,0,0,0,2,0,1,0,0,0,1,0,4,1
102644,17,0,10,17,0,10,25,10,0,3,0,0,0,2,0,2,0,0,0,0,0,0,0,0,0,2,0,1,0,0,0,1,0,4,1
102440,142,0,13,142,0,13,153,128,0,5,0,0,0,6,0,1,0,0,0,0,0,0,0,0,0,5,0,2,0,0,0,1,0,5,1
13726,260,0,16,260,0,16,274,241,0,8,0,0,0,9,0,1,0,0,0,0,0,0,0,0,0,7,0,3,0,0,0,1,0,4,0
102821,16,0,10,16,0,10,24,9,0,3,0,0,0,2,0,2,0,0,0,0,0,0,0,0,0,2,0,1,0,0,0,1,0,4,1
102197,17,0,10,17,0,10,25,10,0,3,0,0,0,2,0,2,0,0,0,0,0,0,0,0,0,2,0,1,0,0,0,1,0,4,1
102726,282,0,27,282,0,27,307,271,0,5,0,0,0,4,0,2,0,0,0,0,0,0,0,0,0,4,0,1,0,0,0,1,0,19,1
102393,5,0,1,5,0,1,4,2,0,1,0,0,0,1,0,0,0,0,0,0,0,0,0,0,0,0,0,0,0,0,0,0,0,0,1
103349,17,0,10,17,0,10,25,10,0,3,0,0,0,2,0,2,0,0,0,0,0,0,0,0,0,2,0,1,0,0,0,1,0,4,1
25049,3,0,3,2,0,3,4,0,0,1,0,0,0,0,0,1,0,0,0,0,0,0,0,0,0,0,0,0,0,0,0,1,0,1,0
24227,25,0,6,20,0,6,29,21,0,1,0,0,0,0,0,1,0,0,0,0,0,0,0,0,0,1,0,0,0,0,0,1,0,4,0
25114,17,0,10,11,0,6,25,10,0,3,0,0,0,2,0,2,0,0,0,0,0,0,0,0,0,2,0,1,0,0,0,1,0,4,0
102995,12,0,0,12,0,0,10,10,0,0,0,0,0,0,0,0,0,0,0,0,0,0,0,0,0,0,0,0,0,0,0,0,0,0,1
17168,20,0,7,15,0,4,25,15,0,1,0,0,0,1,0,1,0,0,0,0,0,0,0,0,0,1,0,1,0,0,0,1,0,4,0
102711,17,0,10,17,0,10,25,10,0,3,0,0,0,2,0,2,0,0,0,0,0,0,0,0,0,3,0,0,0,0,0,1,0,4,1
101493,10,0,1,10,0,1,9,7,0,1,0,0,0,1,0,0,0,0,0,0,0,0,0,0,0,0,0,0,0,0,0,0,0,0,1
102405,4,0,22,4,0,22,24,1,0,1,0,0,0,0,0,2,0,0,0,0,0,0,0,0,0,1,0,0,0,0,0,1,0,18,1
103262,16,0,10,16,0,10,24,9,0,3,0,0,0,2,0,2,0,0,0,0,0,0,0,0,0,2,0,1,0,0,0,1,0,4,1
17291,3,0,0,1,0,0,1,1,0,0,0,0,0,0,0,0,0,0,0,0,0,0,0,0,0,0,0,0,0,0,0,0,0,0,0
102584,17,0,10,17,0,10,25,10,0,3,0,0,0,2,0,2,0,0,0,0,0,0,0,0,0,2,0,1,0,0,0,1,0,4,1
17257,19,0,7,14,0,4,24,14,0,1,0,0,0,1,0,1,0,0,0,0,0,0,0,0,0,1,0,1,0,0,0,1,0,4,0
22056,17,0,10,11,0,6,25,10,0,3,0,0,0,2,0,2,0,0,0,0,0,0,0,0,0,2,0,1,0,0,0,1,0,4,0
17335,2,0,1,1,0,0,1,0,0,1,0,0,0,0,0,0,0,0,0,0,0,0,0,0,0,0,0,0,0,0,0,0,0,0,0
642,10,0,0,10,0,0,8,8,0,0,0,0,0,0,0,0,0,0,0,0,0,0,0,0,0,0,0,0,0,0,0,0,0,0,0
103223,10,0,3,10,0,3,11,8,0,1,0,0,0,0,0,1,0,0,0,0,0,0,0,0,0,0,0,0,0,0,0,0,0,1,1
103033,12,0,8,12,0,8,18,9,0,1,0,0,0,0,0,2,0,0,0,0,0,0,0,0,0,0,0,1,0,0,0,1,0,4,1
102718,158,0,26,158,0,26,182,128,0,11,0,0,0,14,0,3,0,0,0,0,0,0,0,0,0,11,0,6,0,0,0,3,0,6,1
102522,1039409,0,0,1039409,0,0,1039407,1039407,0,0,0,0,0,0,0,0,0,0,0,0,0,0,0,0,0,0,0,0,0,0,0,0,0,0,1
102735,1,0,0,1,0,0,0,0,0,0,0,0,0,0,0,0,0,0,0,0,0,0,0,0,0,0,0,0,0,0,0,0,0,0,1
102759,7,0,2,7,0,2,7,2,0,2,0,0,0,2,0,0,0,0,0,0,0,0,0,0,0,1,0,0,0,0,0,0,0,0,1
923,103,0,0,103,0,0,101,101,0,0,0,0,0,0,0,0,0,0,0,0,0,0,0,0,0,0,0,0,0,0,0,0,0,0,0
24976,3,0,3,2,0,3,4,0,0,1,0,0,0,0,0,1,0,0,0,0,0,0,0,0,0,0,0,0,0,0,0,1,0,1,0
17304,20,0,7,15,0,4,25,15,0,1,0,0,0,1,0,1,0,0,0,0,0,0,0,0,0,1,0,1,0,0,0,1,0,4,0
1587,332,0,0,332,0,0,330,330,0,0,0,0,0,0,0,0,0,0,0,0,0,0,0,0,0,0,0,0,0,0,0,0,0,0,0
102804,16,0,8,16,0,8,22,9,0,2,0,0,0,2,0,1,0,0,0,0,0,0,0,0,0,2,0,1,0,0,0,1,0,4,1
103985,42,0,35,42,0,35,75,31,0,5,0,0,0,3,0,3,0,0,0,0,0,0,0,0,0,4,0,1,0,0,0,2,0,26,1
1442,44,0,0,44,0,0,42,42,0,0,0,0,0,0,0,0,0,0,0,0,0,0,0,0,0,0,0,0,0,0,0,0,0,0,0
102705,17,0,10,17,0,10,25,10,0,3,0,0,0,2,0,2,0,0,0,0,0,0,0,0,0,2,0,1,0,0,0,1,0,4,1
102672,6,0,1,6,0,1,5,2,0,1,0,0,0,1,0,0,0,0,0,0,0,0,0,0,0,1,0,0,0,0,0,0,0,0,1
102884,2,0,0,2,0,0,0,0,0,0,0,0,0,0,0,0,0,0,0,0,0,0,0,0,0,0,0,0,0,0,0,0,0,0,1
103549,17,0,10,17,0,10,25,10,0,3,0,0,0,2,0,2,0,0,0,0,0,0,0,0,0,2,0,1,0,0,0,1,0,4,1
24474,8,0,6,3,0,3,12,2,0,2,0,0,0,1,0,2,0,0,0,0,0,0,0,0,0,1,0,1,0,0,0,2,0,1,0
102880,10,0,6,10,0,6,14,8,0,1,0,0,0,0,0,1,0,0,0,0,0,0,0,0,0,0,0,0,0,0,0,0,0,4,1
24380,12,0,3,10,0,3,13,8,0,1,0,0,0,0,0,1,0,0,0,0,0,0,0,0,0,1,0,0,0,0,0,1,0,1,0
102835,17,0,10,17,0,10,25,10,0,3,0,0,0,2,0,2,0,0,0,0,0,0,0,0,0,2,0,1,0,0,0,1,0,4,1
13891,3,0,3,3,0,3,4,0,0,1,0,0,0,0,0,1,0,0,0,0,0,0,0,0,0,0,0,0,0,0,0,1,0,1,0
102409,4,0,3,4,0,3,5,0,0,1,0,0,0,0,0,1,0,0,0,0,0,0,0,0,0,1,0,0,0,0,0,1,0,1,1
102885,4,0,24,4,0,24,26,1,0,1,0,0,0,0,0,2,0,0,0,0,0,0,0,0,0,1,0,0,0,0,0,1,0,20,1
22088,1,0,0,1,0,0,0,0,0,0,0,0,0,0,0,0,0,0,0,0,0,0,0,0,0,0,0,0,0,0,0,0,0,0,0
103939,24,0,7,24,0,7,29,20,0,1,0,0,0,0,0,1,0,0,0,0,0,0,0,0,0,1,0,0,0,0,0,1,0,5,1
1587,290,0,0,290,0,0,288,288,0,0,0,0,0,0,0,0,0,0,0,0,0,0,0,0,0,0,0,0,0,0,0,0,0,0,0
103186,94,0,10,94,0,10,102,83,0,5,0,0,0,3,0,2,0,0,0,0,0,0,0,0,0,4,0,1,0,0,0,2,0,2,1
102833,1,0,0,1,0,0,0,0,0,0,0,0,0,0,0,0,0,0,0,0,0,0,0,0,0,0,0,0,0,0,0,0,0,0,1
1605,196,0,0,196,0,0,194,194,0,0,0,0,0,0,0,0,0,0,0,0,0,0,0,0,0,0,0,0,0,0,0,0,0,0,0
102405,16,0,10,16,0,10,24,9,0,3,0,0,0,2,0,2,0,0,0,0,0,0,0,0,0,2,0,1,0,0,0,1,0,4,1
102356,17,0,10,17,0,10,25,10,0,3,0,0,0,2,0,2,0,0,0,0,0,0,0,0,0,2,0,1,0,0,0,1,0,4,1
102712,17,0,10,17,0,10,25,10,0,3,0,0,0,2,0,2,0,0,0,0,0,0,0,0,0,2,0,1,0,0,0,1,0,4,1
24479,38,0,6,33,0,6,42,34,0,1,0,0,0,0,0,1,0,0,0,0,0,0,0,0,0,1,0,0,0,0,0,1,0,4,0
22167,35,0,6,30,0,6,39,31,0,1,0,0,0,0,0,1,0,0,0,0,0,0,0,0,0,1,0,0,0,0,0,1,0,4,0
25444,9,0,10,3,0,6,17,2,0,3,0,0,0,2,0,2,0,0,0,0,0,0,0,0,0,2,0,1,0,0,0,1,0,4,0
102834,17,0,10,17,0,10,25,10,0,3,0,0,0,2,0,2,0,0,0,0,0,0,0,0,0,2,0,1,0,0,0,1,0,4,1
17169,20,0,7,15,0,4,25,15,0,1,0,0,0,1,0,1,0,0,0,0,0,0,0,0,0,1,0,1,0,0,0,1,0,4,0
17180,5,0,3,1,0,1,6,1,0,1,0,0,0,0,0,1,0,0,0,0,0,0,0,0,0,1,0,0,0,0,0,1,0,1,0
102681,17,0,10,17,0,10,25,10,0,3,0,0,0,2,0,2,0,0,0,0,0,0,0,0,0,2,0,1,0,0,0,1,0,4,1
102912,1,0,0,1,0,0,0,0,0,0,0,0,0,0,0,0,0,0,0,0,0,0,0,0,0,0,0,0,0,0,0,0,0,0,1
25346,3,0,3,2,0,3,4,0,0,1,0,0,0,0,0,1,0,0,0,0,0,0,0,0,0,0,0,0,0,0,0,1,0,1,0
24357,17,0,10,11,0,6,25,10,0,3,0,0,0,2,0,2,0,0,0,0,0,0,0,0,0,2,0,1,0,0,0,1,0,4,0
103240,11,0,6,11,0,6,15,8,0,1,0,0,0,0,0,1,0,0,0,0,0,0,0,0,0,0,0,0,0,0,0,1,0,4,1
103686,465,0,0,465,0,0,463,463,0,0,0,0,0,0,0,0,0,0,0,0,0,0,0,0,0,0,0,0,0,0,0,0,0,0,1
102793,17,0,10,17,0,10,25,10,0,3,0,0,0,2,0,2,0,0,0,0,0,0,0,0,0,2,0,1,0,0,0,1,0,4,1
17699,11,0,2,9,0,0,11,9,0,1,0,0,0,0,0,1,0,0,0,0,0,0,0,0,0,0,0,0,0,0,0,0,0,0,0
13700,1,0,0,1,0,0,0,0,0,0,0,0,0,0,0,0,0,0,0,0,0,0,0,0,0,0,0,0,0,0,0,0,0,0,0
102349,44,0,37,44,0,37,79,33,0,5,0,0,0,3,0,3,0,0,0,0,0,0,0,0,0,4,0,1,0,0,0,2,0,28,1
17563,19,0,7,14,0,4,24,14,0,1,0,0,0,1,0,1,0,0,0,0,0,0,0,0,0,1,0,1,0,0,0,1,0,4,0
20749,4,0,22,3,0,20,24,1,0,1,0,0,0,0,0,2,0,0,0,0,0,0,0,0,0,1,0,0,0,0,0,1,0,18,0
20587,17,0,10,11,0,6,25,10,0,3,0,0,0,2,0,2,0,0,0,0,0,0,0,0,0,2,0,1,0,0,0,1,0,4,0
25328,3,0,3,2,0,3,4,0,0,1,0,0,0,0,0,1,0,0,0,0,0,0,0,0,0,0,0,0,0,0,0,1,0,1,0
102804,17,0,10,17,0,10,25,10,0,3,0,0,0,2,0,2,0,0,0,0,0,0,0,0,0,2,0,1,0,0,0,1,0,4,1
1319,9,0,0,9,0,0,7,7,0,0,0,0,0,0,0,0,0,0,0,0,0,0,0,0,0,0,0,0,0,0,0,0,0,0,0
24359,17,0,10,11,0,6,25,10,0,3,0,0,0,2,0,2,0,0,0,0,0,0,0,0,0,2,0,1,0,0,0,1,0,4,0
103253,16,0,10,16,0,10,24,9,0,3,0,0,0,2,0,2,0,0,0,0,0,0,0,0,0,2,0,1,0,0,0,1,0,4,1
102701,26443,0,0,26443,0,0,26441,26441,0,0,0,0,0,0,0,0,0,0,0,0,0,0,0,0,0,0,0,0,0,0,0,0,0,0,1
102840,40,0,33,40,0,33,71,29,0,5,0,0,0,3,0,3,0,0,0,0,0,0,0,0,0,4,0,1,0,0,0,2,0,24,1
24258,1,0,0,1,0,0,0,0,0,0,0,0,0,0,0,0,0,0,0,0,0,0,0,0,0,0,0,0,0,0,0,0,0,0,0
25307,498,0,0,498,0,0,496,496,0,0,0,0,0,0,0,0,0,0,0,0,0,0,0,0,0,0,0,0,0,0,0,0,0,0,0
102774,1,0,0,1,0,0,0,0,0,0,0,0,0,0,0,0,0,0,0,0,0,0,0,0,0,0,0,0,0,0,0,0,0,0,1
14034,1,0,0,1,0,0,0,0,0,0,0,0,0,0,0,0,0,0,0,0,0,0,0,0,0,0,0,0,0,0,0,0,0,0,0
17244,19,0,7,14,0,4,24,14,0,1,0,0,0,1,0,1,0,0,0,0,0,0,0,0,0,1,0,1,0,0,0,1,0,4,0
25497,28,0,0,28,0,0,26,26,0,0,0,0,0,0,0,0,0,0,0,0,0,0,0,0,0,0,0,0,0,0,0,0,0,0,0
102686,214,0,27,214,0,27,239,203,0,4,0,0,0,4,0,1,0,0,0,0,0,0,0,0,0,4,0,1,0,0,0,1,0,21,1
13943,17,0,7,17,0,7,22,15,0,1,0,0,0,0,0,1,0,0,0,0,0,0,0,0,0,0,0,0,0,0,0,0,0,5,0
102538,3,0,0,3,0,0,1,1,0,0,0,0,0,0,0,0,0,0,0,0,0,0,0,0,0,0,0,0,0,0,0,0,0,0,1
17555,20,0,7,15,0,4,25,15,0,1,0,0,0,1,0,1,0,0,0,0,0,0,0,0,0,1,0,1,0,0,0,1,0,4,0
17570,1,0,0,0,0,0,0,0,0,0,0,0,0,0,0,0,0,0,0,0,0,0,0,0,0,0,0,0,0,0,0,0,0,0,0
25047,36,0,5,32,0,5,39,32,0,1,0,0,0,0,0,1,0,0,0,0,0,0,0,0,0,1,0,0,0,0,0,1,0,3,0
102716,1,0,0,1,0,0,0,0,0,0,0,0,0,0,0,0,0,0,0,0,0,0,0,0,0,0,0,0,0,0,0,0,0,0,1
13690,7,0,2,7,0,2,7,5,0,1,0,0,0,0,0,1,0,0,0,0,0,0,0,0,0,0,0,0,0,0,0,0,0,0,0
102991,46,0,0,46,0,0,44,44,0,0,0,0,0,0,0,0,0,0,0,0,0,0,0,0,0,0,0,0,0,0,0,0,0,0,1
17191,62,0,7,57,0,4,67,57,0,1,0,0,0,1,0,1,0,0,0,0,0,0,0,0,0,1,0,1,0,0,0,1,0,4,0
102979,175,0,27,175,0,27,200,145,0,11,0,0,0,13,0,4,0,0,0,0,0,0,0,0,0,12,0,5,0,0,0,4,0,6,1
17094,74,0,7,69,0,4,79,69,0,1,0,0,0,1,0,1,0,0,0,0,0,0,0,0,0,1,0,1,0,0,0,1,0,4,0
14012,4,0,3,4,0,3,5,0,0,1,0,0,0,0,0,1,0,0,0,0,0,0,0,0,0,1,0,0,0,0,0,1,0,1,0
103228,220,0,39,220,0,39,257,175,0,18,0,0,0,18,0,7,0,0,0,0,0,0,0,0,0,18,0,7,0,0,0,7,0,7,1
103875,38,0,31,38,0,31,67,27,0,5,0,0,0,3,0,3,0,0,0,0,0,0,0,0,0,4,0,1,0,0,0,2,0,22,1
24437,12,0,3,10,0,3,13,8,0,1,0,0,0,0,0,1,0,0,0,0,0,0,0,0,0,1,0,0,0,0,0,1,0,1,0
102513,17,0,10,17,0,10,25,8,0,3,0,0,0,2,0,2,0,0,0,0,0,0,0,0,0,3,0,1,0,0,0,2,0,4,1
1187,1305,0,0,1305,0,0,1303,1303,0,0,0,0,0,0,0,0,0,0,0,0,0,0,0,0,0,0,0,0,0,0,0,0,0,0,0
102699,1010704,0,0,1010704,0,0,1010702,1010702,0,0,0,0,0,0,0,0,0,0,0,0,0,0,0,0,0,0,0,0,0,0,0,0,0,0,1
102504,5,0,3,5,0,3,6,3,0,1,0,0,0,0,0,1,0,0,0,0,0,0,0,0,0,0,0,0,0,0,0,0,0,1,1
102745,16,0,9,16,0,9,23,9,0,3,0,0,0,2,0,1,0,0,0,0,0,0,0,0,0,2,0,1,0,0,0,1,0,4,1
550,55,0,0,55,0,0,53,53,0,0,0,0,0,0,0,0,0,0,0,0,0,0,0,0,0,0,0,0,0,0,0,0,0,0,0
20624,38,0,31,11,0,20,67,27,0,5,0,0,0,3,0,3,0,0,0,0,0,0,0,0,0,4,0,1,0,0,0,2,0,22,0
102449,9,0,24,9,0,24,31,5,0,2,0,0,0,0,0,2,0,0,0,0,0,0,0,0,0,1,0,0,0,0,0,1,0,20,1
103186,1,0,0,1,0,0,0,0,0,0,0,0,0,0,0,0,0,0,0,0,0,0,0,0,0,0,0,0,0,0,0,0,0,0,1
102124,17,0,10,17,0,10,25,10,0,3,0,0,0,2,0,2,0,0,0,0,0,0,0,0,0,2,0,1,0,0,0,1,0,4,1
1611,186,0,0,186,0,0,184,184,0,0,0,0,0,0,0,0,0,0,0,0,0,0,0,0,0,0,0,0,0,0,0,0,0,0,0
14011,24,0,5,24,0,5,27,20,0,1,0,0,0,0,0,1,0,0,0,0,0,0,0,0,0,1,0,0,0,0,0,1,0,3,0
102334,5,0,24,5,0,24,27,1,0,2,0,0,0,0,0,2,0,0,0,0,0,0,0,0,0,1,0,0,0,0,0,1,0,20,1
25397,299,0,9,266,0,7,306,291,0,3,0,0,0,2,0,1,0,0,0,0,0,0,0,0,0,3,0,0,0,0,0,1,0,5,0
103588,1,0,0,1,0,0,0,0,0,0,0,0,0,0,0,0,0,0,0,0,0,0,0,0,0,0,0,0,0,0,0,0,0,0,1
103201,17,0,10,17,0,10,25,10,0,3,0,0,0,2,0,2,0,0,0,0,0,0,0,0,0,2,0,1,0,0,0,1,0,4,1
24892,229020,0,0,229020,0,0,229018,229018,0,0,0,0,0,0,0,0,0,0,0,0,0,0,0,0,0,0,0,0,0,0,0,0,0,0,0
102332,38,0,31,38,0,31,67,25,0,6,0,0,0,3,0,4,0,0,0,0,0,0,0,0,0,5,0,1,0,0,0,3,0,20,1
103040,4,0,22,4,0,22,24,1,0,1,0,0,0,0,0,2,0,0,0,0,0,0,0,0,0,1,0,0,0,0,0,1,0,18,1
13897,51,0,49,51,0,49,98,45,0,3,0,0,0,1,0,2,0,0,0,0,0,0,0,0,0,2,0,0,0,0,0,1,0,44,0
24949,16,0,3,8,0,1,17,9,0,2,0,0,0,3,0,0,0,0,0,0,0,0,0,0,0,2,0,1,0,0,0,0,0,0,0
102857,38,0,31,38,0,31,67,27,0,5,0,0,0,3,0,3,0,0,0,0,0,0,0,0,0,4,0,1,0,0,0,2,0,22,1
13962,25,0,3,25,0,3,26,21,0,1,0,0,0,0,0,1,0,0,0,0,0,0,0,0,0,1,0,0,0,0,0,1,0,1,0
13670,17,0,10,17,0,10,25,10,0,3,0,0,0,2,0,2,0,0,0,0,0,0,0,0,0,2,0,1,0,0,0,1,0,4,0
102618,17,0,10,17,0,10,25,10,0,3,0,0,0,2,0,2,0,0,0,0,0,0,0,0,0,2,0,1,0,0,0,1,0,4,1
102502,16,0,10,16,0,10,24,9,0,3,0,0,0,2,0,2,0,0,0,0,0,0,0,0,0,2,0,1,0,0,0,1,0,4,1
103526,2,0,1,2,0,1,1,0,0,0,0,0,0,1,0,0,0,0,0,0,0,0,0,0,0,0,0,0,0,0,0,0,0,0,1
17735,42,0,7,37,0,4,47,37,0,1,0,0,0,1,0,1,0,0,0,0,0,0,0,0,0,1,0,1,0,0,0,1,0,4,0
101493,4,0,0,4,0,0,2,2,0,0,0,0,0,0,0,0,0,0,0,0,0,0,0,0,0,0,0,0,0,0,0,0,0,0,1
102724,16,0,10,16,0,10,24,9,0,3,0,0,0,2,0,2,0,0,0,0,0,0,0,0,0,2,0,1,0,0,0,1,0,4,1
102864,1,0,1,1,0,1,0,0,0,0,0,0,0,0,0,0,0,0,0,0,0,0,0,0,0,0,0,0,0,0,0,0,0,0,1
102759,17,0,10,17,0,10,25,10,0,3,0,0,0,2,0,2,0,0,0,0,0,0,0,0,0,2,0,1,0,0,0,1,0,4,1
102678,5,0,3,5,0,3,6,1,0,2,0,0,0,1,0,1,0,0,0,0,0,0,0,0,0,1,0,0,0,0,0,0,0,0,1
102292,1,0,0,1,0,0,0,0,0,0,0,0,0,0,0,0,0,0,0,0,0,0,0,0,0,0,0,0,0,0,0,0,0,0,1
103685,123,0,73,123,0,73,194,107,0,8,0,0,0,3,0,5,0,0,0,0,0,0,0,0,0,7,0,0,0,0,0,4,0,60,1
20590,16,0,10,10,0,6,24,9,0,3,0,0,0,2,0,2,0,0,0,0,0,0,0,0,0,2,0,1,0,0,0,1,0,4,0
24987,16,0,10,10,0,6,24,9,0,3,0,0,0,1,0,2,0,0,0,0,0,0,0,0,0,2,0,1,0,0,0,2,0,4,0
25003,38,0,6,33,0,6,42,34,0,1,0,0,0,0,0,1,0,0,0,0,0,0,0,0,0,1,0,0,0,0,0,1,0,4,0
102968,34,0,9,34,0,9,41,25,0,3,0,0,0,3,0,1,0,0,0,0,0,0,0,0,0,3,0,1,0,0,0,1,0,4,1
102510,17,0,10,17,0,10,25,10,0,3,0,0,0,2,0,2,0,0,0,0,0,0,0,0,0,2,0,1,0,0,0,1,0,4,1
730,54,0,0,54,0,0,52,52,0,0,0,0,0,0,0,0,0,0,0,0,0,0,0,0,0,0,0,0,0,0,0,0,0,0,0
102864,17,0,10,17,0,10,25,10,0,3,0,0,0,2,0,2,0,0,0,0,0,0,0,0,0,2,0,1,0,0,0,1,0,4,1
20582,63,0,21,27,0,4,82,41,0,8,0,0,0,7,0,5,0,0,0,0,0,0,0,0,0,8,0,4,0,0,0,5,0,4,0
103007,17,0,10,17,0,10,25,10,0,3,0,0,0,2,0,2,0,0,0,0,0,0,0,0,0,2,0,1,0,0,0,1,0,4,1
17403,11,0,6,9,0,4,15,9,0,1,0,0,0,0,0,1,0,0,0,0,0,0,0,0,0,0,0,0,0,0,0,0,0,4,0
25431,38,0,6,33,0,6,42,34,0,1,0,0,0,0,0,1,0,0,0,0,0,0,0,0,0,1,0,0,0,0,0,1,0,4,0
103658,17,0,10,17,0,10,25,10,0,3,0,0,0,2,0,2,0,0,0,0,0,0,0,0,0,2,0,1,0,0,0,1,0,4,1
103043,17,0,10,17,0,10,25,10,0,3,0,0,0,2,0,2,0,0,0,0,0,0,0,0,0,2,0,1,0,0,0,1,0,4,1
102195,1,0,0,1,0,0,0,0,0,0,0,0,0,0,0,0,0,0,0,0,0,0,0,0,0,0,0,0,0,0,0,0,0,0,1
103018,17,0,10,17,0,10,25,10,0,3,0,0,0,2,0,2,0,0,0,0,0,0,0,0,0,2,0,1,0,0,0,1,0,4,1
102754,4,0,3,4,0,3,5,2,0,1,0,0,0,0,0,1,0,0,0,0,0,0,0,0,0,0,0,0,0,0,0,0,0,1,1
103332,17,0,10,17,0,10,25,10,0,3,0,0,0,2,0,2,0,0,0,0,0,0,0,0,0,2,0,1,0,0,0,1,0,4,1
17134,43,0,0,41,0,0,41,41,0,0,0,0,0,0,0,0,0,0,0,0,0,0,0,0,0,0,0,0,0,0,0,0,0,0,0
102628,17,0,10,17,0,10,25,10,0,3,0,0,0,2,0,2,0,0,0,0,0,0,0,0,0,2,0,1,0,0,0,1,0,4,1
102759,5,0,24,5,0,24,27,1,0,1,0,0,0,0,0,2,0,0,0,0,0,0,0,0,0,1,0,0,0,0,0,2,0,20,1
17611,1,0,0,0,0,0,0,0,0,0,0,0,0,0,0,0,0,0,0,0,0,0,0,0,0,0,0,0,0,0,0,0,0,0,0
102784,17,0,10,17,0,10,25,10,0,3,0,0,0,2,0,2,0,0,0,0,0,0,0,0,0,2,0,1,0,0,0,1,0,4,1
103482,17,0,10,17,0,10,25,9,0,3,0,0,0,2,0,2,0,0,0,0,0,0,0,0,0,2,0,1,0,0,0,2,0,4,1
12762,14,0,0,14,0,0,12,12,0,0,0,0,0,0,0,0,0,0,0,0,0,0,0,0,0,0,0,0,0,0,0,0,0,0,0
102403,1010845,0,0,1010845,0,0,1010843,1010843,0,0,0,0,0,0,0,0,0,0,0,0,0,0,0,0,0,0,0,0,0,0,0,0,0,0,1
102675,17,0,10,17,0,10,25,10,0,3,0,0,0,2,0,2,0,0,0,0,0,0,0,0,0,2,0,1,0,0,0,1,0,4,1
22143,3,0,3,2,0,3,4,0,0,1,0,0,0,0,0,1,0,0,0,0,0,0,0,0,0,0,0,0,0,0,0,1,0,1,0
102556,13,0,10,13,0,10,21,6,0,3,0,0,0,2,0,2,0,0,0,0,0,0,0,0,0,2,0,1,0,0,0,1,0,4,1
102714,17,0,10,17,0,10,25,9,0,3,0,0,0,2,0,2,0,0,0,0,0,0,0,0,0,2,0,1,0,0,0,2,0,4,1
102410,5,0,3,5,0,3,6,3,0,1,0,0,0,0,0,1,0,0,0,0,0,0,0,0,0,0,0,0,0,0,0,0,0,1,1
102669,116,0,14,116,0,14,128,102,0,6,0,0,0,6,0,1,0,0,0,0,0,0,0,0,0,5,0,2,0,0,0,1,0,5,1
103255,1,0,0,1,0,0,0,0,0,0,0,0,0,0,0,0,0,0,0,0,0,0,0,0,0,0,0,0,0,0,0,0,0,0,1
102343,1,0,0,1,0,0,0,0,0,0,0,0,0,0,0,0,0,0,0,0,0,0,0,0,0,0,0,0,0,0,0,0,0,0,1
102885,1,0,0,1,0,0,0,0,0,0,0,0,0,0,0,0,0,0,0,0,0,0,0,0,0,0,0,0,0,0,0,0,0,0,1
102472,17,0,10,17,0,10,25,10,0,3,0,0,0,2,0,2,0,0,0,0,0,0,0,0,0,2,0,1,0,0,0,1,0,4,1
17508,21,0,1,17,0,1,20,17,0,1,0,0,0,1,0,0,0,0,0,0,0,0,0,0,0,1,0,0,0,0,0,0,0,0,0
103129,1,0,1,1,0,1,0,0,0,0,0,0,0,0,0,0,0,0,0,0,0,0,0,0,0,0,0,0,0,0,0,0,0,0,1
20811,1,0,0,1,0,0,0,0,0,0,0,0,0,0,0,0,0,0,0,0,0,0,0,0,0,0,0,0,0,0,0,0,0,0,0
103228,17,0,10,17,0,10,25,10,0,3,0,0,0,2,0,2,0,0,0,0,0,0,0,0,0,2,0,1,0,0,0,1,0,4,1
102717,9,0,0,9,0,0,7,7,0,0,0,0,0,0,0,0,0,0,0,0,0,0,0,0,0,0,0,0,0,0,0,0,0,0,1
24991,11,0,3,9,0,3,12,7,0,1,0,0,0,0,0,1,0,0,0,0,0,0,0,0,0,1,0,0,0,0,0,1,0,1,0
24936,9,0,0,9,0,0,7,7,0,0,0,0,0,0,0,0,0,0,0,0,0,0,0,0,0,0,0,0,0,0,0,0,0,0,0
24187,17,0,10,11,0,6,25,10,0,3,0,0,0,2,0,2,0,0,0,0,0,0,0,0,0,2,0,1,0,0,0,1,0,4,0
17010,199,0,0,197,0,0,197,197,0,0,0,0,0,0,0,0,0,0,0,0,0,0,0,0,0,0,0,0,0,0,0,0,0,0,0
17697,3,0,3,1,0,1,4,0,0,1,0,0,0,0,0,1,0,0,0,0,0,0,0,0,0,0,0,0,0,0,0,1,0,1,0
1487,12,0,0,10,0,0,10,10,0,0,0,0,0,0,0,0,0,0,0,0,0,0,0,0,0,0,0,0,0,0,0,0,0,0,0
22149,9,0,2,6,0,2,9,5,0,1,0,0,0,0,0,1,0,0,0,0,0,0,0,0,0,1,0,0,0,0,0,1,0,0,0
102780,16,0,10,16,0,10,24,9,0,3,0,0,0,2,0,2,0,0,0,0,0,0,0,0,0,2,0,1,0,0,0,1,0,4,1
102419,63,0,21,63,0,21,82,41,0,8,0,0,0,7,0,5,0,0,0,0,0,0,0,0,0,8,0,4,0,0,0,5,0,4,1
103342,16,0,10,16,0,10,24,9,0,3,0,0,0,2,0,2,0,0,0,0,0,0,0,0,0,2,0,1,0,0,0,1,0,4,1
103071,5,0,3,5,0,3,6,3,0,1,0,0,0,0,0,1,0,0,0,0,0,0,0,0,0,0,0,0,0,0,0,0,0,1,1
102757,16,0,10,16,0,10,24,9,0,3,0,0,0,2,0,2,0,0,0,0,0,0,0,0,0,2,0,1,0,0,0,1,0,4,1
103177,24,0,0,24,0,0,22,22,0,0,0,0,0,0,0,0,0,0,0,0,0,0,0,0,0,0,0,0,0,0,0,0,0,0,1
102347,7,0,4,7,0,4,9,2,0,2,0,0,0,2,0,1,0,0,0,0,0,0,0,0,0,1,0,1,0,0,0,0,0,0,1
102665,2,0,0,2,0,0,0,0,0,0,0,0,0,0,0,0,0,0,0,0,0,0,0,0,0,0,0,0,0,0,0,0,0,0,1
24550,16,0,0,16,0,0,14,14,0,0,0,0,0,0,0,0,0,0,0,0,0,0,0,0,0,0,0,0,0,0,0,0,0,0,0
17281,20,0,7,15,0,4,25,15,0,1,0,0,0,1,0,1,0,0,0,0,0,0,0,0,0,1,0,1,0,0,0,1,0,4,0
102683,2,0,1,2,0,1,1,0,0,0,0,0,0,0,0,0,0,0,0,0,0,0,0,0,0,1,0,0,0,0,0,0,0,0,1
102821,16,0,10,16,0,10,24,9,0,3,0,0,0,2,0,2,0,0,0,0,0,0,0,0,0,2,0,1,0,0,0,1,0,4,1
102680,38,0,31,38,0,31,67,27,0,5,0,0,0,3,0,3,0,0,0,0,0,0,0,0,0,4,0,1,0,0,0,2,0,22,1
20742,42,0,35,13,0,24,75,31,0,5,0,0,0,3,0,3,0,0,0,0,0,0,0,0,0,4,0,1,0,0,0,2,0,26,0
1587,512,0,0,510,0,0,510,510,0,0,0,0,0,0,0,0,0,0,0,0,0,0,0,0,0,0,0,0,0,0,0,0,0,0,0
20651,1,0,0,1,0,0,0,0,0,0,0,0,0,0,0,0,0,0,0,0,0,0,0,0,0,0,0,0,0,0,0,0,0,0,0
24377,36,0,5,32,0,5,39,32,0,1,0,0,0,0,0,1,0,0,0,0,0,0,0,0,0,1,0,0,0,0,0,1,0,3,0
17285,16,0,6,12,0,4,20,12,0,1,0,0,0,0,0,1,0,0,0,0,0,0,0,0,0,1,0,0,0,0,0,1,0,4,0
102595,1,0,0,1,0,0,0,0,0,0,0,0,0,0,0,0,0,0,0,0,0,0,0,0,0,0,0,0,0,0,0,0,0,0,1
102851,112,0,93,112,0,93,203,91,0,8,0,0,0,6,0,7,0,0,0,0,0,0,0,0,0,7,0,5,0,0,0,6,0,73,1
24497,333,0,0,333,0,0,331,331,0,0,0,0,0,0,0,0,0,0,0,0,0,0,0,0,0,0,0,0,0,0,0,0,0,0,0
17459,270,0,48,214,0,23,316,214,0,23,0,0,0,24,0,7,0,0,0,0,0,0,0,0,0,23,0,8,0,0,0,7,0,10,0
20557,134,0,10,48,0,3,142,122,0,5,0,0,0,1,0,4,0,0,0,0,0,0,0,0,0,5,0,0,0,0,0,4,0,1,0
22170,40,0,33,12,0,22,71,29,0,5,0,0,0,3,0,3,0,0,0,0,0,0,0,0,0,4,0,1,0,0,0,2,0,24,0
103254,1,0,0,1,0,0,0,0,0,0,0,0,0,0,0,0,0,0,0,0,0,0,0,0,0,0,0,0,0,0,0,0,0,0,1
102829,17,0,10,17,0,10,25,10,0,3,0,0,0,2,0,2,0,0,0,0,0,0,0,0,0,2,0,1,0,0,0,1,0,4,1
102762,17,0,10,17,0,10,25,10,0,3,0,0,0,2,0,2,0,0,0,0,0,0,0,0,0,2,0,1,0,0,0,1,0,4,1
102775,16,0,10,16,0,10,24,9,0,3,0,0,0,2,0,2,0,0,0,0,0,0,0,0,0,2,0,1,0,0,0,1,0,4,1
103155,7,0,0,7,0,0,5,5,0,0,0,0,0,0,0,0,0,0,0,0,0,0,0,0,0,0,0,0,0,0,0,0,0,0,1
102919,159,0,27,159,0,27,184,148,0,4,0,0,0,4,0,1,0,0,0,0,0,0,0,0,0,4,0,1,0,0,0,1,0,21,1
17372,33,0,6,29,0,3,37,29,0,2,0,0,0,1,0,1,0,0,0,0,0,0,0,0,0,1,0,0,0,0,0,0,0,3,0
102626,27,0,31,27,0,31,56,18,0,4,0,0,0,3,0,2,0,0,0,0,0,0,0,0,0,4,0,1,0,0,0,2,0,22,1
102537,17,0,10,17,0,10,25,10,0,3,0,0,0,2,0,2,0,0,0,0,0,0,0,0,0,2,0,1,0,0,0,1,0,4,1
102576,18,0,24,18,0,24,40,11,0,3,0,0,0,2,0,2,0,0,0,0,0,0,0,0,0,3,0,0,0,0,0,1,0,18,1
102662,16,0,10,16,0,10,24,9,0,3,0,0,0,2,0,2,0,0,0,0,0,0,0,0,0,2,0,1,0,0,0,1,0,4,1
103688,47,0,0,47,0,0,45,45,0,0,0,0,0,0,0,0,0,0,0,0,0,0,0,0,0,0,0,0,0,0,0,0,0,0,1
102626,17,0,10,17,0,10,25,10,0,3,0,0,0,2,0,2,0,0,0,0,0,0,0,0,0,2,0,1,0,0,0,1,0,4,1
103457,16,0,10,16,0,10,24,9,0,3,0,0,0,2,0,2,0,0,0,0,0,0,0,0,0,2,0,1,0,0,0,1,0,4,1
102420,17,0,10,17,0,10,25,10,0,3,0,0,0,2,0,2,0,0,0,0,0,0,0,0,0,2,0,1,0,0,0,1,0,4,1
24372,136,0,16,53,0,5,150,122,0,6,0,0,0,1,0,5,0,0,0,0,0,0,0,0,0,7,0,0,0,0,0,5,0,4,0
102725,43,0,3,43,0,3,44,37,0,2,0,0,0,1,0,1,0,0,0,0,0,0,0,0,0,2,0,0,0,0,0,1,0,0,1
24423,17,0,10,11,0,6,25,10,0,3,0,0,0,2,0,2,0,0,0,0,0,0,0,0,0,2,0,1,0,0,0,1,0,4,0
103366,322,0,24,322,0,24,344,316,0,2,0,0,0,1,0,1,0,0,0,0,0,0,0,0,0,2,0,0,0,0,0,1,0,21,1
17247,20,0,7,15,0,4,25,15,0,1,0,0,0,1,0,1,0,0,0,0,0,0,0,0,0,1,0,1,0,0,0,1,0,4,0
102729,38,0,31,38,0,31,67,27,0,5,0,0,0,3,0,3,0,0,0,0,0,0,0,0,0,4,0,1,0,0,0,2,0,22,1
102841,100,0,0,100,0,0,98,98,0,0,0,0,0,0,0,0,0,0,0,0,0,0,0,0,0,0,0,0,0,0,0,0,0,0,1
102541,8,0,4,8,0,4,10,3,0,2,0,0,0,2,0,1,0,0,0,0,0,0,0,0,0,1,0,1,0,0,0,0,0,0,1
102613,1,0,0,1,0,0,0,0,0,0,0,0,0,0,0,0,0,0,0,0,0,0,0,0,0,0,0,0,0,0,0,0,0,0,1
102752,17,0,10,17,0,10,25,10,0,3,0,0,0,2,0,2,0,0,0,0,0,0,0,0,0,2,0,1,0,0,0,1,0,4,1
102915,16,0,10,16,0,10,24,9,0,3,0,0,0,2,0,2,0,0,0,0,0,0,0,0,0,2,0,1,0,0,0,1,0,4,1
103066,10,0,0,10,0,0,8,8,0,0,0,0,0,0,0,0,0,0,0,0,0,0,0,0,0,0,0,0,0,0,0,0,0,0,1
1663,1580,0,0,1580,0,0,1578,1578,0,0,0,0,0,0,0,0,0,0,0,0,0,0,0,0,0,0,0,0,0,0,0,0,0,0,0
13685,156,0,232,156,0,232,386,146,0,4,0,0,0,1,0,3,0,0,0,0,0,0,0,0,0,4,0,0,0,0,0,3,0,225,0
22138,38,0,6,33,0,6,42,34,0,1,0,0,0,0,0,1,0,0,0,0,0,0,0,0,0,1,0,0,0,0,0,1,0,4,0
102947,17,0,10,17,0,10,25,10,0,3,0,0,0,2,0,2,0,0,0,0,0,0,0,0,0,2,0,1,0,0,0,1,0,4,1
730,193,0,0,191,0,0,191,191,0,0,0,0,0,0,0,0,0,0,0,0,0,0,0,0,0,0,0,0,0,0,0,0,0,0,0
102658,17,0,10,17,0,10,25,10,0,3,0,0,0,2,0,2,0,0,0,0,0,0,0,0,0,2,0,1,0,0,0,1,0,4,1
102963,16,0,10,16,0,10,24,9,0,3,0,0,0,2,0,2,0,0,0,0,0,0,0,0,0,2,0,1,0,0,0,1,0,4,1
24371,36,0,5,32,0,5,39,32,0,1,0,0,0,0,0,1,0,0,0,0,0,0,0,0,0,1,0,0,0,0,0,1,0,3,0
102828,38,0,31,38,0,31,67,27,0,5,0,0,0,3,0,3,0,0,0,0,0,0,0,0,0,4,0,1,0,0,0,2,0,22,1
103064,17,0,10,17,0,10,25,10,0,3,0,0,0,2,0,2,0,0,0,0,0,0,0,0,0,2,0,1,0,0,0,1,0,4,1
17694,27,0,6,23,0,4,31,23,0,1,0,0,0,0,0,1,0,0,0,0,0,0,0,0,0,1,0,0,0,0,0,1,0,4,0
102632,1,0,0,1,0,0,0,0,0,0,0,0,0,0,0,0,0,0,0,0,0,0,0,0,0,0,0,0,0,0,0,0,0,0,1
1611,180,0,0,180,0,0,178,178,0,0,0,0,0,0,0,0,0,0,0,0,0,0,0,0,0,0,0,0,0,0,0,0,0,0,0
103558,17,0,10,17,0,10,25,10,0,3,0,0,0,2,0,2,0,0,0,0,0,0,0,0,0,2,0,1,0,0,0,1,0,4,1
102726,176,0,40,176,0,40,214,125,0,21,0,0,0,21,0,7,0,0,0,0,0,0,0,0,0,21,0,7,0,0,0,7,0,5,1
103552,33,0,31,33,0,31,62,22,0,5,0,0,0,3,0,3,0,0,0,0,0,0,0,0,0,4,0,1,0,0,0,2,0,22,1
13889,3,0,1,3,0,1,2,0,0,1,0,0,0,1,0,0,0,0,0,0,0,0,0,0,0,0,0,0,0,0,0,0,0,0,0
102370,1,0,0,1,0,0,0,0,0,0,0,0,0,0,0,0,0,0,0,0,0,0,0,0,0,0,0,0,0,0,0,0,0,0,1
22093,16,0,10,10,0,6,24,9,0,3,0,0,0,2,0,2,0,0,0,0,0,0,0,0,0,2,0,1,0,0,0,1,0,4,0
102601,17,0,10,17,0,10,25,10,0,3,0,0,0,2,0,2,0,0,0,0,0,0,0,0,0,2,0,1,0,0,0,1,0,4,1
103188,0,0,2,0,0,2,0,0,0,0,0,0,0,0,0,0,0,0,0,0,0,0,0,0,0,0,0,0,0,0,0,0,0,0,1
13987,18,0,6,18,0,6,22,14,0,1,0,0,0,0,0,1,0,0,0,0,0,0,0,0,0,1,0,0,0,0,0,1,0,4,0
17018,1,0,0,0,0,0,0,0,0,0,0,0,0,0,0,0,0,0,0,0,0,0,0,0,0,0,0,0,0,0,0,0,0,0,0
103777,338,0,18,338,0,18,354,313,0,9,0,0,0,12,0,2,0,0,0,0,0,0,0,0,0,9,0,5,0,0,0,2,0,2,1
24398,5,0,0,5,0,0,3,3,0,0,0,0,0,0,0,0,0,0,0,0,0,0,0,0,0,0,0,0,0,0,0,0,0,0,0
102605,38,0,31,38,0,31,67,27,0,5,0,0,0,3,0,3,0,0,0,0,0,0,0,0,0,4,0,1,0,0,0,2,0,22,1
102227,34,0,9,34,0,9,41,25,0,3,0,0,0,3,0,1,0,0,0,0,0,0,0,0,0,3,0,1,0,0,0,1,0,4,1
103035,5,0,3,5,0,3,6,2,0,1,0,0,0,0,0,1,0,0,0,0,0,0,0,0,0,0,0,0,0,0,0,1,0,1,1
17379,20,0,7,15,0,4,25,15,0,1,0,0,0,1,0,1,0,0,0,0,0,0,0,0,0,1,0,1,0,0,0,1,0,4,0
102667,1,0,2,1,0,2,1,0,0,0,0,0,0,0,0,0,0,0,0,0,0,0,0,0,0,0,0,0,0,0,0,1,0,0,1
13834,100,0,66,100,0,66,164,90,0,5,0,0,0,2,0,3,0,0,0,0,0,0,0,0,0,5,0,0,0,0,0,3,0,56,0
922,3137,0,140,187,0,2,3275,2869,0,130,0,0,0,135,0,2,0,0,0,0,0,0,0,0,0,129,0,8,0,0,0,2,0,0,0
102856,17,0,10,17,0,10,25,10,0,3,0,0,0,2,0,2,0,0,0,0,0,0,0,0,0,2,0,1,0,0,0,1,0,4,1
103934,17,0,5,17,0,5,20,13,0,1,0,0,0,0,0,1,0,0,0,0,0,0,0,0,0,1,0,0,0,0,0,1,0,3,1
17429,20,0,7,15,0,4,25,15,0,1,0,0,0,1,0,1,0,0,0,0,0,0,0,0,0,1,0,1,0,0,0,1,0,4,0
103775,6,0,3,6,0,3,7,3,0,1,0,0,0,0,0,1,0,0,0,0,0,0,0,0,0,0,0,0,0,0,0,1,0,1,1
102695,17,0,10,17,0,10,25,10,0,3,0,0,0,2,0,2,0,0,0,0,0,0,0,0,0,2,0,1,0,0,0,1,0,4,1
102730,8,0,2,8,0,2,8,6,0,1,0,0,0,0,0,1,0,0,0,0,0,0,0,0,0,0,0,0,0,0,0,0,0,0,1
25023,1,0,2,1,0,2,1,0,0,0,0,0,0,0,0,0,0,0,0,0,0,0,0,0,0,0,0,0,0,0,0,1,0,0,0
102078,6,0,0,6,0,0,4,4,0,0,0,0,0,0,0,0,0,0,0,0,0,0,0,0,0,0,0,0,0,0,0,0,0,0,1
102315,19964,101,3,19964,101,3,20066,19958,1,1,0,1,0,0,0,1,2,0,0,1,98,0,0,0,0,1,0,0,0,0,0,1,0,1,1
102892,6,0,22,6,0,22,26,2,0,2,0,0,0,0,0,2,0,0,0,0,0,0,0,0,0,1,0,0,0,0,0,1,0,18,1
17120,129,0,2,123,0,2,129,123,0,2,0,0,0,2,0,0,0,0,0,0,0,0,0,0,0,2,0,0,0,0,0,0,0,0,0
102485,1,0,0,1,0,0,0,0,0,0,0,0,0,0,0,0,0,0,0,0,0,0,0,0,0,0,0,0,0,0,0,0,0,0,1
102775,17,0,10,17,0,10,25,10,0,3,0,0,0,2,0,2,0,0,0,0,0,0,0,0,0,2,0,1,0,0,0,1,0,4,1
17486,112,0,0,110,0,0,110,110,0,0,0,0,0,0,0,0,0,0,0,0,0,0,0,0,0,0,0,0,0,0,0,0,0,0,0
102887,216,0,136,216,0,136,350,181,0,15,0,0,0,10,0,9,0,0,0,0,0,0,0,0,0,14,0,5,0,0,0,9,0,107,1
25387,10,0,5,4,0,3,13,3,0,3,0,0,0,2,0,1,0,0,0,0,0,0,0,0,0,2,0,0,0,0,0,1,0,1,0
17505,1,0,4,0,0,2,3,0,0,0,0,0,0,0,0,0,0,0,0,0,0,0,0,0,0,0,0,0,0,0,0,1,0,2,0
102466,17,0,10,17,0,10,25,10,0,3,0,0,0,2,0,2,0,0,0,0,0,0,0,0,0,2,0,1,0,0,0,1,0,4,1
17421,19,0,6,15,0,4,23,15,0,1,0,0,0,0,0,1,0,0,0,0,0,0,0,0,0,1,0,0,0,0,0,1,0,4,0
102758,12,0,8,12,0,8,18,8,0,1,0,0,0,0,0,1,0,0,0,0,0,0,0,0,0,1,0,0,0,0,0,1,0,6,1
20518,476422,0,0,476422,0,0,476420,476420,0,0,0,0,0,0,0,0,0,0,0,0,0,0,0,0,0,0,0,0,0,0,0,0,0,0,0
24920,155,0,17,60,0,6,170,140,0,7,0,0,0,2,0,5,0,0,0,0,0,0,0,0,0,6,0,0,0,0,0,5,0,5,0
13380,1,0,0,1,0,0,0,0,0,0,0,0,0,0,0,0,0,0,0,0,0,0,0,0,0,0,0,0,0,0,0,0,0,0,0
103789,3,0,1,3,0,1,2,1,0,0,0,0,0,0,0,0,0,0,0,0,0,0,0,0,0,1,0,0,0,0,0,0,0,0,1
102733,38,0,31,38,0,31,67,27,0,5,0,0,0,3,0,3,0,0,0,0,0,0,0,0,0,4,0,1,0,0,0,2,0,22,1
102350,17,0,10,17,0,10,25,10,0,3,0,0,0,2,0,2,0,0,0,0,0,0,0,0,0,2,0,1,0,0,0,1,0,4,1
24361,16,0,10,10,0,6,24,9,0,3,0,0,0,2,0,2,0,0,0,0,0,0,0,0,0,2,0,1,0,0,0,1,0,4,0
16988,823868,0,0,823866,0,0,823866,823866,0,0,0,0,0,0,0,0,0,0,0,0,0,0,0,0,0,0,0,0,0,0,0,0,0,0,0
102341,17,0,10,17,0,10,25,10,0,3,0,0,0,2,0,2,0,0,0,0,0,0,0,0,0,2,0,1,0,0,0,1,0,4,1
103849,130,0,14,130,0,14,142,107,0,8,0,0,0,12,0,1,0,0,0,0,0,0,0,0,0,9,0,4,0,0,0,1,0,0,1
17556,20,0,7,15,0,4,25,15,0,1,0,0,0,1,0,1,0,0,0,0,0,0,0,0,0,1,0,1,0,0,0,1,0,4,0
102470,13,0,7,13,0,7,18,9,0,1,0,0,0,1,0,1,0,0,0,0,0,0,0,0,0,0,0,1,0,0,0,1,0,4,1
103566,16,0,10,16,0,10,24,9,0,3,0,0,0,2,0,2,0,0,0,0,0,0,0,0,0,2,0,1,0,0,0,1,0,4,1
102318,17,0,10,17,0,10,25,9,0,3,0,0,0,2,0,2,0,0,0,0,0,0,0,0,0,2,0,1,0,0,0,2,0,4,1
102620,17,0,10,17,0,10,25,10,0,3,0,0,0,2,0,2,0,0,0,0,0,0,0,0,0,2,0,1,0,0,0,1,0,4,1
17477,4,0,3,1,0,1,5,0,0,1,0,0,0,0,0,1,0,0,0,0,0,0,0,0,0,1,0,0,0,0,0,1,0,1,0
17306,2,0,1,1,0,0,1,0,0,1,0,0,0,0,0,0,0,0,0,0,0,0,0,0,0,0,0,0,0,0,0,0,0,0,0
24391,16,0,10,10,0,6,24,9,0,3,0,0,0,2,0,2,0,0,0,0,0,0,0,0,0,2,0,1,0,0,0,1,0,4,0
24252,1,0,0,1,0,0,0,0,0,0,0,0,0,0,0,0,0,0,0,0,0,0,0,0,0,0,0,0,0,0,0,0,0,0,0
24916,12,0,3,10,0,3,13,8,0,1,0,0,0,0,0,1,0,0,0,0,0,0,0,0,0,1,0,0,0,0,0,1,0,1,0
102487,17,0,10,17,0,10,25,10,0,3,0,0,0,2,0,2,0,0,0,0,0,0,0,0,0,2,0,1,0,0,0,1,0,4,1
103031,13,0,7,13,0,7,18,9,0,1,0,0,0,1,0,1,0,0,0,0,0,0,0,0,0,0,0,1,0,0,0,1,0,4,1
103661,17,0,10,17,0,10,25,10,0,3,0,0,0,2,0,2,0,0,0,0,0,0,0,0,0,2,0,1,0,0,0,1,0,4,1
20540,40,0,33,12,0,22,71,29,0,5,0,0,0,3,0,3,0,0,0,0,0,0,0,0,0,4,0,1,0,0,0,2,0,24,0
24382,5,0,3,4,0,3,6,2,0,1,0,0,0,0,0,1,0,0,0,0,0,0,0,0,0,0,0,0,0,0,0,1,0,1,0
17234,9,0,1,5,0,1,8,5,0,1,0,0,0,1,0,0,0,0,0,0,0,0,0,0,0,1,0,0,0,0,0,0,0,0,0
13930,17,0,10,17,0,10,25,10,0,3,0,0,0,2,0,2,0,0,0,0,0,0,0,0,0,2,0,1,0,0,0,1,0,4,0
103175,5,0,0,5,0,0,3,3,0,0,0,0,0,0,0,0,0,0,0,0,0,0,0,0,0,0,0,0,0,0,0,0,0,0,1
102690,1,0,5,1,0,5,4,0,0,0,0,0,0,0,0,1,0,0,0,0,0,0,0,0,0,0,0,0,0,0,0,0,0,3,1
20585,3,0,3,2,0,3,4,0,0,1,0,0,0,0,0,1,0,0,0,0,0,0,0,0,0,0,0,0,0,0,0,1,0,1,0
103010,37,0,31,37,0,31,66,26,0,5,0,0,0,3,0,3,0,0,0,0,0,0,0,0,0,4,0,1,0,0,0,2,0,22,1
13902,11,0,6,11,0,6,15,7,0,1,0,0,0,0,0,1,0,0,0,0,0,0,0,0,0,1,0,0,0,0,0,1,0,4,0
922,2316,0,80,214,0,1,2394,2158,0,76,0,0,0,80,0,0,0,0,0,0,0,0,0,0,0,76,0,4,0,0,0,0,0,0,0
17065,9,0,0,7,0,0,7,7,0,0,0,0,0,0,0,0,0,0,0,0,0,0,0,0,0,0,0,0,0,0,0,0,0,0,0
102582,190,0,23,190,0,23,211,186,0,1,0,0,0,0,0,1,0,0,0,0,0,0,0,0,0,2,0,0,0,0,0,2,0,19,1
102645,17,0,10,17,0,10,25,10,0,3,0,0,0,2,0,2,0,0,0,0,0,0,0,0,0,2,0,1,0,0,0,1,0,4,1
102362,16,0,10,16,0,10,24,9,0,3,0,0,0,2,0,2,0,0,0,0,0,0,0,0,0,2,0,1,0,0,0,1,0,4,1
102720,17,0,10,17,0,10,25,10,0,3,0,0,0,2,0,2,0,0,0,0,0,0,0,0,0,2,0,1,0,0,0,1,0,4,1
20597,16,0,10,10,0,6,24,9,0,3,0,0,0,2,0,2,0,0,0,0,0,0,0,0,0,2,0,1,0,0,0,1,0,4,0
17512,19,0,7,14,0,4,24,14,0,1,0,0,0,1,0,1,0,0,0,0,0,0,0,0,0,1,0,1,0,0,0,1,0,4,0
102775,1,0,0,1,0,0,0,0,0,0,0,0,0,0,0,0,0,0,0,0,0,0,0,0,0,0,0,0,0,0,0,0,0,0,1
25118,3,0,3,2,0,3,4,0,0,1,0,0,0,0,0,1,0,0,0,0,0,0,0,0,0,0,0,0,0,0,0,1,0,1,0
103587,7,0,1,7,0,1,6,3,0,1,0,0,0,1,0,0,0,0,0,0,0,0,0,0,0,1,0,0,0,0,0,0,0,0,1
102656,13,0,7,13,0,7,18,9,0,1,0,0,0,1,0,1,0,0,0,0,0,0,0,0,0,0,0,1,0,0,0,1,0,4,1
102634,1,0,0,1,0,0,0,0,0,0,0,0,0,0,0,0,0,0,0,0,0,0,0,0,0,0,0,0,0,0,0,0,0,0,1
103051,1,0,0,1,0,0,0,0,0,0,0,0,0,0,0,0,0,0,0,0,0,0,0,0,0,0,0,0,0,0,0,0,0,0,1
24939,9,0,0,9,0,0,7,7,0,0,0,0,0,0,0,0,0,0,0,0,0,0,0,0,0,0,0,0,0,0,0,0,0,0,0
102697,16,0,10,16,0,10,24,9,0,3,0,0,0,2,0,2,0,0,0,0,0,0,0,0,0,2,0,1,0,0,0,1,0,4,1
102291,325,0,2,325,0,2,325,320,0,1,0,0,0,2,0,0,0,0,0,0,0,0,0,0,0,1,0,1,0,0,0,0,0,0,1
17636,3,0,2,1,0,1,3,1,0,0,0,0,0,0,0,0,0,0,0,0,0,0,0,0,0,1,0,0,0,0,0,1,0,0,0
102684,1,0,0,1,0,0,0,0,0,0,0,0,0,0,0,0,0,0,0,0,0,0,0,0,0,0,0,0,0,0,0,0,0,0,1
13660,9,0,4,9,0,4,11,5,0,1,0,0,0,0,0,1,0,0,0,0,0,0,0,0,0,1,0,0,0,0,0,1,0,2,0
24176,8,0,2,6,0,1,8,4,0,2,0,0,0,1,0,0,0,0,0,0,0,0,0,0,0,1,0,0,0,0,0,0,0,0,0
1587,328,0,0,328,0,0,326,326,0,0,0,0,0,0,0,0,0,0,0,0,0,0,0,0,0,0,0,0,0,0,0,0,0,0,0
24347,38,0,31,11,0,20,67,27,0,5,0,0,0,3,0,3,0,0,0,0,0,0,0,0,0,4,0,1,0,0,0,2,0,22,0
24508,16,0,10,10,0,6,24,9,0,3,0,0,0,2,0,2,0,0,0,0,0,0,0,0,0,2,0,1,0,0,0,1,0,4,0
102440,157,0,20,157,0,20,175,132,0,10,0,0,0,11,0,2,0,0,0,0,0,0,0,0,0,10,0,3,0,0,0,2,0,5,1
14006,7,0,0,7,0,0,5,5,0,0,0,0,0,0,0,0,0,0,0,0,0,0,0,0,0,0,0,0,0,0,0,0,0,0,0
13687,1,0,0,1,0,0,0,0,0,0,0,0,0,0,0,0,0,0,0,0,0,0,0,0,0,0,0,0,0,0,0,0,0,0,0
103646,1,0,0,1,0,0,0,0,0,0,0,0,0,0,0,0,0,0,0,0,0,0,0,0,0,0,0,0,0,0,0,0,0,0,1
102328,218,0,27,218,0,27,243,185,0,14,0,0,0,13,0,4,0,0,0,0,0,0,0,0,0,14,0,3,0,0,0,4,0,6,1
102742,4,0,26,4,0,26,28,1,0,1,0,0,0,0,0,2,0,0,0,0,0,0,0,0,0,1,0,0,0,0,0,1,0,22,1
102734,24,0,8,24,0,8,30,17,0,2,0,0,0,2,0,1,0,0,0,0,0,0,0,0,0,2,0,1,0,0,0,1,0,4,1
102649,2,0,2,2,0,2,2,0,0,0,0,0,0,1,0,0,0,0,0,0,0,0,0,0,0,0,0,1,0,0,0,0,0,0,1
103266,1,0,0,1,0,0,0,0,0,0,0,0,0,0,0,0,0,0,0,0,0,0,0,0,0,0,0,0,0,0,0,0,0,0,1
17190,1,0,0,0,0,0,0,0,0,0,0,0,0,0,0,0,0,0,0,0,0,0,0,0,0,0,0,0,0,0,0,0,0,0,0
20550,11,0,3,11,0,3,12,9,0,1,0,0,0,0,0,1,0,0,0,0,0,0,0,0,0,0,0,0,0,0,0,0,0,1,0
102611,73,0,9,73,0,9,80,67,0,2,0,0,0,0,0,2,0,0,0,0,0,0,0,0,0,2,0,0,0,0,0,2,0,5,1
14018,1,0,0,1,0,0,0,0,0,0,0,0,0,0,0,0,0,0,0,0,0,0,0,0,0,0,0,0,0,0,0,0,0,0,0
103716,67,0,26,67,0,26,91,54,0,5,0,0,0,2,0,4,0,0,0,0,0,0,0,0,0,5,0,1,0,0,0,4,0,16,1
102598,37,0,14,37,0,14,49,28,0,4,0,0,0,3,0,2,0,0,0,0,0,0,0,0,0,3,0,1,0,0,0,1,0,7,1
103102,17,0,10,17,0,10,25,10,0,3,0,0,0,2,0,2,0,0,0,0,0,0,0,0,0,2,0,1,0,0,0,1,0,4,1
102687,138,0,17,138,0,17,153,119,0,8,0,0,0,9,0,1,0,0,0,0,0,0,0,0,0,7,0,3,0,0,0,1,0,5,1
20806,54,0,4,48,0,2,56,48,0,2,0,0,0,0,0,2,0,0,0,0,0,0,0,0,0,2,0,0,0,0,0,2,0,0,0
102803,4,0,24,4,0,24,26,1,0,1,0,0,0,0,0,2,0,0,0,0,0,0,0,0,0,1,0,0,0,0,0,1,0,20,1
103068,9,0,7,9,0,7,14,7,0,1,0,0,0,0,0,1,0,0,0,0,0,0,0,0,0,0,0,0,0,0,0,0,0,5,1
102783,6,0,9,6,0,9,13,1,0,2,0,0,0,2,0,1,0,0,0,0,0,0,0,0,0,2,0,1,0,0,0,1,0,3,1
102683,226,0,20,226,0,20,244,203,0,9,0,0,0,9,0,3,0,0,0,0,0,0,0,0,0,9,0,3,0,0,0,3,0,5,1
103554,17,0,10,17,0,10,25,10,0,3,0,0,0,2,0,2,0,0,0,0,0,0,0,0,0,2,0,1,0,0,0,1,0,4,1
102591,17,0,10,17,0,10,25,10,0,3,0,0,0,2,0,2,0,0,0,0,0,0,0,0,0,2,0,1,0,0,0,1,0,4,1
103403,16,0,10,16,0,10,24,9,0,3,0,0,0,2,0,2,0,0,0,0,0,0,0,0,0,2,0,1,0,0,0,1,0,4,1
102754,12,0,5,12,0,5,15,9,0,1,0,0,0,0,0,1,0,0,0,0,0,0,0,0,0,0,0,1,0,0,0,1,0,2,1
102805,25,0,24,25,0,24,47,18,0,3,0,0,0,2,0,2,0,0,0,0,0,0,0,0,0,3,0,0,0,0,0,1,0,18,1
102569,17,0,10,17,0,10,25,10,0,3,0,0,0,2,0,2,0,0,0,0,0,0,0,0,0,2,0,1,0,0,0,1,0,4,1
102879,18,0,28,18,0,28,44,11,0,3,0,0,0,2,0,2,0,0,0,0,0,0,0,0,0,2,0,1,0,0,0,1,0,22,1
24394,12,0,6,7,0,6,16,8,0,1,0,0,0,0,0,1,0,0,0,0,0,0,0,0,0,1,0,0,0,0,0,1,0,4,0
102447,489,0,8,489,0,8,495,476,0,6,0,0,0,5,0,1,0,0,0,0,0,0,0,0,0,5,0,1,0,0,0,1,0,0,1
102688,11,0,10,11,0,10,19,4,0,3,0,0,0,2,0,2,0,0,0,0,0,0,0,0,0,2,0,1,0,0,0,1,0,4,1
17356,1,0,0,0,0,0,0,0,0,0,0,0,0,0,0,0,0,0,0,0,0,0,0,0,0,0,0,0,0,0,0,0,0,0,0
102545,17,0,10,17,0,10,25,10,0,3,0,0,0,2,0,2,0,0,0,0,0,0,0,0,0,2,0,1,0,0,0,1,0,4,1
24306,1,0,0,1,0,0,0,0,0,0,0,0,0,0,0,0,0,0,0,0,0,0,0,0,0,0,0,0,0,0,0,0,0,0,0
102674,16,0,10,16,0,10,24,9,0,3,0,0,0,2,0,2,0,0,0,0,0,0,0,0,0,2,0,1,0,0,0,1,0,4,1
22065,30,0,33,12,0,22,61,20,0,4,0,0,0,3,0,3,0,0,0,0,0,0,0,0,0,4,0,1,0,0,0,2,0,24,0
102676,17,0,10,17,0,10,25,10,0,3,0,0,0,2,0,2,0,0,0,0,0,0,0,0,0,2,0,1,0,0,0,1,0,4,1
24985,17,0,10,11,0,6,25,10,0,3,0,0,0,2,0,2,0,0,0,0,0,0,0,0,0,2,0,1,0,0,0,1,0,4,0
102683,16,0,10,16,0,10,24,9,0,3,0,0,0,2,0,2,0,0,0,0,0,0,0,0,0,2,0,1,0,0,0,1,0,4,1
103186,1,0,2,1,0,2,1,0,0,0,0,0,0,0,0,0,0,0,0,0,0,0,0,0,0,0,0,0,0,0,0,1,0,0,1
103961,17,0,10,17,0,10,25,10,0,3,0,0,0,2,0,2,0,0,0,0,0,0,0,0,0,2,0,1,0,0,0,1,0,4,1
13702,39,0,9,39,0,9,46,30,0,3,0,0,0,3,0,1,0,0,0,0,0,0,0,0,0,3,0,1,0,0,0,1,0,4,0
17689,1,0,0,0,0,0,0,0,0,0,0,0,0,0,0,0,0,0,0,0,0,0,0,0,0,0,0,0,0,0,0,0,0,0,0
24412,4,0,22,3,0,20,24,1,0,1,0,0,0,0,0,2,0,0,0,0,0,0,0,0,0,1,0,0,0,0,0,1,0,18,0
17398,20,0,7,15,0,4,25,15,0,1,0,0,0,1,0,1,0,0,0,0,0,0,0,0,0,1,0,1,0,0,0,1,0,4,0
102837,17,0,10,17,0,10,25,10,0,3,0,0,0,2,0,2,0,0,0,0,0,0,0,0,0,2,0,1,0,0,0,1,0,4,1
103059,46,0,24,46,0,24,68,42,0,2,0,0,0,0,0,2,0,0,0,0,0,0,0,0,0,1,0,0,0,0,0,1,0,20,1
103292,17,0,10,17,0,10,25,10,0,3,0,0,0,2,0,2,0,0,0,0,0,0,0,0,0,2,0,1,0,0,0,1,0,4,1
103286,1,0,0,1,0,0,0,0,0,0,0,0,0,0,0,0,0,0,0,0,0,0,0,0,0,0,0,0,0,0,0,0,0,0,1
103990,13,0,6,13,0,6,17,9,0,1,0,0,0,0,0,1,0,0,0,0,0,0,0,0,0,1,0,0,0,0,0,1,0,4,1
103246,42,0,35,42,0,35,75,30,0,5,0,0,0,3,0,3,0,0,0,0,0,0,0,0,0,4,0,1,0,0,0,3,0,26,1
102594,17,0,10,17,0,10,25,10,0,3,0,0,0,2,0,2,0,0,0,0,0,0,0,0,0,2,0,1,0,0,0,1,0,4,1
102630,16,0,10,16,0,10,24,9,0,3,0,0,0,2,0,2,0,0,0,0,0,0,0,0,0,2,0,1,0,0,0,1,0,4,1
25465,142,0,16,60,0,6,156,128,0,6,0,0,0,1,0,5,0,0,0,0,0,0,0,0,0,6,0,0,0,0,0,5,0,5,0
17022,0,0,2,0,0,0,0,0,0,0,0,0,0,0,0,0,0,0,0,0,0,0,0,0,0,0,0,0,0,0,0,0,0,0,0
14059,17,0,10,17,0,10,25,10,0,3,0,0,0,2,0,2,0,0,0,0,0,0,0,0,0,2,0,1,0,0,0,1,0,4,0
102845,16,0,30,16,0,30,44,10,0,3,0,0,0,0,0,3,0,0,0,0,0,0,0,0,0,2,0,0,0,0,0,2,0,24,1
103182,17,0,10,17,0,10,25,10,0,3,0,0,0,2,0,2,0,0,0,0,0,0,0,0,0,2,0,1,0,0,0,1,0,4,1
104018,1,0,0,1,0,0,0,0,0,0,0,0,0,0,0,0,0,0,0,0,0,0,0,0,0,0,0,0,0,0,0,0,0,0,1
25402,2,0,0,2,0,0,0,0,0,0,0,0,0,0,0,0,0,0,0,0,0,0,0,0,0,0,0,0,0,0,0,0,0,0,0
22047,38,0,6,33,0,6,42,34,0,1,0,0,0,0,0,1,0,0,0,0,0,0,0,0,0,1,0,0,0,0,0,1,0,4,0
24260,6,0,3,4,0,3,7,2,0,1,0,0,0,0,0,1,0,0,0,0,0,0,0,0,0,1,0,0,0,0,0,1,0,1,0
24225,1,0,0,1,0,0,0,0,0,0,0,0,0,0,0,0,0,0,0,0,0,0,0,0,0,0,0,0,0,0,0,0,0,0,0
20810,38,0,31,11,0,20,67,27,0,5,0,0,0,3,0,3,0,0,0,0,0,0,0,0,0,4,0,1,0,0,0,2,0,22,0
103524,1,0,0,1,0,0,0,0,0,0,0,0,0,0,0,0,0,0,0,0,0,0,0,0,0,0,0,0,0,0,0,0,0,0,1
102126,17,0,10,17,0,10,25,10,0,3,0,0,0,2,0,2,0,0,0,0,0,0,0,0,0,2,0,1,0,0,0,1,0,4,1
102594,34,0,9,34,0,9,41,25,0,3,0,0,0,3,0,1,0,0,0,0,0,0,0,0,0,3,0,1,0,0,0,1,0,4,1
550,25,0,0,25,0,0,23,23,0,0,0,0,0,0,0,0,0,0,0,0,0,0,0,0,0,0,0,0,0,0,0,0,0,0,0
103657,17,0,10,17,0,10,25,10,0,3,0,0,0,2,0,2,0,0,0,0,0,0,0,0,0,2,0,1,0,0,0,1,0,4,1
102715,17,0,10,17,0,10,25,10,0,3,0,0,0,2,0,2,0,0,0,0,0,0,0,0,0,2,0,1,0,0,0,1,0,4,1
25450,141,0,16,58,0,6,155,127,0,6,0,0,0,1,0,5,0,0,0,0,0,0,0,0,0,6,0,0,0,0,0,5,0,5,0
102538,17,0,10,17,0,10,25,10,0,3,0,0,0,2,0,2,0,0,0,0,0,0,0,0,0,2,0,1,0,0,0,1,0,4,1
24291,1,0,0,1,0,0,0,0,0,0,0,0,0,0,0,0,0,0,0,0,0,0,0,0,0,0,0,0,0,0,0,0,0,0,0
13671,4,0,2,4,0,2,4,2,0,1,0,0,0,0,0,1,0,0,0,0,0,0,0,0,0,0,0,0,0,0,0,0,0,0,0
103103,46,0,27,46,0,27,71,37,0,4,0,0,0,3,0,2,0,0,0,0,0,0,0,0,0,3,0,1,0,0,0,1,0,20,1
102870,37,0,18,37,0,18,53,26,0,4,0,0,0,3,0,2,0,0,0,0,0,0,0,0,0,4,0,1,0,0,0,2,0,11,1
102267,7,0,2,7,0,2,7,2,0,2,0,0,0,2,0,0,0,0,0,0,0,0,0,0,0,1,0,0,0,0,0,0,0,0,1
102636,11,0,1,11,0,1,10,9,0,1,0,0,0,0,0,0,0,0,0,0,0,0,0,0,0,0,0,0,0,0,0,0,0,0,1
22043,17,0,10,10,0,6,25,9,0,3,0,0,0,2,0,2,0,0,0,0,0,0,0,0,0,2,0,1,0,0,0,2,0,4,0
102615,4,0,3,4,0,3,5,1,0,1,0,0,0,0,0,1,0,0,0,0,0,0,0,0,0,0,0,1,0,0,0,1,0,0,1
20729,17,0,10,11,0,6,25,10,0,3,0,0,0,2,0,2,0,0,0,0,0,0,0,0,0,2,0,1,0,0,0,1,0,4,0
1487,9,0,0,9,0,0,7,7,0,0,0,0,0,0,0,0,0,0,0,0,0,0,0,0,0,0,0,0,0,0,0,0,0,0,0
102858,11,0,1,11,0,1,10,9,0,1,0,0,0,0,0,0,0,0,0,0,0,0,0,0,0,0,0,0,0,0,0,0,0,0,1
103213,40,0,33,40,0,33,71,29,0,5,0,0,0,3,0,3,0,0,0,0,0,0,0,0,0,4,0,1,0,0,0,2,0,24,1
1611,171,0,0,171,0,0,169,169,0,0,0,0,0,0,0,0,0,0,0,0,0,0,0,0,0,0,0,0,0,0,0,0,0,0,0
17288,8,0,0,6,0,0,6,6,0,0,0,0,0,0,0,0,0,0,0,0,0,0,0,0,0,0,0,0,0,0,0,0,0,0,0
102413,384,0,12,384,0,12,394,373,0,4,0,0,0,3,0,2,0,0,0,0,0,0,0,0,0,4,0,1,0,0,0,2,0,5,1
102598,39,0,33,39,0,33,70,28,0,5,0,0,0,3,0,3,0,0,0,0,0,0,0,0,0,4,0,1,0,0,0,2,0,24,1
102931,247,0,2,247,0,2,247,245,0,0,0,0,0,0,0,0,0,0,0,0,0,0,0,0,0,1,0,0,0,0,0,1,0,0,1
17678,3,0,3,1,0,1,4,0,0,1,0,0,0,0,0,1,0,0,0,0,0,0,0,0,0,0,0,0,0,0,0,1,0,1,0
642,21,0,0,21,0,0,19,19,0,0,0,0,0,0,0,0,0,0,0,0,0,0,0,0,0,0,0,0,0,0,0,0,0,0,0
22039,222560,0,0,222560,0,0,222558,222558,0,0,0,0,0,0,0,0,0,0,0,0,0,0,0,0,0,0,0,0,0,0,0,0,0,0,0
103289,17,0,10,17,0,10,25,10,0,3,0,0,0,2,0,2,0,0,0,0,0,0,0,0,0,2,0,1,0,0,0,1,0,4,1
102423,6,0,8,6,0,8,12,3,0,0,0,0,0,0,0,1,0,0,0,0,0,0,0,0,0,1,0,0,0,0,0,1,0,6,1
103358,16,0,10,16,0,10,24,9,0,3,0,0,0,2,0,2,0,0,0,0,0,0,0,0,0,2,0,1,0,0,0,1,0,4,1
103760,32,0,19,32,0,19,49,28,0,1,0,0,0,0,0,1,0,0,0,0,0,0,0,0,0,1,0,0,0,0,0,1,0,17,1
102349,1,0,0,1,0,0,0,0,0,0,0,0,0,0,0,0,0,0,0,0,0,0,0,0,0,0,0,0,0,0,0,0,0,0,1
103698,35,0,3,35,0,3,36,33,0,0,0,0,0,0,0,0,0,0,0,0,0,0,0,0,0,1,0,0,0,0,0,1,0,1,1
25501,38,0,6,33,0,6,42,34,0,1,0,0,0,0,0,1,0,0,0,0,0,0,0,0,0,1,0,0,0,0,0,1,0,4,0
103112,74,0,18,74,0,18,90,64,0,4,0,0,0,2,0,2,0,0,0,0,0,0,0,0,0,4,0,0,0,0,0,2,0,12,1
25446,3,0,3,2,0,3,4,0,0,1,0,0,0,0,0,1,0,0,0,0,0,0,0,0,0,0,0,0,0,0,0,1,0,1,0
102548,4,0,3,4,0,3,5,2,0,1,0,0,0,0,0,1,0,0,0,0,0,0,0,0,0,0,0,0,0,0,0,0,0,1,1
102889,18,0,8,18,0,8,24,11,0,2,0,0,0,2,0,1,0,0,0,0,0,0,0,0,0,2,0,1,0,0,0,1,0,4,1
17525,39,0,6,35,0,4,43,35,0,1,0,0,0,0,0,1,0,0,0,0,0,0,0,0,0,1,0,0,0,0,0,1,0,4,0
102871,17,0,10,17,0,10,25,10,0,3,0,0,0,2,0,2,0,0,0,0,0,0,0,0,0,2,0,1,0,0,0,1,0,4,1
103174,102,0,0,102,0,0,100,100,0,0,0,0,0,0,0,0,0,0,0,0,0,0,0,0,0,0,0,0,0,0,0,0,0,0,1
103070,17,0,10,17,0,10,25,10,0,3,0,0,0,2,0,2,0,0,0,0,0,0,0,0,0,2,0,1,0,0,0,1,0,4,1
20715,70,0,6,65,0,6,74,66,0,1,0,0,0,0,0,1,0,0,0,0,0,0,0,0,0,1,0,0,0,0,0,1,0,4,0
103161,17,0,10,17,0,10,25,10,0,3,0,0,0,2,0,2,0,0,0,0,0,0,0,0,0,2,0,1,0,0,0,1,0,4,1
102882,16,0,10,16,0,10,24,9,0,3,0,0,0,2,0,2,0,0,0,0,0,0,0,0,0,2,0,1,0,0,0,1,0,4,1
25434,17,0,10,11,0,6,25,10,0,3,0,0,0,2,0,2,0,0,0,0,0,0,0,0,0,2,0,1,0,0,0,1,0,4,0
103048,17,0,10,17,0,10,25,10,0,3,0,0,0,2,0,2,0,0,0,0,0,0,0,0,0,2,0,1,0,0,0,1,0,4,1
103662,1,0,0,1,0,0,0,0,0,0,0,0,0,0,0,0,0,0,0,0,0,0,0,0,0,0,0,0,0,0,0,0,0,0,1
25093,23,0,0,23,0,0,21,21,0,0,0,0,0,0,0,0,0,0,0,0,0,0,0,0,0,0,0,0,0,0,0,0,0,0,0
102338,16,0,10,16,0,10,24,9,0,3,0,0,0,2,0,2,0,0,0,0,0,0,0,0,0,2,0,1,0,0,0,1,0,4,1
102676,9,0,23,9,0,23,30,3,0,3,0,0,0,1,0,2,0,0,0,0,0,0,0,0,0,2,0,0,0,0,0,1,0,18,1
102744,17,0,10,17,0,10,25,10,0,3,0,0,0,2,0,2,0,0,0,0,0,0,0,0,0,2,0,1,0,0,0,1,0,4,1
24189,17,0,10,11,0,6,25,10,0,3,0,0,0,2,0,2,0,0,0,0,0,0,0,0,0,2,0,1,0,0,0,1,0,4,0
17700,62,0,7,57,0,4,67,57,0,1,0,0,0,1,0,1,0,0,0,0,0,0,0,0,0,1,0,1,0,0,0,1,0,4,0
25024,82,0,5,39,0,2,85,72,0,4,0,0,0,3,0,1,0,0,0,0,0,0,0,0,0,4,0,0,0,0,0,1,0,0,0
102745,17,0,10,17,0,10,25,10,0,3,0,0,0,2,0,2,0,0,0,0,0,0,0,0,0,2,0,1,0,0,0,1,0,4,1
102789,38,0,31,38,0,31,67,27,0,5,0,0,0,3,0,3,0,0,0,0,0,0,0,0,0,4,0,1,0,0,0,2,0,22,1
20779,1,0,0,1,0,0,0,0,0,0,0,0,0,0,0,0,0,0,0,0,0,0,0,0,0,0,0,0,0,0,0,0,0,0,0
13939,6,0,2,6,0,2,6,2,0,1,0,0,0,2,0,0,0,0,0,0,0,0,0,0,0,0,0,1,0,0,0,0,0,0,0
102809,5,0,3,5,0,3,6,1,0,2,0,0,0,1,0,1,0,0,0,0,0,0,0,0,0,1,0,0,0,0,0,0,0,0,1
17402,15,0,7,10,0,4,20,10,0,1,0,0,0,1,0,1,0,0,0,0,0,0,0,0,0,1,0,1,0,0,0,1,0,4,0
102765,38,0,31,38,0,31,67,27,0,5,0,0,0,3,0,3,0,0,0,0,0,0,0,0,0,4,0,1,0,0,0,2,0,22,1
13656,16,0,10,16,0,10,24,9,0,3,0,0,0,2,0,2,0,0,0,0,0,0,0,0,0,2,0,1,0,0,0,1,0,4,0
103124,38,0,31,38,0,31,67,27,0,5,0,0,0,3,0,3,0,0,0,0,0,0,0,0,0,4,0,1,0,0,0,2,0,22,1
25388,3,0,3,2,0,3,4,0,0,1,0,0,0,0,0,1,0,0,0,0,0,0,0,0,0,0,0,0,0,0,0,1,0,1,0
20645,39,0,33,12,0,22,70,28,0,5,0,0,0,3,0,3,0,0,0,0,0,0,0,0,0,4,0,1,0,0,0,2,0,24,0
102446,16,0,10,16,0,10,24,9,0,3,0,0,0,2,0,2,0,0,0,0,0,0,0,0,0,2,0,1,0,0,0,1,0,4,1
102581,7,0,0,7,0,0,5,5,0,0,0,0,0,0,0,0,0,0,0,0,0,0,0,0,0,0,0,0,0,0,0,0,0,0,1
25491,17,0,10,10,0,6,25,9,0,3,0,0,0,2,0,2,0,0,0,0,0,0,0,0,0,2,0,1,0,0,0,2,0,4,0
17478,4,0,3,1,0,1,5,0,0,1,0,0,0,0,0,1,0,0,0,0,0,0,0,0,0,1,0,0,0,0,0,1,0,1,0
24219,104,0,80,49,0,73,182,94,0,5,0,0,0,3,0,2,0,0,0,0,0,0,0,0,0,4,0,0,0,0,0,1,0,73,0
103421,28,0,19,28,0,19,45,24,0,1,0,0,0,0,0,1,0,0,0,0,0,0,0,0,0,1,0,0,0,0,0,1,0,17,1
102615,11,0,6,11,0,6,15,9,0,1,0,0,0,0,0,1,0,0,0,0,0,0,0,0,0,0,0,0,0,0,0,0,0,4,1
102998,128,0,84,128,0,84,210,118,0,4,0,0,0,2,0,2,0,0,0,0,0,0,0,0,0,4,0,0,0,0,0,2,0,78,1
17727,20,0,7,15,0,4,25,15,0,1,0,0,0,1,0,1,0,0,0,0,0,0,0,0,0,1,0,1,0,0,0,1,0,4,0
13903,3,0,3,3,0,3,4,0,0,1,0,0,0,0,0,1,0,0,0,0,0,0,0,0,0,0,0,0,0,0,0,1,0,1,0
103571,17,0,10,17,0,10,25,10,0,3,0,0,0,2,0,2,0,0,0,0,0,0,0,0,0,2,0,1,0,0,0,1,0,4,1
103692,586,0,0,586,0,0,584,584,0,0,0,0,0,0,0,0,0,0,0,0,0,0,0,0,0,0,0,0,0,0,0,0,0,0,1
102373,17,0,10,17,0,10,25,10,0,3,0,0,0,2,0,2,0,0,0,0,0,0,0,0,0,2,0,1,0,0,0,1,0,4,1
103209,16,0,10,16,0,10,24,9,0,3,0,0,0,2,0,2,0,0,0,0,0,0,0,0,0,2,0,1,0,0,0,1,0,4,1
102832,16,0,10,16,0,10,24,9,0,3,0,0,0,2,0,2,0,0,0,0,0,0,0,0,0,2,0,1,0,0,0,1,0,4,1
104004,4,0,24,4,0,24,26,1,0,1,0,0,0,0,0,2,0,0,0,0,0,0,0,0,0,1,0,0,0,0,0,1,0,20,1
103187,538,0,5,538,0,5,541,532,0,2,0,0,0,1,0,2,0,0,0,0,0,0,0,0,0,1,0,1,0,0,0,2,0,0,1
102768,17,0,10,17,0,10,25,10,0,3,0,0,0,2,0,2,0,0,0,0,0,0,0,0,0,2,0,1,0,0,0,1,0,4,1
102400,16,0,10,16,0,10,24,9,0,3,0,0,0,2,0,2,0,0,0,0,0,0,0,0,0,2,0,1,0,0,0,1,0,4,1
102753,1,0,0,1,0,0,0,0,0,0,0,0,0,0,0,0,0,0,0,0,0,0,0,0,0,0,0,0,0,0,0,0,0,0,1
25430,3,0,3,2,0,3,4,0,0,1,0,0,0,0,0,1,0,0,0,0,0,0,0,0,0,0,0,0,0,0,0,1,0,1,0
102713,17,0,10,17,0,10,25,10,0,3,0,0,0,2,0,2,0,0,0,0,0,0,0,0,0,2,0,1,0,0,0,1,0,4,1
17307,2,0,0,0,0,0,0,0,0,0,0,0,0,0,0,0,0,0,0,0,0,0,0,0,0,0,0,0,0,0,0,0,0,0,0
103764,6,0,2,6,0,2,6,1,0,1,0,0,0,2,0,0,0,0,0,0,0,0,0,0,0,2,0,0,0,0,0,0,0,0,1
102767,17,0,10,17,0,10,25,10,0,3,0,0,0,2,0,2,0,0,0,0,0,0,0,0,0,2,0,1,0,0,0,1,0,4,1
102443,307,0,14,307,0,14,319,297,0,3,0,0,0,3,0,2,0,0,0,0,0,0,0,0,0,3,0,2,0,0,0,2,0,7,1
102389,5,0,3,5,0,3,6,3,0,1,0,0,0,0,0,1,0,0,0,0,0,0,0,0,0,0,0,0,0,0,0,0,0,1,1
102891,17,0,10,17,0,10,25,10,0,3,0,0,0,2,0,2,0,0,0,0,0,0,0,0,0,2,0,1,0,0,0,1,0,4,1
103243,47,0,1,47,0,1,46,43,0,1,0,0,0,1,0,0,0,0,0,0,0,0,0,0,0,1,0,0,0,0,0,0,0,0,1
102977,17,0,10,17,0,10,25,10,0,3,0,0,0,2,0,2,0,0,0,0,0,0,0,0,0,2,0,1,0,0,0,1,0,4,1
25028,6,0,1,6,0,1,5,4,0,1,0,0,0,0,0,0,0,0,0,0,0,0,0,0,0,0,0,0,0,0,0,0,0,0,0
25027,565,0,11,452,0,6,574,555,0,4,0,0,0,2,0,2,0,0,0,0,0,0,0,0,0,4,0,0,0,0,0,2,0,5,0
24559,31,0,0,31,0,0,29,29,0,0,0,0,0,0,0,0,0,0,0,0,0,0,0,0,0,0,0,0,0,0,0,0,0,0,0
102594,17,0,10,17,0,10,25,10,0,3,0,0,0,2,0,2,0,0,0,0,0,0,0,0,0,2,0,1,0,0,0,1,0,4,1
24269,1,0,0,1,0,0,0,0,0,0,0,0,0,0,0,0,0,0,0,0,0,0,0,0,0,0,0,0,0,0,0,0,0,0,0
22051,5,0,6,5,0,6,9,3,0,1,0,0,0,0,0,1,0,0,0,0,0,0,0,0,0,0,0,0,0,0,0,0,0,4,0
103049,16,0,10,16,0,10,24,9,0,3,0,0,0,1,0,2,0,0,0,0,0,0,0,0,0,2,0,1,0,0,0,2,0,4,1
17659,20,0,7,15,0,4,25,15,0,1,0,0,0,1,0,1,0,0,0,0,0,0,0,0,0,1,0,1,0,0,0,1,0,4,0
103184,9,0,0,9,0,0,7,7,0,0,0,0,0,0,0,0,0,0,0,0,0,0,0,0,0,0,0,0,0,0,0,0,0,0,1
102612,4,0,0,4,0,0,2,2,0,0,0,0,0,0,0,0,0,0,0,0,0,0,0,0,0,0,0,0,0,0,0,0,0,0,1
20606,17,0,10,11,0,6,25,10,0,3,0,0,0,2,0,2,0,0,0,0,0,0,0,0,0,2,0,1,0,0,0,1,0,4,0
22183,38,0,6,33,0,6,42,34,0,1,0,0,0,0,0,1,0,0,0,0,0,0,0,0,0,1,0,0,0,0,0,1,0,4,0
102540,38,0,31,38,0,31,67,26,0,4,0,0,0,3,0,3,0,0,0,0,0,0,0,0,0,5,0,1,0,0,0,3,0,22,1
102643,1,0,0,1,0,0,0,0,0,0,0,0,0,0,0,0,0,0,0,0,0,0,0,0,0,0,0,0,0,0,0,0,0,0,1
102718,38,0,31,38,0,31,67,27,0,5,0,0,0,3,0,3,0,0,0,0,0,0,0,0,0,4,0,1,0,0,0,2,0,22,1
102720,17,0,10,17,0,10,25,10,0,3,0,0,0,2,0,2,0,0,0,0,0,0,0,0,0,2,0,1,0,0,0,1,0,4,1
25041,1,0,0,1,0,0,0,0,0,0,0,0,0,0,0,0,0,0,0,0,0,0,0,0,0,0,0,0,0,0,0,0,0,0,0
22182,1,0,0,1,0,0,0,0,0,0,0,0,0,0,0,0,0,0,0,0,0,0,0,0,0,0,0,0,0,0,0,0,0,0,0
22190,13,0,7,7,0,7,18,9,0,1,0,0,0,0,0,1,0,0,0,0,0,0,0,0,0,1,0,0,0,0,0,1,0,5,0
17276,6,0,0,4,0,0,4,4,0,0,0,0,0,0,0,0,0,0,0,0,0,0,0,0,0,0,0,0,0,0,0,0,0,0,0
102590,17,0,10,17,0,10,25,10,0,3,0,0,0,2,0,2,0,0,0,0,0,0,0,0,0,2,0,1,0,0,0,1,0,4,1
25111,17,0,10,11,0,6,25,10,0,3,0,0,0,2,0,2,0,0,0,0,0,0,0,0,0,2,0,1,0,0,0,1,0,4,0
102790,2,0,0,2,0,0,0,0,0,0,0,0,0,0,0,0,0,0,0,0,0,0,0,0,0,0,0,0,0,0,0,0,0,0,1
102778,17,0,10,17,0,10,25,10,0,3,0,0,0,2,0,2,0,0,0,0,0,0,0,0,0,2,0,1,0,0,0,1,0,4,1
102715,75,0,7,75,0,7,80,62,0,5,0,0,0,5,0,1,0,0,0,0,0,0,0,0,0,5,0,1,0,0,0,1,0,0,1
1225,1,0,0,1,0,0,0,0,0,0,0,0,0,0,0,0,0,0,0,0,0,0,0,0,0,0,0,0,0,0,0,0,0,0,0
20536,3,0,3,2,0,3,4,0,0,1,0,0,0,0,0,1,0,0,0,0,0,0,0,0,0,0,0,0,0,0,0,1,0,1,0
102618,16,0,10,16,0,10,24,9,0,3,0,0,0,2,0,2,0,0,0,0,0,0,0,0,0,2,0,1,0,0,0,1,0,4,1
24502,12,0,8,7,0,8,18,8,0,1,0,0,0,0,0,1,0,0,0,0,0,0,0,0,0,1,0,0,0,0,0,1,0,6,0
103377,129,0,16,129,0,16,143,110,0,7,0,0,0,9,0,1,0,0,0,0,0,0,0,0,0,7,0,3,0,0,0,1,0,5,1
22169,16,0,10,10,0,6,24,9,0,3,0,0,0,2,0,2,0,0,0,0,0,0,0,0,0,2,0,1,0,0,0,1,0,4,0
17472,22,0,0,20,0,0,20,20,0,0,0,0,0,0,0,0,0,0,0,0,0,0,0,0,0,0,0,0,0,0,0,0,0,0,0
102709,1,0,0,1,0,0,0,0,0,0,0,0,0,0,0,0,0,0,0,0,0,0,0,0,0,0,0,0,0,0,0,0,0,0,1
102933,1,0,0,1,0,0,0,0,0,0,0,0,0,0,0,0,0,0,0,0,0,0,0,0,0,0,0,0,0,0,0,0,0,0,1
24492,153,0,24,44,0,7,175,127,0,11,0,0,0,11,0,3,0,0,0,0,0,0,0,0,0,10,0,4,0,0,0,3,0,6,0
102670,17,0,10,17,0,10,25,10,0,3,0,0,0,2,0,2,0,0,0,0,0,0,0,0,0,2,0,1,0,0,0,1,0,4,1
22042,17,0,10,11,0,6,25,10,0,3,0,0,0,2,0,2,0,0,0,0,0,0,0,0,0,2,0,1,0,0,0,1,0,4,0
102909,40,0,33,40,0,33,71,29,0,5,0,0,0,3,0,3,0,0,0,0,0,0,0,0,0,4,0,1,0,0,0,2,0,24,1
24988,16,0,10,10,0,6,24,9,0,3,0,0,0,2,0,2,0,0,0,0,0,0,0,0,0,2,0,1,0,0,0,1,0,4,0
102765,38,0,31,38,0,31,67,27,0,5,0,0,0,3,0,3,0,0,0,0,0,0,0,0,0,4,0,1,0,0,0,2,0,22,1
103032,16,0,10,16,0,10,24,9,0,3,0,0,0,2,0,2,0,0,0,0,0,0,0,0,0,2,0,1,0,0,0,1,0,4,1
103619,36,0,17,36,0,17,51,27,0,4,0,0,0,3,0,2,0,0,0,0,0,0,0,0,0,3,0,1,0,0,0,1,0,10,1
102592,17,0,10,17,0,10,25,10,0,3,0,0,0,2,0,2,0,0,0,0,0,0,0,0,0,2,0,1,0,0,0,1,0,4,1
103185,17,0,10,17,0,10,25,10,0,3,0,0,0,2,0,2,0,0,0,0,0,0,0,0,0,2,0,1,0,0,0,1,0,4,1
102598,17,0,10,17,0,10,25,10,0,3,0,0,0,2,0,2,0,0,0,0,0,0,0,0,0,2,0,1,0,0,0,1,0,4,1
102726,17,0,10,17,0,10,25,10,0,3,0,0,0,2,0,2,0,0,0,0,0,0,0,0,0,2,0,1,0,0,0,1,0,4,1
103060,32,0,20,32,0,20,50,28,0,1,0,0,0,0,0,1,0,0,0,0,0,0,0,0,0,1,0,0,0,0,0,1,0,18,1
102992,30,0,0,30,0,0,28,28,0,0,0,0,0,0,0,0,0,0,0,0,0,0,0,0,0,0,0,0,0,0,0,0,0,0,1
102638,38,0,31,38,0,31,67,26,0,5,0,0,0,3,0,3,0,0,0,0,0,0,0,0,0,4,0,1,0,0,0,3,0,22,1
103409,4,0,3,4,0,3,5,0,0,1,0,0,0,0,0,1,0,0,0,0,0,0,0,0,0,1,0,0,0,0,0,1,0,1,1
24289,1,0,0,1,0,0,0,0,0,0,0,0,0,0,0,0,0,0,0,0,0,0,0,0,0,0,0,0,0,0,0,0,0,0,0
102891,16,0,10,16,0,10,24,9,0,3,0,0,0,2,0,2,0,0,0,0,0,0,0,0,0,2,0,1,0,0,0,1,0,4,1
102717,17,0,10,17,0,10,25,10,0,3,0,0,0,2,0,2,0,0,0,0,0,0,0,0,0,2,0,1,0,0,0,1,0,4,1
13980,10,0,3,10,0,3,11,6,0,1,0,0,0,0,0,1,0,0,0,0,0,0,0,0,0,1,0,0,0,0,0,1,0,1,0
103076,86,0,34,86,0,34,118,78,0,3,0,0,0,1,0,2,0,0,0,0,0,0,0,0,0,3,0,0,0,0,0,2,0,29,1
25037,356,0,0,356,0,0,354,354,0,0,0,0,0,0,0,0,0,0,0,0,0,0,0,0,0,0,0,0,0,0,0,0,0,0,0
102775,1,0,0,1,0,0,0,0,0,0,0,0,0,0,0,0,0,0,0,0,0,0,0,0,0,0,0,0,0,0,0,0,0,0,1
103723,58,0,3,58,0,3,59,54,0,1,0,0,0,0,0,1,0,0,0,0,0,0,0,0,0,1,0,0,0,0,0,1,0,1,1
24955,152,0,9,58,0,2,159,138,0,6,0,0,0,3,0,3,0,0,0,0,0,0,0,0,0,6,0,0,0,0,0,3,0,0,0
1442,153,0,0,151,0,0,151,151,0,0,0,0,0,0,0,0,0,0,0,0,0,0,0,0,0,0,0,0,0,0,0,0,0,0,0
102917,38,0,31,38,0,31,67,27,0,5,0,0,0,3,0,3,0,0,0,0,0,0,0,0,0,4,0,1,0,0,0,2,0,22,1
13646,7,0,10,7,0,10,15,1,0,2,0,0,0,2,0,2,0,0,0,0,0,0,0,0,0,2,0,1,0,0,0,1,0,4,0
104020,17,0,10,17,0,10,25,10,0,3,0,0,0,2,0,2,0,0,0,0,0,0,0,0,0,2,0,1,0,0,0,1,0,4,1
102787,16,0,10,16,0,10,24,9,0,3,0,0,0,2,0,2,0,0,0,0,0,0,0,0,0,2,0,1,0,0,0,1,0,4,1
103529,17,0,10,17,0,10,25,10,0,3,0,0,0,2,0,2,0,0,0,0,0,0,0,0,0,2,0,1,0,0,0,1,0,4,1
24906,12,0,3,10,0,3,13,8,0,1,0,0,0,0,0,1,0,0,0,0,0,0,0,0,0,1,0,0,0,0,0,1,0,1,0
24522,26,0,0,26,0,0,24,24,0,0,0,0,0,0,0,0,0,0,0,0,0,0,0,0,0,0,0,0,0,0,0,0,0,0,0
25417,10,0,24,7,0,22,32,6,0,2,0,0,0,0,0,2,0,0,0,0,0,0,0,0,0,1,0,0,0,0,0,1,0,20,0
103417,4,0,0,4,0,0,2,2,0,0,0,0,0,0,0,0,0,0,0,0,0,0,0,0,0,0,0,0,0,0,0,0,0,0,1
102680,17,0,10,17,0,10,25,10,0,3,0,0,0,2,0,2,0,0,0,0,0,0,0,0,0,2,0,1,0,0,0,1,0,4,1
102342,17,0,10,17,0,10,25,10,0,3,0,0,0,2,0,2,0,0,0,0,0,0,0,0,0,2,0,1,0,0,0,1,0,4,1
102609,17,0,10,17,0,10,25,10,0,3,0,0,0,2,0,2,0,0,0,0,0,0,0,0,0,2,0,1,0,0,0,1,0,4,1
103457,17,0,10,17,0,10,25,10,0,3,0,0,0,2,0,2,0,0,0,0,0,0,0,0,0,2,0,1,0,0,0,1,0,4,1
103130,66,0,8,66,0,8,72,60,0,2,0,0,0,1,0,1,0,0,0,0,0,0,0,0,0,2,0,0,0,0,0,1,0,5,1
103870,15,0,0,15,0,0,13,13,0,0,0,0,0,0,0,0,0,0,0,0,0,0,0,0,0,0,0,0,0,0,0,0,0,0,1
102605,1,0,0,1,0,0,0,0,0,0,0,0,0,0,0,0,0,0,0,0,0,0,0,0,0,0,0,0,0,0,0,0,0,0,1
103015,2,0,3,2,0,3,3,0,0,1,0,0,0,0,0,1,0,0,0,0,0,0,0,0,0,0,0,0,0,0,0,0,0,1,1
102409,22493,1,3,22493,1,3,22495,22488,0,1,1,0,0,0,0,1,1,0,0,0,0,0,0,0,0,0,1,0,0,0,0,1,0,1,1
102699,1,0,0,1,0,0,0,0,0,0,0,0,0,0,0,0,0,0,0,0,0,0,0,0,0,0,0,0,0,0,0,0,0,0,1
20620,3,0,3,2,0,3,4,0,0,1,0,0,0,0,0,1,0,0,0,0,0,0,0,0,0,0,0,0,0,0,0,1,0,1,0
102913,17,0,10,17,0,10,25,10,0,3,0,0,0,2,0,2,0,0,0,0,0,0,0,0,0,2,0,1,0,0,0,1,0,4,1
103015,17,0,10,17,0,10,25,10,0,3,0,0,0,2,0,2,0,0,0,0,0,0,0,0,0,2,0,1,0,0,0,1,0,4,1
103580,5,0,3,5,0,3,6,3,0,1,0,0,0,0,0,1,0,0,0,0,0,0,0,0,0,0,0,0,0,0,0,0,0,1,1
22089,4,0,0,4,0,0,2,2,0,0,0,0,0,0,0,0,0,0,0,0,0,0,0,0,0,0,0,0,0,0,0,0,0,0,0
20743,3,0,3,2,0,3,4,0,0,1,0,0,0,0,0,1,0,0,0,0,0,0,0,0,0,0,0,0,0,0,0,1,0,1,0
20770,40,0,33,12,0,22,71,27,0,5,0,0,0,3,0,3,0,0,0,0,0,0,0,0,0,5,0,1,0,0,0,3,0,24,0
17643,19,0,7,14,0,4,24,14,0,1,0,0,0,1,0,1,0,0,0,0,0,0,0,0,0,1,0,1,0,0,0,1,0,4,0
103074,15,0,8,15,0,8,21,9,0,2,0,0,0,2,0,1,0,0,0,0,0,0,0,0,0,1,0,1,0,0,0,1,0,4,1
102755,173,0,35,173,0,35,206,128,0,18,0,0,0,20,0,5,0,0,0,0,0,0,0,0,0,18,0,7,0,0,0,5,0,5,1
102618,94,0,6,94,0,6,98,82,0,4,0,0,0,6,0,0,0,0,0,0,0,0,0,0,0,4,0,2,0,0,0,0,0,0,1
103052,4,0,1,4,0,1,3,2,0,1,0,0,0,0,0,0,0,0,0,0,0,0,0,0,0,0,0,0,0,0,0,0,0,0,1
12096,1144,0,0,1142,0,0,1142,1142,0,0,0,0,0,0,0,0,0,0,0,0,0,0,0,0,0,0,0,0,0,0,0,0,0,0,0
13659,13,0,5,13,0,5,16,7,0,2,0,0,0,1,0,1,0,0,0,0,0,0,0,0,0,2,0,0,0,0,0,1,0,2,0
103001,1054115,0,0,1054115,0,0,1054113,1054113,0,0,0,0,0,0,0,0,0,0,0,0,0,0,0,0,0,0,0,0,0,0,0,0,0,0,1
102982,955,0,2,955,0,2,955,950,0,1,0,0,0,2,0,0,0,0,0,0,0,0,0,0,0,2,0,0,0,0,0,0,0,0,1
103170,12,0,8,12,0,8,18,8,0,1,0,0,0,0,0,1,0,0,0,0,0,0,0,0,0,1,0,0,0,0,0,1,0,6,1
13941,1,0,0,1,0,0,0,0,0,0,0,0,0,0,0,0,0,0,0,0,0,0,0,0,0,0,0,0,0,0,0,0,0,0,0
103407,17,0,10,17,0,10,25,10,0,3,0,0,0,2,0,2,0,0,0,0,0,0,0,0,0,2,0,1,0,0,0,1,0,4,1
102353,21219,101,3,21219,101,3,21321,21214,0,1,0,1,0,0,0,1,1,0,0,1,99,0,0,0,0,0,1,0,0,0,0,1,0,1,1
20786,143,0,11,48,0,3,152,129,0,6,0,0,0,2,0,4,0,0,0,0,0,0,0,0,0,6,0,0,0,0,0,4,0,1,0
102512,40,0,24,40,0,24,62,31,0,4,0,0,0,3,0,2,0,0,0,0,0,0,0,0,0,3,0,1,0,0,0,1,0,17,1
103583,124,0,24,124,0,24,146,117,0,2,0,0,0,2,0,1,0,0,0,0,0,0,0,0,0,2,0,1,0,0,0,1,0,20,1
102561,162,0,0,162,0,0,160,160,0,0,0,0,0,0,0,0,0,0,0,0,0,0,0,0,0,0,0,0,0,0,0,0,0,0,1
25070,38,0,6,33,0,6,42,34,0,1,0,0,0,0,0,1,0,0,0,0,0,0,0,0,0,1,0,0,0,0,0,1,0,4,0
102661,1,0,0,1,0,0,0,0,0,0,0,0,0,0,0,0,0,0,0,0,0,0,0,0,0,0,0,0,0,0,0,0,0,0,1
24326,3,0,3,2,0,3,4,0,0,1,0,0,0,0,0,1,0,0,0,0,0,0,0,0,0,0,0,0,0,0,0,1,0,1,0
103259,1,0,0,1,0,0,0,0,0,0,0,0,0,0,0,0,0,0,0,0,0,0,0,0,0,0,0,0,0,0,0,0,0,0,1
13691,25,0,9,25,0,9,32,21,0,2,0,0,0,0,0,2,0,0,0,0,0,0,0,0,0,1,0,0,0,0,0,1,0,5,0
13893,30,0,18,30,0,18,46,24,0,3,0,0,0,0,0,2,0,0,0,0,0,0,0,0,0,2,0,0,0,0,0,2,0,13,0
102684,4,0,22,4,0,22,24,1,0,1,0,0,0,0,0,2,0,0,0,0,0,0,0,0,0,1,0,0,0,0,0,1,0,18,1
22075,17,0,10,11,0,6,25,10,0,3,0,0,0,2,0,2,0,0,0,0,0,0,0,0,0,2,0,1,0,0,0,1,0,4,0
25416,17,0,10,11,0,6,25,10,0,3,0,0,0,2,0,2,0,0,0,0,0,0,0,0,0,2,0,1,0,0,0,1,0,4,0
101493,12,0,1,12,0,1,11,9,0,1,0,0,0,1,0,0,0,0,0,0,0,0,0,0,0,0,0,0,0,0,0,0,0,0,1
103883,10,0,5,10,0,5,13,3,0,3,0,0,0,2,0,1,0,0,0,0,0,0,0,0,0,2,0,0,0,0,0,1,0,1,1
102922,17,0,10,17,0,10,25,9,0,3,0,0,0,2,0,2,0,0,0,0,0,0,0,0,0,2,0,1,0,0,0,2,0,4,1
101118,182,0,15,182,0,15,195,178,0,1,0,0,0,1,0,1,0,0,0,0,0,0,0,0,0,1,0,1,0,0,0,1,0,11,1
22050,1,0,0,1,0,0,0,0,0,0,0,0,0,0,0,0,0,0,0,0,0,0,0,0,0,0,0,0,0,0,0,0,0,0,0
103367,63,0,21,63,0,21,82,41,0,8,0,0,0,7,0,5,0,0,0,0,0,0,0,0,0,8,0,4,0,0,0,5,0,4,1
25312,1,0,0,1,0,0,0,0,0,0,0,0,0,0,0,0,0,0,0,0,0,0,0,0,0,0,0,0,0,0,0,0,0,0,0
102715,16,0,10,16,0,10,24,9,0,3,0,0,0,2,0,2,0,0,0,0,0,0,0,0,0,2,0,1,0,0,0,1,0,4,1
102742,17,0,10,17,0,10,25,10,0,3,0,0,0,2,0,2,0,0,0,0,0,0,0,0,0,2,0,1,0,0,0,1,0,4,1
22146,16,0,10,10,0,6,24,9,0,3,0,0,0,2,0,2,0,0,0,0,0,0,0,0,0,2,0,1,0,0,0,1,0,4,0
13654,39,0,33,39,0,33,70,28,0,5,0,0,0,3,0,3,0,0,0,0,0,0,0,0,0,4,0,1,0,0,0,2,0,24,0
17265,66,0,7,61,0,4,71,61,0,1,0,0,0,1,0,1,0,0,0,0,0,0,0,0,0,1,0,1,0,0,0,1,0,4,0
102823,17,0,10,17,0,10,25,10,0,3,0,0,0,2,0,2,0,0,0,0,0,0,0,0,0,2,0,1,0,0,0,1,0,4,1
25483,1,0,0,1,0,0,0,0,0,0,0,0,0,0,0,0,0,0,0,0,0,0,0,0,0,0,0,0,0,0,0,0,0,0,0
17093,20,0,7,15,0,4,25,15,0,1,0,0,0,1,0,1,0,0,0,0,0,0,0,0,0,1,0,1,0,0,0,1,0,4,0
103424,2,0,3,2,0,3,3,0,0,1,0,0,0,0,0,1,0,0,0,0,0,0,0,0,0,0,0,0,0,0,0,0,0,1,1
25479,17,0,10,11,0,6,25,10,0,3,0,0,0,2,0,2,0,0,0,0,0,0,0,0,0,2,0,1,0,0,0,1,0,4,0
102184,16,0,10,16,0,10,24,9,0,3,0,0,0,2,0,2,0,0,0,0,0,0,0,0,0,2,0,1,0,0,0,1,0,4,1
103051,23,0,0,23,0,0,21,21,0,0,0,0,0,0,0,0,0,0,0,0,0,0,0,0,0,0,0,0,0,0,0,0,0,0,1
103458,1,0,0,1,0,0,0,0,0,0,0,0,0,0,0,0,0,0,0,0,0,0,0,0,0,0,0,0,0,0,0,0,0,0,1
103613,1,0,0,1,0,0,0,0,0,0,0,0,0,0,0,0,0,0,0,0,0,0,0,0,0,0,0,0,0,0,0,0,0,0,1
102831,17,0,10,17,0,10,25,9,0,3,0,0,0,2,0,2,0,0,0,0,0,0,0,0,0,2,0,1,0,0,0,2,0,4,1
102134,5,0,3,5,0,3,6,3,0,1,0,0,0,0,0,1,0,0,0,0,0,0,0,0,0,0,0,0,0,0,0,0,0,1,1
102412,38,0,31,38,0,31,67,27,0,5,0,0,0,3,0,3,0,0,0,0,0,0,0,0,0,4,0,1,0,0,0,2,0,22,1
24979,5,0,0,5,0,0,3,3,0,0,0,0,0,0,0,0,0,0,0,0,0,0,0,0,0,0,0,0,0,0,0,0,0,0,0
102867,196,0,27,196,0,27,221,185,0,4,0,0,0,4,0,1,0,0,0,0,0,0,0,0,0,4,0,1,0,0,0,1,0,21,1
25059,18,0,6,13,0,6,22,14,0,1,0,0,0,0,0,1,0,0,0,0,0,0,0,0,0,1,0,0,0,0,0,1,0,4,0
25313,12,0,7,10,0,6,17,8,0,1,0,0,0,1,0,1,0,0,0,0,0,0,0,0,0,0,0,1,0,0,0,1,0,4,0
102895,16,0,10,16,0,10,24,9,0,3,0,0,0,2,0,2,0,0,0,0,0,0,0,0,0,2,0,1,0,0,0,1,0,4,1
24481,3,0,3,2,0,3,4,0,0,1,0,0,0,0,0,1,0,0,0,0,0,0,0,0,0,0,0,0,0,0,0,1,0,1,0
17654,19,0,7,14,0,4,24,14,0,1,0,0,0,1,0,1,0,0,0,0,0,0,0,0,0,1,0,1,0,0,0,1,0,4,0
102665,16,0,10,16,0,10,24,9,0,3,0,0,0,2,0,2,0,0,0,0,0,0,0,0,0,2,0,1,0,0,0,1,0,4,1
102473,236,0,36,236,0,36,270,196,0,18,0,0,0,15,0,7,0,0,0,0,0,0,0,0,0,17,0,4,0,0,0,6,0,7,1
25488,17,0,10,11,0,6,25,10,0,3,0,0,0,2,0,2,0,0,0,0,0,0,0,0,0,2,0,1,0,0,0,1,0,4,0
102701,17,0,10,17,0,10,25,10,0,3,0,0,0,2,0,2,0,0,0,0,0,0,0,0,0,2,0,1,0,0,0,1,0,4,1
103543,17,0,10,17,0,10,25,10,0,3,0,0,0,2,0,2,0,0,0,0,0,0,0,0,0,2,0,1,0,0,0,1,0,4,1
24546,1,0,0,1,0,0,0,0,0,0,0,0,0,0,0,0,0,0,0,0,0,0,0,0,0,0,0,0,0,0,0,0,0,0,0
24909,17,0,10,11,0,6,25,10,0,3,0,0,0,2,0,2,0,0,0,0,0,0,0,0,0,2,0,1,0,0,0,1,0,4,0
103097,159,0,26,159,0,26,183,131,0,12,0,0,0,12,0,4,0,0,0,0,0,0,0,0,0,11,0,4,0,0,0,3,0,6,1
103385,38,0,31,38,0,31,67,27,0,5,0,0,0,3,0,3,0,0,0,0,0,0,0,0,0,4,0,1,0,0,0,2,0,22,1
20657,40,0,33,12,0,22,71,29,0,5,0,0,0,3,0,3,0,0,0,0,0,0,0,0,0,4,0,1,0,0,0,2,0,24,0
103935,10,0,9,10,0,9,17,4,0,2,0,0,0,1,0,1,0,0,0,0,0,0,0,0,0,2,0,0,0,0,0,1,0,6,1
102331,0,0,9,0,0,9,7,0,0,0,0,0,0,0,0,0,0,0,0,0,0,0,0,0,0,0,0,0,0,0,0,0,0,7,1
17284,8,0,6,4,0,4,12,4,0,1,0,0,0,0,0,1,0,0,0,0,0,0,0,0,0,1,0,0,0,0,0,1,0,4,0
642,18,0,0,18,0,0,16,16,0,0,0,0,0,0,0,0,0,0,0,0,0,0,0,0,0,0,0,0,0,0,0,0,0,0,0
24407,38,0,6,33,0,6,42,34,0,1,0,0,0,0,0,1,0,0,0,0,0,0,0,0,0,1,0,0,0,0,0,1,0,4,0
25463,1,0,0,1,0,0,0,0,0,0,0,0,0,0,0,0,0,0,0,0,0,0,0,0,0,0,0,0,0,0,0,0,0,0,0
20562,3,0,3,2,0,3,4,0,0,1,0,0,0,0,0,1,0,0,0,0,0,0,0,0,0,0,0,0,0,0,0,1,0,1,0
17313,1,0,0,0,0,0,0,0,0,0,0,0,0,0,0,0,0,0,0,0,0,0,0,0,0,0,0,0,0,0,0,0,0,0,0
22057,6,0,10,3,0,6,14,1,0,2,0,0,0,2,0,1,0,0,0,0,0,0,0,0,0,2,0,1,0,0,0,1,0,4,0
102834,17,0,10,17,0,10,25,10,0,3,0,0,0,2,0,2,0,0,0,0,0,0,0,0,0,2,0,1,0,0,0,1,0,4,1
102567,42,0,35,42,0,35,75,29,0,5,0,0,0,3,0,3,0,0,0,0,0,0,0,0,0,5,0,1,0,0,0,3,0,26,1
103359,17,0,10,17,0,10,25,10,0,3,0,0,0,2,0,2,0,0,0,0,0,0,0,0,0,2,0,1,0,0,0,1,0,4,1
25481,38,0,6,33,0,6,42,34,0,1,0,0,0,0,0,1,0,0,0,0,0,0,0,0,0,1,0,0,0,0,0,1,0,4,0
103458,1,0,0,1,0,0,0,0,0,0,0,0,0,0,0,0,0,0,0,0,0,0,0,0,0,0,0,0,0,0,0,0,0,0,1
24983,3,0,3,2,0,3,4,0,0,1,0,0,0,0,0,1,0,0,0,0,0,0,0,0,0,0,0,0,0,0,0,1,0,1,0
102599,1,0,1,1,0,1,0,0,0,0,0,0,0,0,0,0,0,0,0,0,0,0,0,0,0,0,0,0,0,0,0,0,0,0,1
103126,12,0,10,12,0,10,20,5,0,3,0,0,0,2,0,2,0,0,0,0,0,0,0,0,0,2,0,1,0,0,0,1,0,4,1
102930,67,0,6,67,0,6,71,56,0,4,0,0,0,4,0,1,0,0,0,0,0,0,0,0,0,4,0,1,0,0,0,1,0,0,1
25470,19,0,6,14,0,6,23,15,0,1,0,0,0,0,0,1,0,0,0,0,0,0,0,0,0,1,0,0,0,0,0,1,0,4,0
103229,17,0,10,17,0,10,25,10,0,3,0,0,0,2,0,2,0,0,0,0,0,0,0,0,0,2,0,1,0,0,0,1,0,4,1
25404,8,0,7,6,0,7,13,4,0,1,0,0,0,0,0,1,0,0,0,0,0,0,0,0,0,1,0,0,0,0,0,1,0,5,0
102769,1,0,0,1,0,0,0,0,0,0,0,0,0,0,0,0,0,0,0,0,0,0,0,0,0,0,0,0,0,0,0,0,0,0,1
1187,1007,0,0,1007,0,0,1005,1005,0,0,0,0,0,0,0,0,0,0,0,0,0,0,0,0,0,0,0,0,0,0,0,0,0,0,0
102714,17,0,10,17,0,10,25,10,0,3,0,0,0,2,0,2,0,0,0,0,0,0,0,0,0,2,0,1,0,0,0,1,0,4,1
102014,40,0,33,40,0,33,71,29,0,5,0,0,0,3,0,3,0,0,0,0,0,0,0,0,0,4,0,1,0,0,0,2,0,24,1
22073,39,0,33,12,0,22,70,28,0,5,0,0,0,3,0,3,0,0,0,0,0,0,0,0,0,4,0,1,0,0,0,2,0,24,0
103371,17,0,10,17,0,10,25,10,0,3,0,0,0,2,0,2,0,0,0,0,0,0,0,0,0,2,0,1,0,0,0,1,0,4,1
25396,3,0,3,2,0,3,4,0,0,1,0,0,0,0,0,1,0,0,0,0,0,0,0,0,0,0,0,0,0,0,0,1,0,1,0
103131,1,0,0,1,0,0,0,0,0,0,0,0,0,0,0,0,0,0,0,0,0,0,0,0,0,0,0,0,0,0,0,0,0,0,1
1577,3,0,1,3,0,1,2,1,0,1,0,0,0,0,0,0,0,0,0,0,0,0,0,0,0,0,0,0,0,0,0,0,0,0,0
1604,154,0,0,154,0,0,152,152,0,0,0,0,0,0,0,0,0,0,0,0,0,0,0,0,0,0,0,0,0,0,0,0,0,0,0
17648,10,0,3,6,0,1,11,6,0,1,0,0,0,0,0,1,0,0,0,0,0,0,0,0,0,1,0,0,0,0,0,1,0,1,0
102736,1,0,0,1,0,0,0,0,0,0,0,0,0,0,0,0,0,0,0,0,0,0,0,0,0,0,0,0,0,0,0,0,0,0,1
25068,17,0,10,11,0,6,25,10,0,3,0,0,0,2,0,2,0,0,0,0,0,0,0,0,0,2,0,1,0,0,0,1,0,4,0
24542,38,0,6,33,0,6,42,34,0,1,0,0,0,0,0,1,0,0,0,0,0,0,0,0,0,1,0,0,0,0,0,1,0,4,0
102324,17,0,10,17,0,10,25,10,0,3,0,0,0,2,0,2,0,0,0,0,0,0,0,0,0,2,0,1,0,0,0,1,0,4,1
102745,4,0,22,4,0,22,24,1,0,1,0,0,0,0,0,2,0,0,0,0,0,0,0,0,0,1,0,0,0,0,0,1,0,18,1
102987,10,0,5,10,0,5,13,3,0,3,0,0,0,2,0,1,0,0,0,0,0,0,0,0,0,2,0,0,0,0,0,1,0,1,1
102985,63,0,21,63,0,21,82,41,0,8,0,0,0,7,0,5,0,0,0,0,0,0,0,0,0,8,0,4,0,0,0,5,0,4,1
102831,16,0,8,16,0,8,22,9,0,2,0,0,0,2,0,1,0,0,0,0,0,0,0,0,0,2,0,1,0,0,0,1,0,4,1
102773,17,0,10,17,0,10,25,10,0,3,0,0,0,2,0,2,0,0,0,0,0,0,0,0,0,2,0,1,0,0,0,1,0,4,1
103369,7,0,2,7,0,2,7,2,0,2,0,0,0,2,0,0,0,0,0,0,0,0,0,0,0,1,0,0,0,0,0,0,0,0,1
22061,13,0,7,7,0,7,18,9,0,1,0,0,0,0,0,1,0,0,0,0,0,0,0,0,0,1,0,0,0,0,0,1,0,5,0
17380,20,0,7,15,0,4,25,15,0,1,0,0,0,1,0,1,0,0,0,0,0,0,0,0,0,1,0,1,0,0,0,1,0,4,0
17645,19,0,7,14,0,4,24,14,0,1,0,0,0,1,0,1,0,0,0,0,0,0,0,0,0,1,0,1,0,0,0,1,0,4,0
102359,17,0,10,17,0,10,25,10,0,3,0,0,0,2,0,2,0,0,0,0,0,0,0,0,0,2,0,1,0,0,0,1,0,4,1
103087,18,0,4,18,0,4,20,14,0,1,0,0,0,1,0,0,0,0,0,0,0,0,0,0,0,2,0,0,0,0,0,1,0,1,1
1611,279,0,0,279,0,0,277,277,0,0,0,0,0,0,0,0,0,0,0,0,0,0,0,0,0,0,0,0,0,0,0,0,0,0,0
22046,587,0,1,576,0,1,586,583,0,1,0,0,0,1,0,0,0,0,0,0,0,0,0,0,0,1,0,0,0,0,0,0,0,0,0
17249,20,0,7,15,0,4,25,15,0,1,0,0,0,1,0,1,0,0,0,0,0,0,0,0,0,1,0,1,0,0,0,1,0,4,0
25100,37,0,31,11,0,20,66,26,0,5,0,0,0,3,0,3,0,0,0,0,0,0,0,0,0,4,0,1,0,0,0,2,0,22,0
102503,16,0,10,16,0,10,24,9,0,3,0,0,0,2,0,2,0,0,0,0,0,0,0,0,0,2,0,1,0,0,0,1,0,4,1
20596,4,0,22,3,0,20,24,1,0,1,0,0,0,0,0,2,0,0,0,0,0,0,0,0,0,1,0,0,0,0,0,1,0,18,0
102873,1,0,0,1,0,0,0,0,0,0,0,0,0,0,0,0,0,0,0,0,0,0,0,0,0,0,0,0,0,0,0,0,0,0,1
17235,6,0,1,2,0,1,5,2,0,1,0,0,0,1,0,0,0,0,0,0,0,0,0,0,0,1,0,0,0,0,0,0,0,0,0
103152,4,0,22,4,0,22,24,1,0,1,0,0,0,0,0,2,0,0,0,0,0,0,0,0,0,1,0,0,0,0,0,1,0,18,1
25398,38,0,6,33,0,6,42,34,0,1,0,0,0,0,0,1,0,0,0,0,0,0,0,0,0,1,0,0,0,0,0,1,0,4,0
103362,1,0,0,1,0,0,0,0,0,0,0,0,0,0,0,0,0,0,0,0,0,0,0,0,0,0,0,0,0,0,0,0,0,0,1
20392,11,0,0,11,0,0,9,9,0,0,0,0,0,0,0,0,0,0,0,0,0,0,0,0,0,0,0,0,0,0,0,0,0,0,0
24974,38,0,6,33,0,6,42,34,0,1,0,0,0,0,0,1,0,0,0,0,0,0,0,0,0,1,0,0,0,0,0,1,0,4,0
22193,17,0,10,10,0,6,25,9,0,3,0,0,0,2,0,2,0,0,0,0,0,0,0,0,0,2,0,1,0,0,0,2,0,4,0
102336,6,0,2,6,0,2,6,2,0,1,0,0,0,0,0,1,0,0,0,0,0,0,0,0,0,1,0,0,0,0,0,1,0,0,1
102776,17,0,10,17,0,10,25,10,0,3,0,0,0,2,0,2,0,0,0,0,0,0,0,0,0,2,0,1,0,0,0,1,0,4,1
102974,17,0,10,17,0,10,25,10,0,3,0,0,0,2,0,2,0,0,0,0,0,0,0,0,0,2,0,1,0,0,0,1,0,4,1
17644,19,0,7,14,0,4,24,14,0,1,0,0,0,1,0,1,0,0,0,0,0,0,0,0,0,1,0,1,0,0,0,1,0,4,0
922,6229,0,0,6227,0,0,6227,6227,0,0,0,0,0,0,0,0,0,0,0,0,0,0,0,0,0,0,0,0,0,0,0,0,0,0,0
24477,17,0,10,11,0,6,25,10,0,3,0,0,0,2,0,2,0,0,0,0,0,0,0,0,0,2,0,1,0,0,0,1,0,4,0
1587,3,0,587,3,0,587,588,0,0,0,0,0,0,0,0,1,0,0,0,0,0,0,0,0,0,1,0,1,0,0,0,2,0,583,0
103466,5,0,3,5,0,3,6,3,0,1,0,0,0,0,0,1,0,0,0,0,0,0,0,0,0,0,0,0,0,0,0,0,0,1,1
730,91,0,0,91,0,0,89,89,0,0,0,0,0,0,0,0,0,0,0,0,0,0,0,0,0,0,0,0,0,0,0,0,0,0,0
24927,38,0,6,33,0,6,42,34,0,1,0,0,0,0,0,1,0,0,0,0,0,0,0,0,0,1,0,0,0,0,0,1,0,4,0
25071,17,0,10,11,0,6,25,10,0,3,0,0,0,2,0,2,0,0,0,0,0,0,0,0,0,2,0,1,0,0,0,1,0,4,0
14062,17,0,10,17,0,10,25,10,0,3,0,0,0,2,0,2,0,0,0,0,0,0,0,0,0,2,0,1,0,0,0,1,0,4,0
102599,17,0,10,17,0,10,25,10,0,3,0,0,0,2,0,2,0,0,0,0,0,0,0,0,0,2,0,1,0,0,0,1,0,4,1
13689,76,0,21,76,0,21,95,68,0,3,0,0,0,2,0,1,0,0,0,0,0,0,0,0,0,3,0,0,0,0,0,1,0,17,0
22112,17,0,10,11,0,6,25,10,0,3,0,0,0,2,0,2,0,0,0,0,0,0,0,0,0,2,0,1,0,0,0,1,0,4,0
102892,10,0,0,10,0,0,8,8,0,0,0,0,0,0,0,0,0,0,0,0,0,0,0,0,0,0,0,0,0,0,0,0,0,0,1
101493,5,0,0,5,0,0,3,3,0,0,0,0,0,0,0,0,0,0,0,0,0,0,0,0,0,0,0,0,0,0,0,0,0,0,1
16993,111,0,34,86,0,14,143,86,0,10,0,0,0,6,0,7,0,0,0,0,0,0,0,0,0,10,0,3,0,0,0,7,0,14,0
102794,1,0,0,1,0,0,0,0,0,0,0,0,0,0,0,0,0,0,0,0,0,0,0,0,0,0,0,0,0,0,0,0,0,0,1
24304,1,0,0,1,0,0,0,0,0,0,0,0,0,0,0,0,0,0,0,0,0,0,0,0,0,0,0,0,0,0,0,0,0,0,0
25425,17,0,10,11,0,6,25,10,0,3,0,0,0,2,0,2,0,0,0,0,0,0,0,0,0,2,0,1,0,0,0,1,0,4,0
103544,17,0,10,17,0,10,25,9,0,3,0,0,0,2,0,2,0,0,0,0,0,0,0,0,0,2,0,1,0,0,0,2,0,4,1
22204,17,0,10,11,0,6,25,10,0,3,0,0,0,2,0,2,0,0,0,0,0,0,0,0,0,2,0,1,0,0,0,1,0,4,0
24461,492,0,0,492,0,0,490,490,0,0,0,0,0,0,0,0,0,0,0,0,0,0,0,0,0,0,0,0,0,0,0,0,0,0,0
102171,17,0,10,17,0,10,25,10,0,3,0,0,0,2,0,2,0,0,0,0,0,0,0,0,0,2,0,1,0,0,0,1,0,4,1
103072,42,0,20,42,0,20,60,36,0,2,0,0,0,1,0,1,0,0,0,0,0,0,0,0,0,2,0,0,0,0,0,1,0,17,1
102838,4,0,22,4,0,22,24,1,0,1,0,0,0,0,0,2,0,0,0,0,0,0,0,0,0,1,0,0,0,0,0,1,0,18,1
17622,2,0,2,1,0,0,2,0,0,1,0,0,0,0,0,1,0,0,0,0,0,0,0,0,0,0,0,0,0,0,0,0,0,0,0
13979,3,0,3,3,0,3,4,0,0,1,0,0,0,0,0,1,0,0,0,0,0,0,0,0,0,0,0,0,0,0,0,1,0,1,0
102199,17,0,10,17,0,10,25,10,0,3,0,0,0,2,0,2,0,0,0,0,0,0,0,0,0,2,0,1,0,0,0,1,0,4,1
20647,17,0,10,11,0,6,25,10,0,3,0,0,0,2,0,2,0,0,0,0,0,0,0,0,0,2,0,1,0,0,0,1,0,4,0
102399,3,0,18,3,0,18,19,1,0,1,0,0,0,0,0,1,0,0,0,0,0,0,0,0,0,1,0,0,0,0,0,1,0,14,1
103841,2,0,3,2,0,3,3,0,0,1,0,0,0,0,0,1,0,0,0,0,0,0,0,0,0,0,0,0,0,0,0,0,0,1,1
102355,1,0,0,1,0,0,0,0,0,0,0,0,0,0,0,0,0,0,0,0,0,0,0,0,0,0,0,0,0,0,0,0,0,0,1
102790,1,0,0,1,0,0,0,0,0,0,0,0,0,0,0,0,0,0,0,0,0,0,0,0,0,0,0,0,0,0,0,0,0,0,1
102225,17,0,10,17,0,10,25,9,0,3,0,0,0,2,0,2,0,0,0,0,0,0,0,0,0,2,0,1,0,0,0,2,0,4,1
103003,38,0,31,38,0,31,67,27,0,5,0,0,0,3,0,3,0,0,0,0,0,0,0,0,0,4,0,1,0,0,0,2,0,22,1
20586,4,0,0,4,0,0,2,2,0,0,0,0,0,0,0,0,0,0,0,0,0,0,0,0,0,0,0,0,0,0,0,0,0,0,0
102975,17,0,10,17,0,10,25,10,0,3,0,0,0,2,0,2,0,0,0,0,0,0,0,0,0,2,0,1,0,0,0,1,0,4,1
22111,17,0,10,11,0,6,25,10,0,3,0,0,0,2,0,2,0,0,0,0,0,0,0,0,0,2,0,1,0,0,0,1,0,4,0
22060,38,0,6,33,0,6,42,34,0,1,0,0,0,0,0,1,0,0,0,0,0,0,0,0,0,1,0,0,0,0,0,1,0,4,0
22077,38,0,6,34,0,6,42,34,0,1,0,0,0,0,0,1,0,0,0,0,0,0,0,0,0,1,0,0,0,0,0,1,0,4,0
25391,17,0,10,11,0,6,25,10,0,3,0,0,0,2,0,2,0,0,0,0,0,0,0,0,0,2,0,1,0,0,0,1,0,4,0
103086,408,0,16,408,0,16,422,390,0,7,0,0,0,6,0,3,0,0,0,0,0,0,0,0,0,7,0,2,0,0,0,3,0,4,1
102886,17,0,10,17,0,10,25,10,0,3,0,0,0,2,0,2,0,0,0,0,0,0,0,0,0,2,0,1,0,0,0,1,0,4,1
24255,1,0,0,1,0,0,0,0,0,0,0,0,0,0,0,0,0,0,0,0,0,0,0,0,0,0,0,0,0,0,0,0,0,0,0
22147,20,0,8,11,0,6,26,13,0,2,0,0,0,2,0,1,0,0,0,0,0,0,0,0,0,2,0,1,0,0,0,1,0,4,0
103053,4,0,0,4,0,0,2,2,0,0,0,0,0,0,0,0,0,0,0,0,0,0,0,0,0,0,0,0,0,0,0,0,0,0,1
102680,2,0,2,2,0,2,2,0,0,0,0,0,0,0,0,1,0,0,0,0,0,0,0,0,0,0,0,0,0,0,0,1,0,0,1
20539,44,0,37,14,0,26,79,33,0,5,0,0,0,3,0,3,0,0,0,0,0,0,0,0,0,4,0,1,0,0,0,2,0,28,0
103467,82,0,8,82,0,8,88,76,0,2,0,0,0,1,0,1,0,0,0,0,0,0,0,0,0,2,0,0,0,0,0,1,0,5,1
102155,3,0,0,3,0,0,1,1,0,0,0,0,0,0,0,0,0,0,0,0,0,0,0,0,0,0,0,0,0,0,0,0,0,0,1
17550,3,0,3,1,0,1,4,1,0,1,0,0,0,0,0,1,0,0,0,0,0,0,0,0,0,0,0,0,0,0,0,0,0,1,0
103611,1,0,0,1,0,0,0,0,0,0,0,0,0,0,0,0,0,0,0,0,0,0,0,0,0,0,0,0,0,0,0,0,0,0,1
102783,17,0,10,17,0,10,25,10,0,3,0,0,0,2,0,2,0,0,0,0,0,0,0,0,0,2,0,1,0,0,0,1,0,4,1
102755,11,0,2,11,0,2,11,9,0,1,0,0,0,0,0,1,0,0,0,0,0,0,0,0,0,0,0,0,0,0,0,0,0,0,1
25115,11,0,3,9,0,3,12,7,0,1,0,0,0,0,0,1,0,0,0,0,0,0,0,0,0,1,0,0,0,0,0,1,0,1,0
24415,38,0,6,33,0,6,42,34,0,1,0,0,0,0,0,1,0,0,0,0,0,0,0,0,0,1,0,0,0,0,0,1,0,4,0
103214,17,0,10,17,0,10,25,10,0,3,0,0,0,2,0,2,0,0,0,0,0,0,0,0,0,2,0,1,0,0,0,1,0,4,1
13707,17,0,10,17,0,10,25,10,0,3,0,0,0,2,0,2,0,0,0,0,0,0,0,0,0,2,0,1,0,0,0,1,0,4,0
103045,1,0,0,1,0,0,0,0,0,0,0,0,0,0,0,0,0,0,0,0,0,0,0,0,0,0,0,0,0,0,0,0,0,0,1
25354,8,0,6,5,0,6,12,4,0,1,0,0,0,0,0,1,0,0,0,0,0,0,0,0,0,1,0,0,0,0,0,1,0,4,0
102769,38,0,31,38,0,31,67,27,0,5,0,0,0,3,0,3,0,0,0,0,0,0,0,0,0,4,0,1,0,0,0,2,0,22,1
17043,29,0,14,25,0,11,41,25,0,2,0,0,0,0,0,1,0,0,0,0,0,0,0,0,0,1,0,0,0,0,0,1,0,11,0
103548,37,0,31,37,0,31,66,26,0,5,0,0,0,3,0,3,0,0,0,0,0,0,0,0,0,4,0,1,0,0,0,2,0,22,1
103582,162,0,2,162,0,2,162,157,0,1,0,0,0,2,0,0,0,0,0,0,0,0,0,0,0,1,0,1,0,0,0,0,0,0,1
102689,17,0,10,17,0,10,25,10,0,3,0,0,0,2,0,2,0,0,0,0,0,0,0,0,0,2,0,1,0,0,0,1,0,4,1
102494,39,0,33,39,0,33,70,28,0,5,0,0,0,3,0,3,0,0,0,0,0,0,0,0,0,4,0,1,0,0,0,2,0,24,1
103487,17,0,10,17,0,10,25,10,0,3,0,0,0,2,0,2,0,0,0,0,0,0,0,0,0,2,0,1,0,0,0,1,0,4,1
102969,41,0,35,41,0,35,74,30,0,5,0,0,0,3,0,3,0,0,0,0,0,0,0,0,0,4,0,1,0,0,0,2,0,26,1
103048,17,0,10,17,0,10,25,10,0,3,0,0,0,2,0,2,0,0,0,0,0,0,0,0,0,2,0,1,0,0,0,1,0,4,1
103647,17,0,10,17,0,10,25,10,0,3,0,0,0,2,0,2,0,0,0,0,0,0,0,0,0,2,0,1,0,0,0,1,0,4,1
102731,1,0,0,1,0,0,0,0,0,0,0,0,0,0,0,0,0,0,0,0,0,0,0,0,0,0,0,0,0,0,0,0,0,0,1
22163,17,0,10,11,0,6,25,10,0,3,0,0,0,2,0,2,0,0,0,0,0,0,0,0,0,2,0,1,0,0,0,1,0,4,0
103408,38,0,25,38,0,25,61,32,0,2,0,0,0,0,0,2,0,0,0,0,0,0,0,0,0,2,0,0,0,0,0,2,0,21,1
102781,17,0,10,17,0,10,25,10,0,3,0,0,0,2,0,2,0,0,0,0,0,0,0,0,0,2,0,1,0,0,0,1,0,4,1
102910,1,0,0,1,0,0,0,0,0,0,0,0,0,0,0,0,0,0,0,0,0,0,0,0,0,0,0,0,0,0,0,0,0,0,1
102921,39,0,33,39,0,33,70,28,0,5,0,0,0,3,0,3,0,0,0,0,0,0,0,0,0,4,0,1,0,0,0,2,0,24,1
17725,66,0,7,61,0,4,71,61,0,1,0,0,0,1,0,1,0,0,0,0,0,0,0,0,0,1,0,1,0,0,0,1,0,4,0
103078,17,0,10,17,0,10,25,10,0,3,0,0,0,2,0,2,0,0,0,0,0,0,0,0,0,2,0,1,0,0,0,1,0,4,1
17192,6,0,5,2,0,3,9,2,0,1,0,0,0,0,0,1,0,0,0,0,0,0,0,0,0,1,0,0,0,0,0,1,0,3,0
103241,17,0,10,17,0,10,25,9,0,3,0,0,0,2,0,2,0,0,0,0,0,0,0,0,0,2,0,1,0,0,0,2,0,4,1
102888,16,0,10,16,0,10,24,9,0,3,0,0,0,2,0,2,0,0,0,0,0,0,0,0,0,2,0,1,0,0,0,1,0,4,1
102756,17,0,10,17,0,10,25,10,0,3,0,0,0,2,0,2,0,0,0,0,0,0,0,0,0,2,0,1,0,0,0,1,0,4,1
25408,17,0,10,11,0,6,25,10,0,3,0,0,0,2,0,2,0,0,0,0,0,0,0,0,0,2,0,1,0,0,0,1,0,4,0
25436,109,0,14,60,0,6,121,97,0,5,0,0,0,1,0,4,0,0,0,0,0,0,0,0,0,5,0,0,0,0,0,4,0,5,0
102822,16,0,10,16,0,10,24,9,0,3,0,0,0,2,0,2,0,0,0,0,0,0,0,0,0,2,0,1,0,0,0,1,0,4,1
102846,40,0,33,40,0,33,71,29,0,5,0,0,0,3,0,3,0,0,0,0,0,0,0,0,0,4,0,1,0,0,0,2,0,24,1
103931,31,0,19,31,0,19,48,27,0,1,0,0,0,0,0,1,0,0,0,0,0,0,0,0,0,1,0,0,0,0,0,1,0,17,1
102708,37,0,31,37,0,31,66,26,0,5,0,0,0,3,0,3,0,0,0,0,0,0,0,0,0,4,0,1,0,0,0,2,0,22,1
24937,17,0,10,10,0,6,25,9,0,3,0,0,0,2,0,2,0,0,0,0,0,0,0,0,0,2,0,1,0,0,0,2,0,4,0
24963,3,0,3,2,0,3,4,0,0,1,0,0,0,0,0,1,0,0,0,0,0,0,0,0,0,0,0,0,0,0,0,1,0,1,0
13653,17,0,10,17,0,10,25,10,0,3,0,0,0,2,0,2,0,0,0,0,0,0,0,0,0,2,0,1,0,0,0,1,0,4,0
22099,11,0,0,11,0,0,9,9,0,0,0,0,0,0,0,0,0,0,0,0,0,0,0,0,0,0,0,0,0,0,0,0,0,0,0
103229,100,0,40,100,0,40,138,93,0,3,0,0,0,1,0,2,0,0,0,0,0,0,0,0,0,2,0,0,0,0,0,2,0,35,1
923,75,0,0,75,0,0,73,73,0,0,0,0,0,0,0,0,0,0,0,0,0,0,0,0,0,0,0,0,0,0,0,0,0,0,0
102866,18,0,2,18,0,2,18,14,0,1,0,0,0,0,0,1,0,0,0,0,0,0,0,0,0,1,0,0,0,0,0,1,0,0,1
102693,17,0,10,17,0,10,25,10,0,3,0,0,0,2,0,2,0,0,0,0,0,0,0,0,0,2,0,1,0,0,0,1,0,4,1
22041,17,0,10,11,0,6,25,10,0,3,0,0,0,2,0,2,0,0,0,0,0,0,0,0,0,2,0,1,0,0,0,1,0,4,0
25342,38,0,6,33,0,6,42,34,0,1,0,0,0,0,0,1,0,0,0,0,0,0,0,0,0,1,0,0,0,0,0,1,0,4,0
24499,73,0,3,44,0,1,74,66,0,2,0,0,0,3,0,0,0,0,0,0,0,0,0,0,0,2,0,1,0,0,0,0,0,0,0
22145,17,0,10,11,0,6,25,10,0,3,0,0,0,2,0,2,0,0,0,0,0,0,0,0,0,2,0,1,0,0,0,1,0,4,0
13975,104,0,13,104,0,13,115,78,0,12,0,0,0,12,0,0,0,0,0,0,0,0,0,0,0,13,0,0,0,0,0,0,0,0,0
102731,17,0,10,17,0,10,25,10,0,3,0,0,0,2,0,2,0,0,0,0,0,0,0,0,0,2,0,1,0,0,0,1,0,4,1
102731,35,0,25,35,0,25,58,26,0,4,0,0,0,3,0,2,0,0,0,0,0,0,0,0,0,3,0,1,0,0,0,1,0,18,1
102734,17,0,10,17,0,10,25,10,0,3,0,0,0,2,0,2,0,0,0,0,0,0,0,0,0,2,0,1,0,0,0,1,0,4,1
103086,16,0,10,16,0,10,24,9,0,3,0,0,0,2,0,2,0,0,0,0,0,0,0,0,0,2,0,1,0,0,0,1,0,4,1
103056,39,0,33,39,0,33,70,28,0,5,0,0,0,3,0,3,0,0,0,0,0,0,0,0,0,4,0,1,0,0,0,2,0,24,1
13843,5,0,3,5,0,3,6,1,0,1,0,0,0,0,0,1,0,0,0,0,0,0,0,0,0,1,0,0,0,0,0,1,0,1,0
102808,288,0,50,288,0,50,336,230,0,24,0,0,0,24,0,8,0,0,0,0,0,0,0,0,0,24,0,8,0,0,0,8,0,10,1
102230,17,0,10,17,0,10,25,10,0,3,0,0,0,2,0,2,0,0,0,0,0,0,0,0,0,2,0,1,0,0,0,1,0,4,1
102739,16,0,10,16,0,10,24,9,0,3,0,0,0,2,0,2,0,0,0,0,0,0,0,0,0,2,0,1,0,0,0,1,0,4,1
103122,1,0,0,1,0,0,0,0,0,0,0,0,0,0,0,0,0,0,0,0,0,0,0,0,0,0,0,0,0,0,0,0,0,0,1
102155,7,0,0,7,0,0,5,5,0,0,0,0,0,0,0,0,0,0,0,0,0,0,0,0,0,0,0,0,0,0,0,0,0,0,1
25326,12,0,6,7,0,6,16,8,0,1,0,0,0,0,0,1,0,0,0,0,0,0,0,0,0,1,0,0,0,0,0,1,0,4,0
102771,19,0,25,19,0,25,42,12,0,3,0,0,0,2,0,2,0,0,0,0,0,0,0,0,0,2,0,1,0,0,0,1,0,19,1
25089,17,0,10,11,0,6,25,10,0,3,0,0,0,2,0,2,0,0,0,0,0,0,0,0,0,2,0,1,0,0,0,1,0,4,0
103058,40,0,33,40,0,33,71,29,0,5,0,0,0,3,0,3,0,0,0,0,0,0,0,0,0,4,0,1,0,0,0,2,0,24,1
25038,3,0,3,2,0,3,4,0,0,1,0,0,0,0,0,1,0,0,0,0,0,0,0,0,0,0,0,0,0,0,0,1,0,1,0
103386,17,0,10,17,0,10,25,10,0,3,0,0,0,2,0,2,0,0,0,0,0,0,0,0,0,2,0,1,0,0,0,1,0,4,1
102605,10,0,6,10,0,6,14,8,0,1,0,0,0,0,0,1,0,0,0,0,0,0,0,0,0,0,0,0,0,0,0,0,0,4,1
13910,112,0,23,112,0,23,133,103,0,4,0,0,0,0,0,4,0,0,0,0,0,0,0,0,0,3,0,0,0,0,0,4,0,15,0
17494,6,0,6,3,0,4,10,3,0,1,0,0,0,0,0,1,0,0,0,0,0,0,0,0,0,0,0,0,0,0,0,1,0,4,0
103949,37,0,9,37,0,9,44,29,0,3,0,0,0,3,0,1,0,0,0,0,0,0,0,0,0,2,0,1,0,0,0,1,0,4,1
22136,16,0,10,10,0,6,24,9,0,3,0,0,0,2,0,2,0,0,0,0,0,0,0,0,0,2,0,1,0,0,0,1,0,4,0
24324,5,0,0,5,0,0,3,3,0,0,0,0,0,0,0,0,0,0,0,0,0,0,0,0,0,0,0,0,0,0,0,0,0,0,0
102625,17,0,10,17,0,10,25,9,0,3,0,0,0,2,0,2,0,0,0,0,0,0,0,0,0,2,0,1,0,0,0,2,0,4,1
103878,40,0,33,40,0,33,71,29,0,5,0,0,0,3,0,3,0,0,0,0,0,0,0,0,0,4,0,1,0,0,0,2,0,24,1
13741,14,0,4,14,0,4,16,10,0,1,0,0,0,0,0,1,0,0,0,0,0,0,0,0,0,1,0,0,0,0,0,1,0,2,0
102203,16,0,10,16,0,10,24,9,0,3,0,0,0,2,0,2,0,0,0,0,0,0,0,0,0,2,0,1,0,0,0,1,0,4,1
17592,20,0,7,15,0,4,25,15,0,1,0,0,0,1,0,1,0,0,0,0,0,0,0,0,0,1,0,1,0,0,0,1,0,4,0
17333,20,0,7,15,0,4,25,15,0,1,0,0,0,1,0,1,0,0,0,0,0,0,0,0,0,1,0,1,0,0,0,1,0,4,0
20564,101,0,11,41,0,3,110,88,0,6,0,0,0,2,0,4,0,0,0,0,0,0,0,0,0,5,0,0,0,0,0,4,0,1,0
13623,273254,0,0,273254,0,0,273252,273252,0,0,0,0,0,0,0,0,0,0,0,0,0,0,0,0,0,0,0,0,0,0,0,0,0,0,0
102696,17,0,10,17,0,10,25,10,0,3,0,0,0,2,0,2,0,0,0,0,0,0,0,0,0,2,0,1,0,0,0,1,0,4,1
20684,1,0,1,1,0,1,0,0,0,0,0,0,0,0,0,0,0,0,0,0,0,0,0,0,0,0,0,0,0,0,0,0,0,0,0
102404,1,0,0,1,0,0,0,0,0,0,0,0,0,0,0,0,0,0,0,0,0,0,0,0,0,0,0,0,0,0,0,0,0,0,1
22063,40,0,33,12,0,22,71,29,0,5,0,0,0,3,0,3,0,0,0,0,0,0,0,0,0,4,0,1,0,0,0,2,0,24,0
102736,1,0,0,1,0,0,0,0,0,0,0,0,0,0,0,0,0,0,0,0,0,0,0,0,0,0,0,0,0,0,0,0,0,0,1
24996,11,0,3,9,0,3,12,7,0,1,0,0,0,0,0,1,0,0,0,0,0,0,0,0,0,1,0,0,0,0,0,1,0,1,0
103219,1,0,0,1,0,0,0,0,0,0,0,0,0,0,0,0,0,0,0,0,0,0,0,0,0,0,0,0,0,0,0,0,0,0,1
103142,1,0,0,1,0,0,0,0,0,0,0,0,0,0,0,0,0,0,0,0,0,0,0,0,0,0,0,0,0,0,0,0,0,0,1
103077,37,0,31,37,0,31,66,26,0,4,0,0,0,3,0,3,0,0,0,0,0,0,0,0,0,4,0,1,0,0,0,3,0,22,1
25101,17,0,10,11,0,6,25,10,0,3,0,0,0,2,0,2,0,0,0,0,0,0,0,0,0,2,0,1,0,0,0,1,0,4,0
17145,20,0,7,15,0,4,25,15,0,1,0,0,0,1,0,1,0,0,0,0,0,0,0,0,0,1,0,1,0,0,0,1,0,4,0
103079,128,0,48,128,0,48,174,112,0,7,0,0,0,3,0,4,0,0,0,0,0,0,0,0,0,8,0,0,0,0,0,5,0,35,1
102792,38,0,31,38,0,31,67,27,0,5,0,0,0,3,0,3,0,0,0,0,0,0,0,0,0,4,0,1,0,0,0,2,0,22,1
550,46,0,0,46,0,0,44,44,0,0,0,0,0,0,0,0,0,0,0,0,0,0,0,0,0,0,0,0,0,0,0,0,0,0,0
102648,16,0,10,16,0,10,24,9,0,3,0,0,0,2,0,2,0,0,0,0,0,0,0,0,0,2,0,1,0,0,0,1,0,4,1
17259,157,0,23,145,0,15,178,145,0,5,0,0,0,2,0,3,0,0,0,0,0,0,0,0,0,5,0,0,0,0,0,3,0,15,0
103221,4,0,1,4,0,1,3,1,0,1,0,0,0,1,0,0,0,0,0,0,0,0,0,0,0,0,0,0,0,0,0,0,0,0,1
102604,17,0,10,17,0,10,25,10,0,3,0,0,0,2,0,2,0,0,0,0,0,0,0,0,0,2,0,1,0,0,0,1,0,4,1
102697,145,0,27,145,0,27,170,134,0,4,0,0,0,4,0,1,0,0,0,0,0,0,0,0,0,4,0,1,0,0,0,1,0,21,1
17723,20,0,7,15,0,4,25,15,0,1,0,0,0,1,0,1,0,0,0,0,0,0,0,0,0,1,0,1,0,0,0,1,0,4,0
103812,63,0,10,63,0,10,71,57,0,3,0,0,0,0,0,3,0,0,0,0,0,0,0,0,0,2,0,0,0,0,0,2,0,4,1
20535,5,0,0,5,0,0,3,3,0,0,0,0,0,0,0,0,0,0,0,0,0,0,0,0,0,0,0,0,0,0,0,0,0,0,0
103914,8,0,4,8,0,4,10,2,0,3,0,0,0,2,0,1,0,0,0,0,0,0,0,0,0,2,0,0,0,0,0,0,0,0,1
102912,17,0,10,17,0,10,25,10,0,3,0,0,0,2,0,2,0,0,0,0,0,0,0,0,0,2,0,1,0,0,0,1,0,4,1
103134,1,0,0,1,0,0,0,0,0,0,0,0,0,0,0,0,0,0,0,0,0,0,0,0,0,0,0,0,0,0,0,0,0,0,1
102553,1,0,0,1,0,0,0,0,0,0,0,0,0,0,0,0,0,0,0,0,0,0,0,0,0,0,0,0,0,0,0,0,0,0,1
20723,4,0,22,3,0,20,24,1,0,1,0,0,0,0,0,2,0,0,0,0,0,0,0,0,0,1,0,0,0,0,0,1,0,18,0
102722,38,0,31,38,0,31,67,27,0,5,0,0,0,3,0,3,0,0,0,0,0,0,0,0,0,4,0,1,0,0,0,2,0,22,1
102721,1,0,0,1,0,0,0,0,0,0,0,0,0,0,0,0,0,0,0,0,0,0,0,0,0,0,0,0,0,0,0,0,0,0,1
102509,1,0,1,1,0,1,0,0,0,0,0,0,0,0,0,0,0,0,0,0,0,0,0,0,0,0,0,0,0,0,0,0,0,0,1
103964,17,0,10,17,0,10,25,9,0,3,0,0,0,2,0,2,0,0,0,0,0,0,0,0,0,2,0,1,0,0,0,2,0,4,1
20632,11,0,6,11,0,6,15,9,0,1,0,0,0,0,0,1,0,0,0,0,0,0,0,0,0,0,0,0,0,0,0,0,0,4,0
102666,989593,0,0,989593,0,0,989591,989591,0,0,0,0,0,0,0,0,0,0,0,0,0,0,0,0,0,0,0,0,0,0,0,0,0,0,1
7179,12,0,0,10,0,0,10,10,0,0,0,0,0,0,0,0,0,0,0,0,0,0,0,0,0,0,0,0,0,0,0,0,0,0,0
102216,4,0,22,4,0,22,24,1,0,1,0,0,0,0,0,2,0,0,0,0,0,0,0,0,0,1,0,0,0,0,0,1,0,18,1
102015,17,0,10,17,0,10,25,10,0,3,0,0,0,2,0,2,0,0,0,0,0,0,0,0,0,2,0,1,0,0,0,1,0,4,1
102637,38,0,31,38,0,31,67,27,0,5,0,0,0,3,0,3,0,0,0,0,0,0,0,0,0,4,0,1,0,0,0,2,0,22,1
24301,1,0,0,1,0,0,0,0,0,0,0,0,0,0,0,0,0,0,0,0,0,0,0,0,0,0,0,0,0,0,0,0,0,0,0
103616,17,0,10,17,0,10,25,10,0,3,0,0,0,2,0,2,0,0,0,0,0,0,0,0,0,2,0,1,0,0,0,1,0,4,1
103093,17,0,10,17,0,10,25,10,0,3,0,0,0,2,0,2,0,0,0,0,0,0,0,0,0,2,0,1,0,0,0,1,0,4,1
103018,2,0,3,2,0,3,3,0,0,1,0,0,0,0,0,1,0,0,0,0,0,0,0,0,0,0,0,0,0,0,0,0,0,1,1
24946,4,0,3,4,0,3,5,2,0,1,0,0,0,0,0,1,0,0,0,0,0,0,0,0,0,0,0,0,0,0,0,0,0,1,0
102745,16,0,10,16,0,10,24,9,0,3,0,0,0,2,0,2,0,0,0,0,0,0,0,0,0,2,0,1,0,0,0,1,0,4,1
102673,17,0,10,17,0,10,25,10,0,3,0,0,0,2,0,2,0,0,0,0,0,0,0,0,0,2,0,1,0,0,0,1,0,4,1
14056,3,0,2,3,0,2,3,0,0,0,0,0,0,2,0,0,0,0,0,0,0,0,0,0,0,0,0,1,0,0,0,0,0,0,0
1442,67,0,0,67,0,0,65,65,0,0,0,0,0,0,0,0,0,0,0,0,0,0,0,0,0,0,0,0,0,0,0,0,0,0,0
102560,21,0,2,21,0,2,21,17,0,1,0,0,0,0,0,1,0,0,0,0,0,0,0,0,0,1,0,0,0,0,0,1,0,0,1
103872,1,0,0,1,0,0,0,0,0,0,0,0,0,0,0,0,0,0,0,0,0,0,0,0,0,0,0,0,0,0,0,0,0,0,1
24537,5,0,0,5,0,0,3,3,0,0,0,0,0,0,0,0,0,0,0,0,0,0,0,0,0,0,0,0,0,0,0,0,0,0,0
103040,16,0,10,16,0,10,24,9,0,3,0,0,0,2,0,2,0,0,0,0,0,0,0,0,0,2,0,1,0,0,0,1,0,4,1
102861,5,0,22,5,0,22,25,1,0,2,0,0,0,0,0,2,0,0,0,0,0,0,0,0,0,1,0,0,0,0,0,1,0,18,1
17458,5,0,3,3,0,1,6,3,0,1,0,0,0,0,0,1,0,0,0,0,0,0,0,0,0,0,0,0,0,0,0,0,0,1,0
102787,16,0,9,16,0,9,23,9,0,3,0,0,0,2,0,1,0,0,0,0,0,0,0,0,0,2,0,1,0,0,0,1,0,4,1
24945,1,0,0,1,0,0,0,0,0,0,0,0,0,0,0,0,0,0,0,0,0,0,0,0,0,0,0,0,0,0,0,0,0,0,0
17205,4,0,0,2,0,0,2,2,0,0,0,0,0,0,0,0,0,0,0,0,0,0,0,0,0,0,0,0,0,0,0,0,0,0,0
102471,1,0,0,1,0,0,0,0,0,0,0,0,0,0,0,0,0,0,0,0,0,0,0,0,0,0,0,0,0,0,0,0,0,0,1
17258,10,0,0,8,0,0,8,8,0,0,0,0,0,0,0,0,0,0,0,0,0,0,0,0,0,0,0,0,0,0,0,0,0,0,0
20774,6,0,0,6,0,0,4,4,0,0,0,0,0,0,0,0,0,0,0,0,0,0,0,0,0,0,0,0,0,0,0,0,0,0,0
102824,1,0,0,1,0,0,0,0,0,0,0,0,0,0,0,0,0,0,0,0,0,0,0,0,0,0,0,0,0,0,0,0,0,0,1
24259,38,0,6,33,0,6,42,34,0,1,0,0,0,0,0,1,0,0,0,0,0,0,0,0,0,1,0,0,0,0,0,1,0,4,0
102766,17,0,10,17,0,10,25,10,0,3,0,0,0,2,0,2,0,0,0,0,0,0,0,0,0,2,0,1,0,0,0,1,0,4,1
17675,3,0,0,1,0,0,1,1,0,0,0,0,0,0,0,0,0,0,0,0,0,0,0,0,0,0,0,0,0,0,0,0,0,0,0
17273,4,0,1,1,0,1,3,0,0,1,0,0,0,1,0,0,0,0,0,0,0,0,0,0,0,1,0,0,0,0,0,0,0,0,0
103483,17,0,10,17,0,10,25,9,0,3,0,0,0,2,0,2,0,0,0,0,0,0,0,0,0,2,0,1,0,0,0,2,0,4,1
103240,17,0,10,17,0,10,25,10,0,3,0,0,0,2,0,2,0,0,0,0,0,0,0,0,0,2,0,1,0,0,0,1,0,4,1
102704,2,0,1,2,0,1,1,0,0,1,0,0,0,0,0,0,0,0,0,0,0,0,0,0,0,0,0,0,0,0,0,0,0,0,1
13929,38,0,31,38,0,31,67,27,0,5,0,0,0,3,0,3,0,0,0,0,0,0,0,0,0,4,0,1,0,0,0,2,0,22,0
102733,17,0,10,17,0,10,25,10,0,3,0,0,0,2,0,2,0,0,0,0,0,0,0,0,0,2,0,1,0,0,0,1,0,4,1
25345,25,0,6,20,0,6,29,21,0,1,0,0,0,0,0,1,0,0,0,0,0,0,0,0,0,1,0,0,0,0,0,1,0,4,0
102180,17,0,10,17,0,10,25,10,0,3,0,0,0,2,0,2,0,0,0,0,0,0,0,0,0,2,0,1,0,0,0,1,0,4,1
13632,6,0,5,6,0,5,9,2,0,1,0,0,0,0,0,1,0,0,0,0,0,0,0,0,0,1,0,0,0,0,0,1,0,3,0
103418,2,0,3,2,0,3,3,0,0,1,0,0,0,0,0,1,0,0,0,0,0,0,0,0,0,0,0,0,0,0,0,0,0,1,1
25364,3,0,3,2,0,3,4,0,0,1,0,0,0,0,0,1,0,0,0,0,0,0,0,0,0,0,0,0,0,0,0,1,0,1,0
17232,20,0,7,15,0,4,25,15,0,1,0,0,0,1,0,1,0,0,0,0,0,0,0,0,0,1,0,1,0,0,0,1,0,4,0
24544,38,0,6,33,0,6,42,34,0,1,0,0,0,0,0,1,0,0,0,0,0,0,0,0,0,1,0,0,0,0,0,1,0,4,0
102918,1,0,0,1,0,0,0,0,0,0,0,0,0,0,0,0,0,0,0,0,0,0,0,0,0,0,0,0,0,0,0,0,0,0,1
102581,21,0,2,21,0,2,21,17,0,1,0,0,0,0,0,1,0,0,0,0,0,0,0,0,0,1,0,0,0,0,0,1,0,0,1
103753,13,0,8,13,0,8,19,9,0,1,0,0,0,0,0,1,0,0,0,0,0,0,0,0,0,1,0,0,0,0,0,1,0,6,1
20593,3,0,0,3,0,0,1,1,0,0,0,0,0,0,0,0,0,0,0,0,0,0,0,0,0,0,0,0,0,0,0,0,0,0,0
102514,17,0,10,17,0,10,25,9,0,3,0,0,0,2,0,2,0,0,0,0,0,0,0,0,0,2,0,1,0,0,0,2,0,4,1
102529,4,0,0,4,0,0,2,2,0,0,0,0,0,0,0,0,0,0,0,0,0,0,0,0,0,0,0,0,0,0,0,0,0,0,1
103232,1,0,0,1,0,0,0,0,0,0,0,0,0,0,0,0,0,0,0,0,0,0,0,0,0,0,0,0,0,0,0,0,0,0,1
20639,5,0,3,5,0,3,6,3,0,1,0,0,0,0,0,1,0,0,0,0,0,0,0,0,0,0,0,0,0,0,0,0,0,1,0
103361,17,0,10,17,0,10,25,10,0,3,0,0,0,2,0,2,0,0,0,0,0,0,0,0,0,2,0,1,0,0,0,1,0,4,1
102595,38,0,31,38,0,31,67,27,0,5,0,0,0,3,0,3,0,0,0,0,0,0,0,0,0,4,0,1,0,0,0,2,0,22,1
24256,1,0,0,1,0,0,0,0,0,0,0,0,0,0,0,0,0,0,0,0,0,0,0,0,0,0,0,0,0,0,0,0,0,0,0
103208,17,0,10,17,0,10,25,10,0,3,0,0,0,2,0,2,0,0,0,0,0,0,0,0,0,2,0,1,0,0,0,1,0,4,1
1611,268,0,0,268,0,0,266,266,0,0,0,0,0,0,0,0,0,0,0,0,0,0,0,0,0,0,0,0,0,0,0,0,0,0,0
103846,5,0,3,5,0,3,6,3,0,1,0,0,0,0,0,1,0,0,0,0,0,0,0,0,0,1,0,0,0,0,0,0,0,0,1
22049,38,0,6,33,0,6,42,34,0,1,0,0,0,0,0,1,0,0,0,0,0,0,0,0,0,1,0,0,0,0,0,1,0,4,0
102833,1,0,0,1,0,0,0,0,0,0,0,0,0,0,0,0,0,0,0,0,0,0,0,0,0,0,0,0,0,0,0,0,0,0,1
17445,20,0,7,15,0,4,25,15,0,1,0,0,0,1,0,1,0,0,0,0,0,0,0,0,0,1,0,1,0,0,0,1,0,4,0
103052,1,0,0,1,0,0,0,0,0,0,0,0,0,0,0,0,0,0,0,0,0,0,0,0,0,0,0,0,0,0,0,0,0,0,1
102526,38,0,31,38,0,31,67,27,0,5,0,0,0,3,0,3,0,0,0,0,0,0,0,0,0,4,0,1,0,0,0,2,0,22,1
102649,1,0,0,1,0,0,0,0,0,0,0,0,0,0,0,0,0,0,0,0,0,0,0,0,0,0,0,0,0,0,0,0,0,0,1
102548,4,0,0,4,0,0,2,2,0,0,0,0,0,0,0,0,0,0,0,0,0,0,0,0,0,0,0,0,0,0,0,0,0,0,1
17565,21,0,0,19,0,0,19,19,0,0,0,0,0,0,0,0,0,0,0,0,0,0,0,0,0,0,0,0,0,0,0,0,0,0,0
102802,16,0,10,16,0,10,24,9,0,3,0,0,0,2,0,2,0,0,0,0,0,0,0,0,0,2,0,1,0,0,0,1,0,4,1
102937,1,0,0,1,0,0,0,0,0,0,0,0,0,0,0,0,0,0,0,0,0,0,0,0,0,0,0,0,0,0,0,0,0,0,1
103019,519,0,3,519,0,3,520,515,0,1,0,0,0,0,0,1,0,0,0,0,0,0,0,0,0,1,0,0,0,0,0,1,0,1,1
102759,2,0,1,2,0,1,1,0,0,1,0,0,0,0,0,0,0,0,0,0,0,0,0,0,0,0,0,0,0,0,0,0,0,0,1
103074,17,0,10,17,0,10,25,10,0,3,0,0,0,2,0,2,0,0,0,0,0,0,0,0,0,2,0,1,0,0,0,1,0,4,1
